[2026-05-19 06:55:33] production.ERROR: foreach() argument must be of type array|object, null given {"view":{"view":"/home/kilauindonesia/homes/resources/views/LandingPageKilau/ourprogram.blade.php","data":{"errors":"<pre class=sf-dump id=sf-dump-1405592198 data-indent-pad=\"  \"><span class=sf-dump-note>Illuminate\\Support\\ViewErrorBag</span> {<a class=sf-dump-ref>#483</a><samp data-depth=1 class=sf-dump-expanded>
  #<span class=sf-dump-protected title=\"Protected property\">bags</span>: []
</samp>}
</pre><script>Sfdump(\"sf-dump-1405592198\", {\"maxDepth\":3,\"maxStringLength\":160})</script>
","testimonis":"<pre class=sf-dump id=sf-dump-1838061196 data-indent-pad=\"  \"><span class=sf-dump-note>Illuminate\\Database\\Eloquent\\Collection</span> {<a class=sf-dump-ref>#533</a><samp data-depth=1 class=sf-dump-expanded>
  #<span class=sf-dump-protected title=\"Protected property\">items</span>: <span class=sf-dump-note>array:31</span> [<samp data-depth=2 class=sf-dump-compact>
    <span class=sf-dump-index>0</span> => <span class=sf-dump-note title=\"App\\Models\\Testimoni
\"><span class=\"sf-dump-ellipsis sf-dump-ellipsis-note\">App\\Models</span><span class=\"sf-dump-ellipsis sf-dump-ellipsis-note\">\\</span>Testimoni</span> {<a class=sf-dump-ref>#535</a><samp data-depth=3 class=sf-dump-compact>
      #<span class=sf-dump-protected title=\"Protected property\">connection</span>: \"<span class=sf-dump-str title=\"5 characters\">mysql</span>\"
      #<span class=sf-dump-protected title=\"Protected property\">table</span>: \"<span class=sf-dump-str title=\"9 characters\">testimoni</span>\"
      #<span class=sf-dump-protected title=\"Protected property\">primaryKey</span>: \"<span class=sf-dump-str title=\"2 characters\">id</span>\"
      #<span class=sf-dump-protected title=\"Protected property\">keyType</span>: \"<span class=sf-dump-str title=\"3 characters\">int</span>\"
      +<span class=sf-dump-public title=\"Public property\">incrementing</span>: <span class=sf-dump-const>true</span>
      #<span class=sf-dump-protected title=\"Protected property\">with</span>: []
      #<span class=sf-dump-protected title=\"Protected property\">withCount</span>: []
      +<span class=sf-dump-public title=\"Public property\">preventsLazyLoading</span>: <span class=sf-dump-const>false</span>
      #<span class=sf-dump-protected title=\"Protected property\">perPage</span>: <span class=sf-dump-num>15</span>
      +<span class=sf-dump-public title=\"Public property\">exists</span>: <span class=sf-dump-const>true</span>
      +<span class=sf-dump-public title=\"Public property\">wasRecentlyCreated</span>: <span class=sf-dump-const>false</span>
      #<span class=sf-dump-protected title=\"Protected property\">escapeWhenCastingToString</span>: <span class=sf-dump-const>false</span>
      #<span class=sf-dump-protected title=\"Protected property\">attributes</span>: <span class=sf-dump-note>array:11</span> [ &#8230;11]
      #<span class=sf-dump-protected title=\"Protected property\">original</span>: <span class=sf-dump-note>array:11</span> [ &#8230;11]
      #<span class=sf-dump-protected title=\"Protected property\">changes</span>: []
      #<span class=sf-dump-protected title=\"Protected property\">casts</span>: []
      #<span class=sf-dump-protected title=\"Protected property\">classCastCache</span>: []
      #<span class=sf-dump-protected title=\"Protected property\">attributeCastCache</span>: []
      #<span class=sf-dump-protected title=\"Protected property\">dateFormat</span>: <span class=sf-dump-const>null</span>
      #<span class=sf-dump-protected title=\"Protected property\">appends</span>: []
      #<span class=sf-dump-protected title=\"Protected property\">dispatchesEvents</span>: []
      #<span class=sf-dump-protected title=\"Protected property\">observables</span>: []
      #<span class=sf-dump-protected title=\"Protected property\">relations</span>: []
      #<span class=sf-dump-protected title=\"Protected property\">touches</span>: []
      +<span class=sf-dump-public title=\"Public property\">timestamps</span>: <span class=sf-dump-const>true</span>
      +<span class=sf-dump-public title=\"Public property\">usesUniqueIds</span>: <span class=sf-dump-const>false</span>
      #<span class=sf-dump-protected title=\"Protected property\">hidden</span>: []
      #<span class=sf-dump-protected title=\"Protected property\">visible</span>: []
      #<span class=sf-dump-protected title=\"Protected property\">fillable</span>: <span class=sf-dump-note>array:6</span> [ &#8230;6]
      #<span class=sf-dump-protected title=\"Protected property\">guarded</span>: <span class=sf-dump-note>array:1</span> [ &#8230;1]
    </samp>}
    <span class=sf-dump-index>1</span> => <span class=sf-dump-note title=\"App\\Models\\Testimoni
\"><span class=\"sf-dump-ellipsis sf-dump-ellipsis-note\">App\\Models</span><span class=\"sf-dump-ellipsis sf-dump-ellipsis-note\">\\</span>Testimoni</span> {<a class=sf-dump-ref>#536</a><samp data-depth=3 class=sf-dump-compact>
      #<span class=sf-dump-protected title=\"Protected property\">connection</span>: \"<span class=sf-dump-str title=\"5 characters\">mysql</span>\"
      #<span class=sf-dump-protected title=\"Protected property\">table</span>: \"<span class=sf-dump-str title=\"9 characters\">testimoni</span>\"
      #<span class=sf-dump-protected title=\"Protected property\">primaryKey</span>: \"<span class=sf-dump-str title=\"2 characters\">id</span>\"
      #<span class=sf-dump-protected title=\"Protected property\">keyType</span>: \"<span class=sf-dump-str title=\"3 characters\">int</span>\"
      +<span class=sf-dump-public title=\"Public property\">incrementing</span>: <span class=sf-dump-const>true</span>
      #<span class=sf-dump-protected title=\"Protected property\">with</span>: []
      #<span class=sf-dump-protected title=\"Protected property\">withCount</span>: []
      +<span class=sf-dump-public title=\"Public property\">preventsLazyLoading</span>: <span class=sf-dump-const>false</span>
      #<span class=sf-dump-protected title=\"Protected property\">perPage</span>: <span class=sf-dump-num>15</span>
      +<span class=sf-dump-public title=\"Public property\">exists</span>: <span class=sf-dump-const>true</span>
      +<span class=sf-dump-public title=\"Public property\">wasRecentlyCreated</span>: <span class=sf-dump-const>false</span>
      #<span class=sf-dump-protected title=\"Protected property\">escapeWhenCastingToString</span>: <span class=sf-dump-const>false</span>
      #<span class=sf-dump-protected title=\"Protected property\">attributes</span>: <span class=sf-dump-note>array:11</span> [ &#8230;11]
      #<span class=sf-dump-protected title=\"Protected property\">original</span>: <span class=sf-dump-note>array:11</span> [ &#8230;11]
      #<span class=sf-dump-protected title=\"Protected property\">changes</span>: []
      #<span class=sf-dump-protected title=\"Protected property\">casts</span>: []
      #<span class=sf-dump-protected title=\"Protected property\">classCastCache</span>: []
      #<span class=sf-dump-protected title=\"Protected property\">attributeCastCache</span>: []
      #<span class=sf-dump-protected title=\"Protected property\">dateFormat</span>: <span class=sf-dump-const>null</span>
      #<span class=sf-dump-protected title=\"Protected property\">appends</span>: []
      #<span class=sf-dump-protected title=\"Protected property\">dispatchesEvents</span>: []
      #<span class=sf-dump-protected title=\"Protected property\">observables</span>: []
      #<span class=sf-dump-protected title=\"Protected property\">relations</span>: []
      #<span class=sf-dump-protected title=\"Protected property\">touches</span>: []
      +<span class=sf-dump-public title=\"Public property\">timestamps</span>: <span class=sf-dump-const>true</span>
      +<span class=sf-dump-public title=\"Public property\">usesUniqueIds</span>: <span class=sf-dump-const>false</span>
      #<span class=sf-dump-protected title=\"Protected property\">hidden</span>: []
      #<span class=sf-dump-protected title=\"Protected property\">visible</span>: []
      #<span class=sf-dump-protected title=\"Protected property\">fillable</span>: <span class=sf-dump-note>array:6</span> [ &#8230;6]
      #<span class=sf-dump-protected title=\"Protected property\">guarded</span>: <span class=sf-dump-note>array:1</span> [ &#8230;1]
    </samp>}
    <span class=sf-dump-index>2</span> => <span class=sf-dump-note title=\"App\\Models\\Testimoni
\"><span class=\"sf-dump-ellipsis sf-dump-ellipsis-note\">App\\Models</span><span class=\"sf-dump-ellipsis sf-dump-ellipsis-note\">\\</span>Testimoni</span> {<a class=sf-dump-ref>#537</a><samp data-depth=3 class=sf-dump-compact>
      #<span class=sf-dump-protected title=\"Protected property\">connection</span>: \"<span class=sf-dump-str title=\"5 characters\">mysql</span>\"
      #<span class=sf-dump-protected title=\"Protected property\">table</span>: \"<span class=sf-dump-str title=\"9 characters\">testimoni</span>\"
      #<span class=sf-dump-protected title=\"Protected property\">primaryKey</span>: \"<span class=sf-dump-str title=\"2 characters\">id</span>\"
      #<span class=sf-dump-protected title=\"Protected property\">keyType</span>: \"<span class=sf-dump-str title=\"3 characters\">int</span>\"
      +<span class=sf-dump-public title=\"Public property\">incrementing</span>: <span class=sf-dump-const>true</span>
      #<span class=sf-dump-protected title=\"Protected property\">with</span>: []
      #<span class=sf-dump-protected title=\"Protected property\">withCount</span>: []
      +<span class=sf-dump-public title=\"Public property\">preventsLazyLoading</span>: <span class=sf-dump-const>false</span>
      #<span class=sf-dump-protected title=\"Protected property\">perPage</span>: <span class=sf-dump-num>15</span>
      +<span class=sf-dump-public title=\"Public property\">exists</span>: <span class=sf-dump-const>true</span>
      +<span class=sf-dump-public title=\"Public property\">wasRecentlyCreated</span>: <span class=sf-dump-const>false</span>
      #<span class=sf-dump-protected title=\"Protected property\">escapeWhenCastingToString</span>: <span class=sf-dump-const>false</span>
      #<span class=sf-dump-protected title=\"Protected property\">attributes</span>: <span class=sf-dump-note>array:11</span> [ &#8230;11]
      #<span class=sf-dump-protected title=\"Protected property\">original</span>: <span class=sf-dump-note>array:11</span> [ &#8230;11]
      #<span class=sf-dump-protected title=\"Protected property\">changes</span>: []
      #<span class=sf-dump-protected title=\"Protected property\">casts</span>: []
      #<span class=sf-dump-protected title=\"Protected property\">classCastCache</span>: []
      #<span class=sf-dump-protected title=\"Protected property\">attributeCastCache</span>: []
      #<span class=sf-dump-protected title=\"Protected property\">dateFormat</span>: <span class=sf-dump-const>null</span>
      #<span class=sf-dump-protected title=\"Protected property\">appends</span>: []
      #<span class=sf-dump-protected title=\"Protected property\">dispatchesEvents</span>: []
      #<span class=sf-dump-protected title=\"Protected property\">observables</span>: []
      #<span class=sf-dump-protected title=\"Protected property\">relations</span>: []
      #<span class=sf-dump-protected title=\"Protected property\">touches</span>: []
      +<span class=sf-dump-public title=\"Public property\">timestamps</span>: <span class=sf-dump-const>true</span>
      +<span class=sf-dump-public title=\"Public property\">usesUniqueIds</span>: <span class=sf-dump-const>false</span>
      #<span class=sf-dump-protected title=\"Protected property\">hidden</span>: []
      #<span class=sf-dump-protected title=\"Protected property\">visible</span>: []
      #<span class=sf-dump-protected title=\"Protected property\">fillable</span>: <span class=sf-dump-note>array:6</span> [ &#8230;6]
      #<span class=sf-dump-protected title=\"Protected property\">guarded</span>: <span class=sf-dump-note>array:1</span> [ &#8230;1]
    </samp>}
    <span class=sf-dump-index>3</span> => <span class=sf-dump-note title=\"App\\Models\\Testimoni
\"><span class=\"sf-dump-ellipsis sf-dump-ellipsis-note\">App\\Models</span><span class=\"sf-dump-ellipsis sf-dump-ellipsis-note\">\\</span>Testimoni</span> {<a class=sf-dump-ref>#538</a><samp data-depth=3 class=sf-dump-compact>
      #<span class=sf-dump-protected title=\"Protected property\">connection</span>: \"<span class=sf-dump-str title=\"5 characters\">mysql</span>\"
      #<span class=sf-dump-protected title=\"Protected property\">table</span>: \"<span class=sf-dump-str title=\"9 characters\">testimoni</span>\"
      #<span class=sf-dump-protected title=\"Protected property\">primaryKey</span>: \"<span class=sf-dump-str title=\"2 characters\">id</span>\"
      #<span class=sf-dump-protected title=\"Protected property\">keyType</span>: \"<span class=sf-dump-str title=\"3 characters\">int</span>\"
      +<span class=sf-dump-public title=\"Public property\">incrementing</span>: <span class=sf-dump-const>true</span>
      #<span class=sf-dump-protected title=\"Protected property\">with</span>: []
      #<span class=sf-dump-protected title=\"Protected property\">withCount</span>: []
      +<span class=sf-dump-public title=\"Public property\">preventsLazyLoading</span>: <span class=sf-dump-const>false</span>
      #<span class=sf-dump-protected title=\"Protected property\">perPage</span>: <span class=sf-dump-num>15</span>
      +<span class=sf-dump-public title=\"Public property\">exists</span>: <span class=sf-dump-const>true</span>
      +<span class=sf-dump-public title=\"Public property\">wasRecentlyCreated</span>: <span class=sf-dump-const>false</span>
      #<span class=sf-dump-protected title=\"Protected property\">escapeWhenCastingToString</span>: <span class=sf-dump-const>false</span>
      #<span class=sf-dump-protected title=\"Protected property\">attributes</span>: <span class=sf-dump-note>array:11</span> [ &#8230;11]
      #<span class=sf-dump-protected title=\"Protected property\">original</span>: <span class=sf-dump-note>array:11</span> [ &#8230;11]
      #<span class=sf-dump-protected title=\"Protected property\">changes</span>: []
      #<span class=sf-dump-protected title=\"Protected property\">casts</span>: []
      #<span class=sf-dump-protected title=\"Protected property\">classCastCache</span>: []
      #<span class=sf-dump-protected title=\"Protected property\">attributeCastCache</span>: []
      #<span class=sf-dump-protected title=\"Protected property\">dateFormat</span>: <span class=sf-dump-const>null</span>
      #<span class=sf-dump-protected title=\"Protected property\">appends</span>: []
      #<span class=sf-dump-protected title=\"Protected property\">dispatchesEvents</span>: []
      #<span class=sf-dump-protected title=\"Protected property\">observables</span>: []
      #<span class=sf-dump-protected title=\"Protected property\">relations</span>: []
      #<span class=sf-dump-protected title=\"Protected property\">touches</span>: []
      +<span class=sf-dump-public title=\"Public property\">timestamps</span>: <span class=sf-dump-const>true</span>
      +<span class=sf-dump-public title=\"Public property\">usesUniqueIds</span>: <span class=sf-dump-const>false</span>
      #<span class=sf-dump-protected title=\"Protected property\">hidden</span>: []
      #<span class=sf-dump-protected title=\"Protected property\">visible</span>: []
      #<span class=sf-dump-protected title=\"Protected property\">fillable</span>: <span class=sf-dump-note>array:6</span> [ &#8230;6]
      #<span class=sf-dump-protected title=\"Protected property\">guarded</span>: <span class=sf-dump-note>array:1</span> [ &#8230;1]
    </samp>}
    <span class=sf-dump-index>4</span> => <span class=sf-dump-note title=\"App\\Models\\Testimoni
\"><span class=\"sf-dump-ellipsis sf-dump-ellipsis-note\">App\\Models</span><span class=\"sf-dump-ellipsis sf-dump-ellipsis-note\">\\</span>Testimoni</span> {<a class=sf-dump-ref>#539</a><samp data-depth=3 class=sf-dump-compact>
      #<span class=sf-dump-protected title=\"Protected property\">connection</span>: \"<span class=sf-dump-str title=\"5 characters\">mysql</span>\"
      #<span class=sf-dump-protected title=\"Protected property\">table</span>: \"<span class=sf-dump-str title=\"9 characters\">testimoni</span>\"
      #<span class=sf-dump-protected title=\"Protected property\">primaryKey</span>: \"<span class=sf-dump-str title=\"2 characters\">id</span>\"
      #<span class=sf-dump-protected title=\"Protected property\">keyType</span>: \"<span class=sf-dump-str title=\"3 characters\">int</span>\"
      +<span class=sf-dump-public title=\"Public property\">incrementing</span>: <span class=sf-dump-const>true</span>
      #<span class=sf-dump-protected title=\"Protected property\">with</span>: []
      #<span class=sf-dump-protected title=\"Protected property\">withCount</span>: []
      +<span class=sf-dump-public title=\"Public property\">preventsLazyLoading</span>: <span class=sf-dump-const>false</span>
      #<span class=sf-dump-protected title=\"Protected property\">perPage</span>: <span class=sf-dump-num>15</span>
      +<span class=sf-dump-public title=\"Public property\">exists</span>: <span class=sf-dump-const>true</span>
      +<span class=sf-dump-public title=\"Public property\">wasRecentlyCreated</span>: <span class=sf-dump-const>false</span>
      #<span class=sf-dump-protected title=\"Protected property\">escapeWhenCastingToString</span>: <span class=sf-dump-const>false</span>
      #<span class=sf-dump-protected title=\"Protected property\">attributes</span>: <span class=sf-dump-note>array:11</span> [ &#8230;11]
      #<span class=sf-dump-protected title=\"Protected property\">original</span>: <span class=sf-dump-note>array:11</span> [ &#8230;11]
      #<span class=sf-dump-protected title=\"Protected property\">changes</span>: []
      #<span class=sf-dump-protected title=\"Protected property\">casts</span>: []
      #<span class=sf-dump-protected title=\"Protected property\">classCastCache</span>: []
      #<span class=sf-dump-protected title=\"Protected property\">attributeCastCache</span>: []
      #<span class=sf-dump-protected title=\"Protected property\">dateFormat</span>: <span class=sf-dump-const>null</span>
      #<span class=sf-dump-protected title=\"Protected property\">appends</span>: []
      #<span class=sf-dump-protected title=\"Protected property\">dispatchesEvents</span>: []
      #<span class=sf-dump-protected title=\"Protected property\">observables</span>: []
      #<span class=sf-dump-protected title=\"Protected property\">relations</span>: []
      #<span class=sf-dump-protected title=\"Protected property\">touches</span>: []
      +<span class=sf-dump-public title=\"Public property\">timestamps</span>: <span class=sf-dump-const>true</span>
      +<span class=sf-dump-public title=\"Public property\">usesUniqueIds</span>: <span class=sf-dump-const>false</span>
      #<span class=sf-dump-protected title=\"Protected property\">hidden</span>: []
      #<span class=sf-dump-protected title=\"Protected property\">visible</span>: []
      #<span class=sf-dump-protected title=\"Protected property\">fillable</span>: <span class=sf-dump-note>array:6</span> [ &#8230;6]
      #<span class=sf-dump-protected title=\"Protected property\">guarded</span>: <span class=sf-dump-note>array:1</span> [ &#8230;1]
    </samp>}
    <span class=sf-dump-index>5</span> => <span class=sf-dump-note title=\"App\\Models\\Testimoni
\"><span class=\"sf-dump-ellipsis sf-dump-ellipsis-note\">App\\Models</span><span class=\"sf-dump-ellipsis sf-dump-ellipsis-note\">\\</span>Testimoni</span> {<a class=sf-dump-ref>#540</a><samp data-depth=3 class=sf-dump-compact>
      #<span class=sf-dump-protected title=\"Protected property\">connection</span>: \"<span class=sf-dump-str title=\"5 characters\">mysql</span>\"
      #<span class=sf-dump-protected title=\"Protected property\">table</span>: \"<span class=sf-dump-str title=\"9 characters\">testimoni</span>\"
      #<span class=sf-dump-protected title=\"Protected property\">primaryKey</span>: \"<span class=sf-dump-str title=\"2 characters\">id</span>\"
      #<span class=sf-dump-protected title=\"Protected property\">keyType</span>: \"<span class=sf-dump-str title=\"3 characters\">int</span>\"
      +<span class=sf-dump-public title=\"Public property\">incrementing</span>: <span class=sf-dump-const>true</span>
      #<span class=sf-dump-protected title=\"Protected property\">with</span>: []
      #<span class=sf-dump-protected title=\"Protected property\">withCount</span>: []
      +<span class=sf-dump-public title=\"Public property\">preventsLazyLoading</span>: <span class=sf-dump-const>false</span>
      #<span class=sf-dump-protected title=\"Protected property\">perPage</span>: <span class=sf-dump-num>15</span>
      +<span class=sf-dump-public title=\"Public property\">exists</span>: <span class=sf-dump-const>true</span>
      +<span class=sf-dump-public title=\"Public property\">wasRecentlyCreated</span>: <span class=sf-dump-const>false</span>
      #<span class=sf-dump-protected title=\"Protected property\">escapeWhenCastingToString</span>: <span class=sf-dump-const>false</span>
      #<span class=sf-dump-protected title=\"Protected property\">attributes</span>: <span class=sf-dump-note>array:11</span> [ &#8230;11]
      #<span class=sf-dump-protected title=\"Protected property\">original</span>: <span class=sf-dump-note>array:11</span> [ &#8230;11]
      #<span class=sf-dump-protected title=\"Protected property\">changes</span>: []
      #<span class=sf-dump-protected title=\"Protected property\">casts</span>: []
      #<span class=sf-dump-protected title=\"Protected property\">classCastCache</span>: []
      #<span class=sf-dump-protected title=\"Protected property\">attributeCastCache</span>: []
      #<span class=sf-dump-protected title=\"Protected property\">dateFormat</span>: <span class=sf-dump-const>null</span>
      #<span class=sf-dump-protected title=\"Protected property\">appends</span>: []
      #<span class=sf-dump-protected title=\"Protected property\">dispatchesEvents</span>: []
      #<span class=sf-dump-protected title=\"Protected property\">observables</span>: []
      #<span class=sf-dump-protected title=\"Protected property\">relations</span>: []
      #<span class=sf-dump-protected title=\"Protected property\">touches</span>: []
      +<span class=sf-dump-public title=\"Public property\">timestamps</span>: <span class=sf-dump-const>true</span>
      +<span class=sf-dump-public title=\"Public property\">usesUniqueIds</span>: <span class=sf-dump-const>false</span>
      #<span class=sf-dump-protected title=\"Protected property\">hidden</span>: []
      #<span class=sf-dump-protected title=\"Protected property\">visible</span>: []
      #<span class=sf-dump-protected title=\"Protected property\">fillable</span>: <span class=sf-dump-note>array:6</span> [ &#8230;6]
      #<span class=sf-dump-protected title=\"Protected property\">guarded</span>: <span class=sf-dump-note>array:1</span> [ &#8230;1]
    </samp>}
    <span class=sf-dump-index>6</span> => <span class=sf-dump-note title=\"App\\Models\\Testimoni
\"><span class=\"sf-dump-ellipsis sf-dump-ellipsis-note\">App\\Models</span><span class=\"sf-dump-ellipsis sf-dump-ellipsis-note\">\\</span>Testimoni</span> {<a class=sf-dump-ref>#541</a><samp data-depth=3 class=sf-dump-compact>
      #<span class=sf-dump-protected title=\"Protected property\">connection</span>: \"<span class=sf-dump-str title=\"5 characters\">mysql</span>\"
      #<span class=sf-dump-protected title=\"Protected property\">table</span>: \"<span class=sf-dump-str title=\"9 characters\">testimoni</span>\"
      #<span class=sf-dump-protected title=\"Protected property\">primaryKey</span>: \"<span class=sf-dump-str title=\"2 characters\">id</span>\"
      #<span class=sf-dump-protected title=\"Protected property\">keyType</span>: \"<span class=sf-dump-str title=\"3 characters\">int</span>\"
      +<span class=sf-dump-public title=\"Public property\">incrementing</span>: <span class=sf-dump-const>true</span>
      #<span class=sf-dump-protected title=\"Protected property\">with</span>: []
      #<span class=sf-dump-protected title=\"Protected property\">withCount</span>: []
      +<span class=sf-dump-public title=\"Public property\">preventsLazyLoading</span>: <span class=sf-dump-const>false</span>
      #<span class=sf-dump-protected title=\"Protected property\">perPage</span>: <span class=sf-dump-num>15</span>
      +<span class=sf-dump-public title=\"Public property\">exists</span>: <span class=sf-dump-const>true</span>
      +<span class=sf-dump-public title=\"Public property\">wasRecentlyCreated</span>: <span class=sf-dump-const>false</span>
      #<span class=sf-dump-protected title=\"Protected property\">escapeWhenCastingToString</span>: <span class=sf-dump-const>false</span>
      #<span class=sf-dump-protected title=\"Protected property\">attributes</span>: <span class=sf-dump-note>array:11</span> [ &#8230;11]
      #<span class=sf-dump-protected title=\"Protected property\">original</span>: <span class=sf-dump-note>array:11</span> [ &#8230;11]
      #<span class=sf-dump-protected title=\"Protected property\">changes</span>: []
      #<span class=sf-dump-protected title=\"Protected property\">casts</span>: []
      #<span class=sf-dump-protected title=\"Protected property\">classCastCache</span>: []
      #<span class=sf-dump-protected title=\"Protected property\">attributeCastCache</span>: []
      #<span class=sf-dump-protected title=\"Protected property\">dateFormat</span>: <span class=sf-dump-const>null</span>
      #<span class=sf-dump-protected title=\"Protected property\">appends</span>: []
      #<span class=sf-dump-protected title=\"Protected property\">dispatchesEvents</span>: []
      #<span class=sf-dump-protected title=\"Protected property\">observables</span>: []
      #<span class=sf-dump-protected title=\"Protected property\">relations</span>: []
      #<span class=sf-dump-protected title=\"Protected property\">touches</span>: []
      +<span class=sf-dump-public title=\"Public property\">timestamps</span>: <span class=sf-dump-const>true</span>
      +<span class=sf-dump-public title=\"Public property\">usesUniqueIds</span>: <span class=sf-dump-const>false</span>
      #<span class=sf-dump-protected title=\"Protected property\">hidden</span>: []
      #<span class=sf-dump-protected title=\"Protected property\">visible</span>: []
      #<span class=sf-dump-protected title=\"Protected property\">fillable</span>: <span class=sf-dump-note>array:6</span> [ &#8230;6]
      #<span class=sf-dump-protected title=\"Protected property\">guarded</span>: <span class=sf-dump-note>array:1</span> [ &#8230;1]
    </samp>}
    <span class=sf-dump-index>7</span> => <span class=sf-dump-note title=\"App\\Models\\Testimoni
\"><span class=\"sf-dump-ellipsis sf-dump-ellipsis-note\">App\\Models</span><span class=\"sf-dump-ellipsis sf-dump-ellipsis-note\">\\</span>Testimoni</span> {<a class=sf-dump-ref>#542</a><samp data-depth=3 class=sf-dump-compact>
      #<span class=sf-dump-protected title=\"Protected property\">connection</span>: \"<span class=sf-dump-str title=\"5 characters\">mysql</span>\"
      #<span class=sf-dump-protected title=\"Protected property\">table</span>: \"<span class=sf-dump-str title=\"9 characters\">testimoni</span>\"
      #<span class=sf-dump-protected title=\"Protected property\">primaryKey</span>: \"<span class=sf-dump-str title=\"2 characters\">id</span>\"
      #<span class=sf-dump-protected title=\"Protected property\">keyType</span>: \"<span class=sf-dump-str title=\"3 characters\">int</span>\"
      +<span class=sf-dump-public title=\"Public property\">incrementing</span>: <span class=sf-dump-const>true</span>
      #<span class=sf-dump-protected title=\"Protected property\">with</span>: []
      #<span class=sf-dump-protected title=\"Protected property\">withCount</span>: []
      +<span class=sf-dump-public title=\"Public property\">preventsLazyLoading</span>: <span class=sf-dump-const>false</span>
      #<span class=sf-dump-protected title=\"Protected property\">perPage</span>: <span class=sf-dump-num>15</span>
      +<span class=sf-dump-public title=\"Public property\">exists</span>: <span class=sf-dump-const>true</span>
      +<span class=sf-dump-public title=\"Public property\">wasRecentlyCreated</span>: <span class=sf-dump-const>false</span>
      #<span class=sf-dump-protected title=\"Protected property\">escapeWhenCastingToString</span>: <span class=sf-dump-const>false</span>
      #<span class=sf-dump-protected title=\"Protected property\">attributes</span>: <span class=sf-dump-note>array:11</span> [ &#8230;11]
      #<span class=sf-dump-protected title=\"Protected property\">original</span>: <span class=sf-dump-note>array:11</span> [ &#8230;11]
      #<span class=sf-dump-protected title=\"Protected property\">changes</span>: []
      #<span class=sf-dump-protected title=\"Protected property\">casts</span>: []
      #<span class=sf-dump-protected title=\"Protected property\">classCastCache</span>: []
      #<span class=sf-dump-protected title=\"Protected property\">attributeCastCache</span>: []
      #<span class=sf-dump-protected title=\"Protected property\">dateFormat</span>: <span class=sf-dump-const>null</span>
      #<span class=sf-dump-protected title=\"Protected property\">appends</span>: []
      #<span class=sf-dump-protected title=\"Protected property\">dispatchesEvents</span>: []
      #<span class=sf-dump-protected title=\"Protected property\">observables</span>: []
      #<span class=sf-dump-protected title=\"Protected property\">relations</span>: []
      #<span class=sf-dump-protected title=\"Protected property\">touches</span>: []
      +<span class=sf-dump-public title=\"Public property\">timestamps</span>: <span class=sf-dump-const>true</span>
      +<span class=sf-dump-public title=\"Public property\">usesUniqueIds</span>: <span class=sf-dump-const>false</span>
      #<span class=sf-dump-protected title=\"Protected property\">hidden</span>: []
      #<span class=sf-dump-protected title=\"Protected property\">visible</span>: []
      #<span class=sf-dump-protected title=\"Protected property\">fillable</span>: <span class=sf-dump-note>array:6</span> [ &#8230;6]
      #<span class=sf-dump-protected title=\"Protected property\">guarded</span>: <span class=sf-dump-note>array:1</span> [ &#8230;1]
    </samp>}
    <span class=sf-dump-index>8</span> => <span class=sf-dump-note title=\"App\\Models\\Testimoni
\"><span class=\"sf-dump-ellipsis sf-dump-ellipsis-note\">App\\Models</span><span class=\"sf-dump-ellipsis sf-dump-ellipsis-note\">\\</span>Testimoni</span> {<a class=sf-dump-ref>#543</a><samp data-depth=3 class=sf-dump-compact>
      #<span class=sf-dump-protected title=\"Protected property\">connection</span>: \"<span class=sf-dump-str title=\"5 characters\">mysql</span>\"
      #<span class=sf-dump-protected title=\"Protected property\">table</span>: \"<span class=sf-dump-str title=\"9 characters\">testimoni</span>\"
      #<span class=sf-dump-protected title=\"Protected property\">primaryKey</span>: \"<span class=sf-dump-str title=\"2 characters\">id</span>\"
      #<span class=sf-dump-protected title=\"Protected property\">keyType</span>: \"<span class=sf-dump-str title=\"3 characters\">int</span>\"
      +<span class=sf-dump-public title=\"Public property\">incrementing</span>: <span class=sf-dump-const>true</span>
      #<span class=sf-dump-protected title=\"Protected property\">with</span>: []
      #<span class=sf-dump-protected title=\"Protected property\">withCount</span>: []
      +<span class=sf-dump-public title=\"Public property\">preventsLazyLoading</span>: <span class=sf-dump-const>false</span>
      #<span class=sf-dump-protected title=\"Protected property\">perPage</span>: <span class=sf-dump-num>15</span>
      +<span class=sf-dump-public title=\"Public property\">exists</span>: <span class=sf-dump-const>true</span>
      +<span class=sf-dump-public title=\"Public property\">wasRecentlyCreated</span>: <span class=sf-dump-const>false</span>
      #<span class=sf-dump-protected title=\"Protected property\">escapeWhenCastingToString</span>: <span class=sf-dump-const>false</span>
      #<span class=sf-dump-protected title=\"Protected property\">attributes</span>: <span class=sf-dump-note>array:11</span> [ &#8230;11]
      #<span class=sf-dump-protected title=\"Protected property\">original</span>: <span class=sf-dump-note>array:11</span> [ &#8230;11]
      #<span class=sf-dump-protected title=\"Protected property\">changes</span>: []
      #<span class=sf-dump-protected title=\"Protected property\">casts</span>: []
      #<span class=sf-dump-protected title=\"Protected property\">classCastCache</span>: []
      #<span class=sf-dump-protected title=\"Protected property\">attributeCastCache</span>: []
      #<span class=sf-dump-protected title=\"Protected property\">dateFormat</span>: <span class=sf-dump-const>null</span>
      #<span class=sf-dump-protected title=\"Protected property\">appends</span>: []
      #<span class=sf-dump-protected title=\"Protected property\">dispatchesEvents</span>: []
      #<span class=sf-dump-protected title=\"Protected property\">observables</span>: []
      #<span class=sf-dump-protected title=\"Protected property\">relations</span>: []
      #<span class=sf-dump-protected title=\"Protected property\">touches</span>: []
      +<span class=sf-dump-public title=\"Public property\">timestamps</span>: <span class=sf-dump-const>true</span>
      +<span class=sf-dump-public title=\"Public property\">usesUniqueIds</span>: <span class=sf-dump-const>false</span>
      #<span class=sf-dump-protected title=\"Protected property\">hidden</span>: []
      #<span class=sf-dump-protected title=\"Protected property\">visible</span>: []
      #<span class=sf-dump-protected title=\"Protected property\">fillable</span>: <span class=sf-dump-note>array:6</span> [ &#8230;6]
      #<span class=sf-dump-protected title=\"Protected property\">guarded</span>: <span class=sf-dump-note>array:1</span> [ &#8230;1]
    </samp>}
    <span class=sf-dump-index>9</span> => <span class=sf-dump-note title=\"App\\Models\\Testimoni
\"><span class=\"sf-dump-ellipsis sf-dump-ellipsis-note\">App\\Models</span><span class=\"sf-dump-ellipsis sf-dump-ellipsis-note\">\\</span>Testimoni</span> {<a class=sf-dump-ref>#544</a><samp data-depth=3 class=sf-dump-compact>
      #<span class=sf-dump-protected title=\"Protected property\">connection</span>: \"<span class=sf-dump-str title=\"5 characters\">mysql</span>\"
      #<span class=sf-dump-protected title=\"Protected property\">table</span>: \"<span class=sf-dump-str title=\"9 characters\">testimoni</span>\"
      #<span class=sf-dump-protected title=\"Protected property\">primaryKey</span>: \"<span class=sf-dump-str title=\"2 characters\">id</span>\"
      #<span class=sf-dump-protected title=\"Protected property\">keyType</span>: \"<span class=sf-dump-str title=\"3 characters\">int</span>\"
      +<span class=sf-dump-public title=\"Public property\">incrementing</span>: <span class=sf-dump-const>true</span>
      #<span class=sf-dump-protected title=\"Protected property\">with</span>: []
      #<span class=sf-dump-protected title=\"Protected property\">withCount</span>: []
      +<span class=sf-dump-public title=\"Public property\">preventsLazyLoading</span>: <span class=sf-dump-const>false</span>
      #<span class=sf-dump-protected title=\"Protected property\">perPage</span>: <span class=sf-dump-num>15</span>
      +<span class=sf-dump-public title=\"Public property\">exists</span>: <span class=sf-dump-const>true</span>
      +<span class=sf-dump-public title=\"Public property\">wasRecentlyCreated</span>: <span class=sf-dump-const>false</span>
      #<span class=sf-dump-protected title=\"Protected property\">escapeWhenCastingToString</span>: <span class=sf-dump-const>false</span>
      #<span class=sf-dump-protected title=\"Protected property\">attributes</span>: <span class=sf-dump-note>array:11</span> [ &#8230;11]
      #<span class=sf-dump-protected title=\"Protected property\">original</span>: <span class=sf-dump-note>array:11</span> [ &#8230;11]
      #<span class=sf-dump-protected title=\"Protected property\">changes</span>: []
      #<span class=sf-dump-protected title=\"Protected property\">casts</span>: []
      #<span class=sf-dump-protected title=\"Protected property\">classCastCache</span>: []
      #<span class=sf-dump-protected title=\"Protected property\">attributeCastCache</span>: []
      #<span class=sf-dump-protected title=\"Protected property\">dateFormat</span>: <span class=sf-dump-const>null</span>
      #<span class=sf-dump-protected title=\"Protected property\">appends</span>: []
      #<span class=sf-dump-protected title=\"Protected property\">dispatchesEvents</span>: []
      #<span class=sf-dump-protected title=\"Protected property\">observables</span>: []
      #<span class=sf-dump-protected title=\"Protected property\">relations</span>: []
      #<span class=sf-dump-protected title=\"Protected property\">touches</span>: []
      +<span class=sf-dump-public title=\"Public property\">timestamps</span>: <span class=sf-dump-const>true</span>
      +<span class=sf-dump-public title=\"Public property\">usesUniqueIds</span>: <span class=sf-dump-const>false</span>
      #<span class=sf-dump-protected title=\"Protected property\">hidden</span>: []
      #<span class=sf-dump-protected title=\"Protected property\">visible</span>: []
      #<span class=sf-dump-protected title=\"Protected property\">fillable</span>: <span class=sf-dump-note>array:6</span> [ &#8230;6]
      #<span class=sf-dump-protected title=\"Protected property\">guarded</span>: <span class=sf-dump-note>array:1</span> [ &#8230;1]
    </samp>}
    <span class=sf-dump-index>10</span> => <span class=sf-dump-note title=\"App\\Models\\Testimoni
\"><span class=\"sf-dump-ellipsis sf-dump-ellipsis-note\">App\\Models</span><span class=\"sf-dump-ellipsis sf-dump-ellipsis-note\">\\</span>Testimoni</span> {<a class=sf-dump-ref>#545</a><samp data-depth=3 class=sf-dump-compact>
      #<span class=sf-dump-protected title=\"Protected property\">connection</span>: \"<span class=sf-dump-str title=\"5 characters\">mysql</span>\"
      #<span class=sf-dump-protected title=\"Protected property\">table</span>: \"<span class=sf-dump-str title=\"9 characters\">testimoni</span>\"
      #<span class=sf-dump-protected title=\"Protected property\">primaryKey</span>: \"<span class=sf-dump-str title=\"2 characters\">id</span>\"
      #<span class=sf-dump-protected title=\"Protected property\">keyType</span>: \"<span class=sf-dump-str title=\"3 characters\">int</span>\"
      +<span class=sf-dump-public title=\"Public property\">incrementing</span>: <span class=sf-dump-const>true</span>
      #<span class=sf-dump-protected title=\"Protected property\">with</span>: []
      #<span class=sf-dump-protected title=\"Protected property\">withCount</span>: []
      +<span class=sf-dump-public title=\"Public property\">preventsLazyLoading</span>: <span class=sf-dump-const>false</span>
      #<span class=sf-dump-protected title=\"Protected property\">perPage</span>: <span class=sf-dump-num>15</span>
      +<span class=sf-dump-public title=\"Public property\">exists</span>: <span class=sf-dump-const>true</span>
      +<span class=sf-dump-public title=\"Public property\">wasRecentlyCreated</span>: <span class=sf-dump-const>false</span>
      #<span class=sf-dump-protected title=\"Protected property\">escapeWhenCastingToString</span>: <span class=sf-dump-const>false</span>
      #<span class=sf-dump-protected title=\"Protected property\">attributes</span>: <span class=sf-dump-note>array:11</span> [ &#8230;11]
      #<span class=sf-dump-protected title=\"Protected property\">original</span>: <span class=sf-dump-note>array:11</span> [ &#8230;11]
      #<span class=sf-dump-protected title=\"Protected property\">changes</span>: []
      #<span class=sf-dump-protected title=\"Protected property\">casts</span>: []
      #<span class=sf-dump-protected title=\"Protected property\">classCastCache</span>: []
      #<span class=sf-dump-protected title=\"Protected property\">attributeCastCache</span>: []
      #<span class=sf-dump-protected title=\"Protected property\">dateFormat</span>: <span class=sf-dump-const>null</span>
      #<span class=sf-dump-protected title=\"Protected property\">appends</span>: []
      #<span class=sf-dump-protected title=\"Protected property\">dispatchesEvents</span>: []
      #<span class=sf-dump-protected title=\"Protected property\">observables</span>: []
      #<span class=sf-dump-protected title=\"Protected property\">relations</span>: []
      #<span class=sf-dump-protected title=\"Protected property\">touches</span>: []
      +<span class=sf-dump-public title=\"Public property\">timestamps</span>: <span class=sf-dump-const>true</span>
      +<span class=sf-dump-public title=\"Public property\">usesUniqueIds</span>: <span class=sf-dump-const>false</span>
      #<span class=sf-dump-protected title=\"Protected property\">hidden</span>: []
      #<span class=sf-dump-protected title=\"Protected property\">visible</span>: []
      #<span class=sf-dump-protected title=\"Protected property\">fillable</span>: <span class=sf-dump-note>array:6</span> [ &#8230;6]
      #<span class=sf-dump-protected title=\"Protected property\">guarded</span>: <span class=sf-dump-note>array:1</span> [ &#8230;1]
    </samp>}
    <span class=sf-dump-index>11</span> => <span class=sf-dump-note title=\"App\\Models\\Testimoni
\"><span class=\"sf-dump-ellipsis sf-dump-ellipsis-note\">App\\Models</span><span class=\"sf-dump-ellipsis sf-dump-ellipsis-note\">\\</span>Testimoni</span> {<a class=sf-dump-ref>#546</a><samp data-depth=3 class=sf-dump-compact>
      #<span class=sf-dump-protected title=\"Protected property\">connection</span>: \"<span class=sf-dump-str title=\"5 characters\">mysql</span>\"
      #<span class=sf-dump-protected title=\"Protected property\">table</span>: \"<span class=sf-dump-str title=\"9 characters\">testimoni</span>\"
      #<span class=sf-dump-protected title=\"Protected property\">primaryKey</span>: \"<span class=sf-dump-str title=\"2 characters\">id</span>\"
      #<span class=sf-dump-protected title=\"Protected property\">keyType</span>: \"<span class=sf-dump-str title=\"3 characters\">int</span>\"
      +<span class=sf-dump-public title=\"Public property\">incrementing</span>: <span class=sf-dump-const>true</span>
      #<span class=sf-dump-protected title=\"Protected property\">with</span>: []
      #<span class=sf-dump-protected title=\"Protected property\">withCount</span>: []
      +<span class=sf-dump-public title=\"Public property\">preventsLazyLoading</span>: <span class=sf-dump-const>false</span>
      #<span class=sf-dump-protected title=\"Protected property\">perPage</span>: <span class=sf-dump-num>15</span>
      +<span class=sf-dump-public title=\"Public property\">exists</span>: <span class=sf-dump-const>true</span>
      +<span class=sf-dump-public title=\"Public property\">wasRecentlyCreated</span>: <span class=sf-dump-const>false</span>
      #<span class=sf-dump-protected title=\"Protected property\">escapeWhenCastingToString</span>: <span class=sf-dump-const>false</span>
      #<span class=sf-dump-protected title=\"Protected property\">attributes</span>: <span class=sf-dump-note>array:11</span> [ &#8230;11]
      #<span class=sf-dump-protected title=\"Protected property\">original</span>: <span class=sf-dump-note>array:11</span> [ &#8230;11]
      #<span class=sf-dump-protected title=\"Protected property\">changes</span>: []
      #<span class=sf-dump-protected title=\"Protected property\">casts</span>: []
      #<span class=sf-dump-protected title=\"Protected property\">classCastCache</span>: []
      #<span class=sf-dump-protected title=\"Protected property\">attributeCastCache</span>: []
      #<span class=sf-dump-protected title=\"Protected property\">dateFormat</span>: <span class=sf-dump-const>null</span>
      #<span class=sf-dump-protected title=\"Protected property\">appends</span>: []
      #<span class=sf-dump-protected title=\"Protected property\">dispatchesEvents</span>: []
      #<span class=sf-dump-protected title=\"Protected property\">observables</span>: []
      #<span class=sf-dump-protected title=\"Protected property\">relations</span>: []
      #<span class=sf-dump-protected title=\"Protected property\">touches</span>: []
      +<span class=sf-dump-public title=\"Public property\">timestamps</span>: <span class=sf-dump-const>true</span>
      +<span class=sf-dump-public title=\"Public property\">usesUniqueIds</span>: <span class=sf-dump-const>false</span>
      #<span class=sf-dump-protected title=\"Protected property\">hidden</span>: []
      #<span class=sf-dump-protected title=\"Protected property\">visible</span>: []
      #<span class=sf-dump-protected title=\"Protected property\">fillable</span>: <span class=sf-dump-note>array:6</span> [ &#8230;6]
      #<span class=sf-dump-protected title=\"Protected property\">guarded</span>: <span class=sf-dump-note>array:1</span> [ &#8230;1]
    </samp>}
    <span class=sf-dump-index>12</span> => <span class=sf-dump-note title=\"App\\Models\\Testimoni
\"><span class=\"sf-dump-ellipsis sf-dump-ellipsis-note\">App\\Models</span><span class=\"sf-dump-ellipsis sf-dump-ellipsis-note\">\\</span>Testimoni</span> {<a class=sf-dump-ref>#547</a><samp data-depth=3 class=sf-dump-compact>
      #<span class=sf-dump-protected title=\"Protected property\">connection</span>: \"<span class=sf-dump-str title=\"5 characters\">mysql</span>\"
      #<span class=sf-dump-protected title=\"Protected property\">table</span>: \"<span class=sf-dump-str title=\"9 characters\">testimoni</span>\"
      #<span class=sf-dump-protected title=\"Protected property\">primaryKey</span>: \"<span class=sf-dump-str title=\"2 characters\">id</span>\"
      #<span class=sf-dump-protected title=\"Protected property\">keyType</span>: \"<span class=sf-dump-str title=\"3 characters\">int</span>\"
      +<span class=sf-dump-public title=\"Public property\">incrementing</span>: <span class=sf-dump-const>true</span>
      #<span class=sf-dump-protected title=\"Protected property\">with</span>: []
      #<span class=sf-dump-protected title=\"Protected property\">withCount</span>: []
      +<span class=sf-dump-public title=\"Public property\">preventsLazyLoading</span>: <span class=sf-dump-const>false</span>
      #<span class=sf-dump-protected title=\"Protected property\">perPage</span>: <span class=sf-dump-num>15</span>
      +<span class=sf-dump-public title=\"Public property\">exists</span>: <span class=sf-dump-const>true</span>
      +<span class=sf-dump-public title=\"Public property\">wasRecentlyCreated</span>: <span class=sf-dump-const>false</span>
      #<span class=sf-dump-protected title=\"Protected property\">escapeWhenCastingToString</span>: <span class=sf-dump-const>false</span>
      #<span class=sf-dump-protected title=\"Protected property\">attributes</span>: <span class=sf-dump-note>array:11</span> [ &#8230;11]
      #<span class=sf-dump-protected title=\"Protected property\">original</span>: <span class=sf-dump-note>array:11</span> [ &#8230;11]
      #<span class=sf-dump-protected title=\"Protected property\">changes</span>: []
      #<span class=sf-dump-protected title=\"Protected property\">casts</span>: []
      #<span class=sf-dump-protected title=\"Protected property\">classCastCache</span>: []
      #<span class=sf-dump-protected title=\"Protected property\">attributeCastCache</span>: []
      #<span class=sf-dump-protected title=\"Protected property\">dateFormat</span>: <span class=sf-dump-const>null</span>
      #<span class=sf-dump-protected title=\"Protected property\">appends</span>: []
      #<span class=sf-dump-protected title=\"Protected property\">dispatchesEvents</span>: []
      #<span class=sf-dump-protected title=\"Protected property\">observables</span>: []
      #<span class=sf-dump-protected title=\"Protected property\">relations</span>: []
      #<span class=sf-dump-protected title=\"Protected property\">touches</span>: []
      +<span class=sf-dump-public title=\"Public property\">timestamps</span>: <span class=sf-dump-const>true</span>
      +<span class=sf-dump-public title=\"Public property\">usesUniqueIds</span>: <span class=sf-dump-const>false</span>
      #<span class=sf-dump-protected title=\"Protected property\">hidden</span>: []
      #<span class=sf-dump-protected title=\"Protected property\">visible</span>: []
      #<span class=sf-dump-protected title=\"Protected property\">fillable</span>: <span class=sf-dump-note>array:6</span> [ &#8230;6]
      #<span class=sf-dump-protected title=\"Protected property\">guarded</span>: <span class=sf-dump-note>array:1</span> [ &#8230;1]
    </samp>}
    <span class=sf-dump-index>13</span> => <span class=sf-dump-note title=\"App\\Models\\Testimoni
\"><span class=\"sf-dump-ellipsis sf-dump-ellipsis-note\">App\\Models</span><span class=\"sf-dump-ellipsis sf-dump-ellipsis-note\">\\</span>Testimoni</span> {<a class=sf-dump-ref>#548</a><samp data-depth=3 class=sf-dump-compact>
      #<span class=sf-dump-protected title=\"Protected property\">connection</span>: \"<span class=sf-dump-str title=\"5 characters\">mysql</span>\"
      #<span class=sf-dump-protected title=\"Protected property\">table</span>: \"<span class=sf-dump-str title=\"9 characters\">testimoni</span>\"
      #<span class=sf-dump-protected title=\"Protected property\">primaryKey</span>: \"<span class=sf-dump-str title=\"2 characters\">id</span>\"
      #<span class=sf-dump-protected title=\"Protected property\">keyType</span>: \"<span class=sf-dump-str title=\"3 characters\">int</span>\"
      +<span class=sf-dump-public title=\"Public property\">incrementing</span>: <span class=sf-dump-const>true</span>
      #<span class=sf-dump-protected title=\"Protected property\">with</span>: []
      #<span class=sf-dump-protected title=\"Protected property\">withCount</span>: []
      +<span class=sf-dump-public title=\"Public property\">preventsLazyLoading</span>: <span class=sf-dump-const>false</span>
      #<span class=sf-dump-protected title=\"Protected property\">perPage</span>: <span class=sf-dump-num>15</span>
      +<span class=sf-dump-public title=\"Public property\">exists</span>: <span class=sf-dump-const>true</span>
      +<span class=sf-dump-public title=\"Public property\">wasRecentlyCreated</span>: <span class=sf-dump-const>false</span>
      #<span class=sf-dump-protected title=\"Protected property\">escapeWhenCastingToString</span>: <span class=sf-dump-const>false</span>
      #<span class=sf-dump-protected title=\"Protected property\">attributes</span>: <span class=sf-dump-note>array:11</span> [ &#8230;11]
      #<span class=sf-dump-protected title=\"Protected property\">original</span>: <span class=sf-dump-note>array:11</span> [ &#8230;11]
      #<span class=sf-dump-protected title=\"Protected property\">changes</span>: []
      #<span class=sf-dump-protected title=\"Protected property\">casts</span>: []
      #<span class=sf-dump-protected title=\"Protected property\">classCastCache</span>: []
      #<span class=sf-dump-protected title=\"Protected property\">attributeCastCache</span>: []
      #<span class=sf-dump-protected title=\"Protected property\">dateFormat</span>: <span class=sf-dump-const>null</span>
      #<span class=sf-dump-protected title=\"Protected property\">appends</span>: []
      #<span class=sf-dump-protected title=\"Protected property\">dispatchesEvents</span>: []
      #<span class=sf-dump-protected title=\"Protected property\">observables</span>: []
      #<span class=sf-dump-protected title=\"Protected property\">relations</span>: []
      #<span class=sf-dump-protected title=\"Protected property\">touches</span>: []
      +<span class=sf-dump-public title=\"Public property\">timestamps</span>: <span class=sf-dump-const>true</span>
      +<span class=sf-dump-public title=\"Public property\">usesUniqueIds</span>: <span class=sf-dump-const>false</span>
      #<span class=sf-dump-protected title=\"Protected property\">hidden</span>: []
      #<span class=sf-dump-protected title=\"Protected property\">visible</span>: []
      #<span class=sf-dump-protected title=\"Protected property\">fillable</span>: <span class=sf-dump-note>array:6</span> [ &#8230;6]
      #<span class=sf-dump-protected title=\"Protected property\">guarded</span>: <span class=sf-dump-note>array:1</span> [ &#8230;1]
    </samp>}
    <span class=sf-dump-index>14</span> => <span class=sf-dump-note title=\"App\\Models\\Testimoni
\"><span class=\"sf-dump-ellipsis sf-dump-ellipsis-note\">App\\Models</span><span class=\"sf-dump-ellipsis sf-dump-ellipsis-note\">\\</span>Testimoni</span> {<a class=sf-dump-ref>#549</a><samp data-depth=3 class=sf-dump-compact>
      #<span class=sf-dump-protected title=\"Protected property\">connection</span>: \"<span class=sf-dump-str title=\"5 characters\">mysql</span>\"
      #<span class=sf-dump-protected title=\"Protected property\">table</span>: \"<span class=sf-dump-str title=\"9 characters\">testimoni</span>\"
      #<span class=sf-dump-protected title=\"Protected property\">primaryKey</span>: \"<span class=sf-dump-str title=\"2 characters\">id</span>\"
      #<span class=sf-dump-protected title=\"Protected property\">keyType</span>: \"<span class=sf-dump-str title=\"3 characters\">int</span>\"
      +<span class=sf-dump-public title=\"Public property\">incrementing</span>: <span class=sf-dump-const>true</span>
      #<span class=sf-dump-protected title=\"Protected property\">with</span>: []
      #<span class=sf-dump-protected title=\"Protected property\">withCount</span>: []
      +<span class=sf-dump-public title=\"Public property\">preventsLazyLoading</span>: <span class=sf-dump-const>false</span>
      #<span class=sf-dump-protected title=\"Protected property\">perPage</span>: <span class=sf-dump-num>15</span>
      +<span class=sf-dump-public title=\"Public property\">exists</span>: <span class=sf-dump-const>true</span>
      +<span class=sf-dump-public title=\"Public property\">wasRecentlyCreated</span>: <span class=sf-dump-const>false</span>
      #<span class=sf-dump-protected title=\"Protected property\">escapeWhenCastingToString</span>: <span class=sf-dump-const>false</span>
      #<span class=sf-dump-protected title=\"Protected property\">attributes</span>: <span class=sf-dump-note>array:11</span> [ &#8230;11]
      #<span class=sf-dump-protected title=\"Protected property\">original</span>: <span class=sf-dump-note>array:11</span> [ &#8230;11]
      #<span class=sf-dump-protected title=\"Protected property\">changes</span>: []
      #<span class=sf-dump-protected title=\"Protected property\">casts</span>: []
      #<span class=sf-dump-protected title=\"Protected property\">classCastCache</span>: []
      #<span class=sf-dump-protected title=\"Protected property\">attributeCastCache</span>: []
      #<span class=sf-dump-protected title=\"Protected property\">dateFormat</span>: <span class=sf-dump-const>null</span>
      #<span class=sf-dump-protected title=\"Protected property\">appends</span>: []
      #<span class=sf-dump-protected title=\"Protected property\">dispatchesEvents</span>: []
      #<span class=sf-dump-protected title=\"Protected property\">observables</span>: []
      #<span class=sf-dump-protected title=\"Protected property\">relations</span>: []
      #<span class=sf-dump-protected title=\"Protected property\">touches</span>: []
      +<span class=sf-dump-public title=\"Public property\">timestamps</span>: <span class=sf-dump-const>true</span>
      +<span class=sf-dump-public title=\"Public property\">usesUniqueIds</span>: <span class=sf-dump-const>false</span>
      #<span class=sf-dump-protected title=\"Protected property\">hidden</span>: []
      #<span class=sf-dump-protected title=\"Protected property\">visible</span>: []
      #<span class=sf-dump-protected title=\"Protected property\">fillable</span>: <span class=sf-dump-note>array:6</span> [ &#8230;6]
      #<span class=sf-dump-protected title=\"Protected property\">guarded</span>: <span class=sf-dump-note>array:1</span> [ &#8230;1]
    </samp>}
    <span class=sf-dump-index>15</span> => <span class=sf-dump-note title=\"App\\Models\\Testimoni
\"><span class=\"sf-dump-ellipsis sf-dump-ellipsis-note\">App\\Models</span><span class=\"sf-dump-ellipsis sf-dump-ellipsis-note\">\\</span>Testimoni</span> {<a class=sf-dump-ref>#550</a><samp data-depth=3 class=sf-dump-compact>
      #<span class=sf-dump-protected title=\"Protected property\">connection</span>: \"<span class=sf-dump-str title=\"5 characters\">mysql</span>\"
      #<span class=sf-dump-protected title=\"Protected property\">table</span>: \"<span class=sf-dump-str title=\"9 characters\">testimoni</span>\"
      #<span class=sf-dump-protected title=\"Protected property\">primaryKey</span>: \"<span class=sf-dump-str title=\"2 characters\">id</span>\"
      #<span class=sf-dump-protected title=\"Protected property\">keyType</span>: \"<span class=sf-dump-str title=\"3 characters\">int</span>\"
      +<span class=sf-dump-public title=\"Public property\">incrementing</span>: <span class=sf-dump-const>true</span>
      #<span class=sf-dump-protected title=\"Protected property\">with</span>: []
      #<span class=sf-dump-protected title=\"Protected property\">withCount</span>: []
      +<span class=sf-dump-public title=\"Public property\">preventsLazyLoading</span>: <span class=sf-dump-const>false</span>
      #<span class=sf-dump-protected title=\"Protected property\">perPage</span>: <span class=sf-dump-num>15</span>
      +<span class=sf-dump-public title=\"Public property\">exists</span>: <span class=sf-dump-const>true</span>
      +<span class=sf-dump-public title=\"Public property\">wasRecentlyCreated</span>: <span class=sf-dump-const>false</span>
      #<span class=sf-dump-protected title=\"Protected property\">escapeWhenCastingToString</span>: <span class=sf-dump-const>false</span>
      #<span class=sf-dump-protected title=\"Protected property\">attributes</span>: <span class=sf-dump-note>array:11</span> [ &#8230;11]
      #<span class=sf-dump-protected title=\"Protected property\">original</span>: <span class=sf-dump-note>array:11</span> [ &#8230;11]
      #<span class=sf-dump-protected title=\"Protected property\">changes</span>: []
      #<span class=sf-dump-protected title=\"Protected property\">casts</span>: []
      #<span class=sf-dump-protected title=\"Protected property\">classCastCache</span>: []
      #<span class=sf-dump-protected title=\"Protected property\">attributeCastCache</span>: []
      #<span class=sf-dump-protected title=\"Protected property\">dateFormat</span>: <span class=sf-dump-const>null</span>
      #<span class=sf-dump-protected title=\"Protected property\">appends</span>: []
      #<span class=sf-dump-protected title=\"Protected property\">dispatchesEvents</span>: []
      #<span class=sf-dump-protected title=\"Protected property\">observables</span>: []
      #<span class=sf-dump-protected title=\"Protected property\">relations</span>: []
      #<span class=sf-dump-protected title=\"Protected property\">touches</span>: []
      +<span class=sf-dump-public title=\"Public property\">timestamps</span>: <span class=sf-dump-const>true</span>
      +<span class=sf-dump-public title=\"Public property\">usesUniqueIds</span>: <span class=sf-dump-const>false</span>
      #<span class=sf-dump-protected title=\"Protected property\">hidden</span>: []
      #<span class=sf-dump-protected title=\"Protected property\">visible</span>: []
      #<span class=sf-dump-protected title=\"Protected property\">fillable</span>: <span class=sf-dump-note>array:6</span> [ &#8230;6]
      #<span class=sf-dump-protected title=\"Protected property\">guarded</span>: <span class=sf-dump-note>array:1</span> [ &#8230;1]
    </samp>}
    <span class=sf-dump-index>16</span> => <span class=sf-dump-note title=\"App\\Models\\Testimoni
\"><span class=\"sf-dump-ellipsis sf-dump-ellipsis-note\">App\\Models</span><span class=\"sf-dump-ellipsis sf-dump-ellipsis-note\">\\</span>Testimoni</span> {<a class=sf-dump-ref>#551</a><samp data-depth=3 class=sf-dump-compact>
      #<span class=sf-dump-protected title=\"Protected property\">connection</span>: \"<span class=sf-dump-str title=\"5 characters\">mysql</span>\"
      #<span class=sf-dump-protected title=\"Protected property\">table</span>: \"<span class=sf-dump-str title=\"9 characters\">testimoni</span>\"
      #<span class=sf-dump-protected title=\"Protected property\">primaryKey</span>: \"<span class=sf-dump-str title=\"2 characters\">id</span>\"
      #<span class=sf-dump-protected title=\"Protected property\">keyType</span>: \"<span class=sf-dump-str title=\"3 characters\">int</span>\"
      +<span class=sf-dump-public title=\"Public property\">incrementing</span>: <span class=sf-dump-const>true</span>
      #<span class=sf-dump-protected title=\"Protected property\">with</span>: []
      #<span class=sf-dump-protected title=\"Protected property\">withCount</span>: []
      +<span class=sf-dump-public title=\"Public property\">preventsLazyLoading</span>: <span class=sf-dump-const>false</span>
      #<span class=sf-dump-protected title=\"Protected property\">perPage</span>: <span class=sf-dump-num>15</span>
      +<span class=sf-dump-public title=\"Public property\">exists</span>: <span class=sf-dump-const>true</span>
      +<span class=sf-dump-public title=\"Public property\">wasRecentlyCreated</span>: <span class=sf-dump-const>false</span>
      #<span class=sf-dump-protected title=\"Protected property\">escapeWhenCastingToString</span>: <span class=sf-dump-const>false</span>
      #<span class=sf-dump-protected title=\"Protected property\">attributes</span>: <span class=sf-dump-note>array:11</span> [ &#8230;11]
      #<span class=sf-dump-protected title=\"Protected property\">original</span>: <span class=sf-dump-note>array:11</span> [ &#8230;11]
      #<span class=sf-dump-protected title=\"Protected property\">changes</span>: []
      #<span class=sf-dump-protected title=\"Protected property\">casts</span>: []
      #<span class=sf-dump-protected title=\"Protected property\">classCastCache</span>: []
      #<span class=sf-dump-protected title=\"Protected property\">attributeCastCache</span>: []
      #<span class=sf-dump-protected title=\"Protected property\">dateFormat</span>: <span class=sf-dump-const>null</span>
      #<span class=sf-dump-protected title=\"Protected property\">appends</span>: []
      #<span class=sf-dump-protected title=\"Protected property\">dispatchesEvents</span>: []
      #<span class=sf-dump-protected title=\"Protected property\">observables</span>: []
      #<span class=sf-dump-protected title=\"Protected property\">relations</span>: []
      #<span class=sf-dump-protected title=\"Protected property\">touches</span>: []
      +<span class=sf-dump-public title=\"Public property\">timestamps</span>: <span class=sf-dump-const>true</span>
      +<span class=sf-dump-public title=\"Public property\">usesUniqueIds</span>: <span class=sf-dump-const>false</span>
      #<span class=sf-dump-protected title=\"Protected property\">hidden</span>: []
      #<span class=sf-dump-protected title=\"Protected property\">visible</span>: []
      #<span class=sf-dump-protected title=\"Protected property\">fillable</span>: <span class=sf-dump-note>array:6</span> [ &#8230;6]
      #<span class=sf-dump-protected title=\"Protected property\">guarded</span>: <span class=sf-dump-note>array:1</span> [ &#8230;1]
    </samp>}
    <span class=sf-dump-index>17</span> => <span class=sf-dump-note title=\"App\\Models\\Testimoni
\"><span class=\"sf-dump-ellipsis sf-dump-ellipsis-note\">App\\Models</span><span class=\"sf-dump-ellipsis sf-dump-ellipsis-note\">\\</span>Testimoni</span> {<a class=sf-dump-ref>#552</a><samp data-depth=3 class=sf-dump-compact>
      #<span class=sf-dump-protected title=\"Protected property\">connection</span>: \"<span class=sf-dump-str title=\"5 characters\">mysql</span>\"
      #<span class=sf-dump-protected title=\"Protected property\">table</span>: \"<span class=sf-dump-str title=\"9 characters\">testimoni</span>\"
      #<span class=sf-dump-protected title=\"Protected property\">primaryKey</span>: \"<span class=sf-dump-str title=\"2 characters\">id</span>\"
      #<span class=sf-dump-protected title=\"Protected property\">keyType</span>: \"<span class=sf-dump-str title=\"3 characters\">int</span>\"
      +<span class=sf-dump-public title=\"Public property\">incrementing</span>: <span class=sf-dump-const>true</span>
      #<span class=sf-dump-protected title=\"Protected property\">with</span>: []
      #<span class=sf-dump-protected title=\"Protected property\">withCount</span>: []
      +<span class=sf-dump-public title=\"Public property\">preventsLazyLoading</span>: <span class=sf-dump-const>false</span>
      #<span class=sf-dump-protected title=\"Protected property\">perPage</span>: <span class=sf-dump-num>15</span>
      +<span class=sf-dump-public title=\"Public property\">exists</span>: <span class=sf-dump-const>true</span>
      +<span class=sf-dump-public title=\"Public property\">wasRecentlyCreated</span>: <span class=sf-dump-const>false</span>
      #<span class=sf-dump-protected title=\"Protected property\">escapeWhenCastingToString</span>: <span class=sf-dump-const>false</span>
      #<span class=sf-dump-protected title=\"Protected property\">attributes</span>: <span class=sf-dump-note>array:11</span> [ &#8230;11]
      #<span class=sf-dump-protected title=\"Protected property\">original</span>: <span class=sf-dump-note>array:11</span> [ &#8230;11]
      #<span class=sf-dump-protected title=\"Protected property\">changes</span>: []
      #<span class=sf-dump-protected title=\"Protected property\">casts</span>: []
      #<span class=sf-dump-protected title=\"Protected property\">classCastCache</span>: []
      #<span class=sf-dump-protected title=\"Protected property\">attributeCastCache</span>: []
      #<span class=sf-dump-protected title=\"Protected property\">dateFormat</span>: <span class=sf-dump-const>null</span>
      #<span class=sf-dump-protected title=\"Protected property\">appends</span>: []
      #<span class=sf-dump-protected title=\"Protected property\">dispatchesEvents</span>: []
      #<span class=sf-dump-protected title=\"Protected property\">observables</span>: []
      #<span class=sf-dump-protected title=\"Protected property\">relations</span>: []
      #<span class=sf-dump-protected title=\"Protected property\">touches</span>: []
      +<span class=sf-dump-public title=\"Public property\">timestamps</span>: <span class=sf-dump-const>true</span>
      +<span class=sf-dump-public title=\"Public property\">usesUniqueIds</span>: <span class=sf-dump-const>false</span>
      #<span class=sf-dump-protected title=\"Protected property\">hidden</span>: []
      #<span class=sf-dump-protected title=\"Protected property\">visible</span>: []
      #<span class=sf-dump-protected title=\"Protected property\">fillable</span>: <span class=sf-dump-note>array:6</span> [ &#8230;6]
      #<span class=sf-dump-protected title=\"Protected property\">guarded</span>: <span class=sf-dump-note>array:1</span> [ &#8230;1]
    </samp>}
    <span class=sf-dump-index>18</span> => <span class=sf-dump-note title=\"App\\Models\\Testimoni
\"><span class=\"sf-dump-ellipsis sf-dump-ellipsis-note\">App\\Models</span><span class=\"sf-dump-ellipsis sf-dump-ellipsis-note\">\\</span>Testimoni</span> {<a class=sf-dump-ref>#553</a><samp data-depth=3 class=sf-dump-compact>
      #<span class=sf-dump-protected title=\"Protected property\">connection</span>: \"<span class=sf-dump-str title=\"5 characters\">mysql</span>\"
      #<span class=sf-dump-protected title=\"Protected property\">table</span>: \"<span class=sf-dump-str title=\"9 characters\">testimoni</span>\"
      #<span class=sf-dump-protected title=\"Protected property\">primaryKey</span>: \"<span class=sf-dump-str title=\"2 characters\">id</span>\"
      #<span class=sf-dump-protected title=\"Protected property\">keyType</span>: \"<span class=sf-dump-str title=\"3 characters\">int</span>\"
      +<span class=sf-dump-public title=\"Public property\">incrementing</span>: <span class=sf-dump-const>true</span>
      #<span class=sf-dump-protected title=\"Protected property\">with</span>: []
      #<span class=sf-dump-protected title=\"Protected property\">withCount</span>: []
      +<span class=sf-dump-public title=\"Public property\">preventsLazyLoading</span>: <span class=sf-dump-const>false</span>
      #<span class=sf-dump-protected title=\"Protected property\">perPage</span>: <span class=sf-dump-num>15</span>
      +<span class=sf-dump-public title=\"Public property\">exists</span>: <span class=sf-dump-const>true</span>
      +<span class=sf-dump-public title=\"Public property\">wasRecentlyCreated</span>: <span class=sf-dump-const>false</span>
      #<span class=sf-dump-protected title=\"Protected property\">escapeWhenCastingToString</span>: <span class=sf-dump-const>false</span>
      #<span class=sf-dump-protected title=\"Protected property\">attributes</span>: <span class=sf-dump-note>array:11</span> [ &#8230;11]
      #<span class=sf-dump-protected title=\"Protected property\">original</span>: <span class=sf-dump-note>array:11</span> [ &#8230;11]
      #<span class=sf-dump-protected title=\"Protected property\">changes</span>: []
      #<span class=sf-dump-protected title=\"Protected property\">casts</span>: []
      #<span class=sf-dump-protected title=\"Protected property\">classCastCache</span>: []
      #<span class=sf-dump-protected title=\"Protected property\">attributeCastCache</span>: []
      #<span class=sf-dump-protected title=\"Protected property\">dateFormat</span>: <span class=sf-dump-const>null</span>
      #<span class=sf-dump-protected title=\"Protected property\">appends</span>: []
      #<span class=sf-dump-protected title=\"Protected property\">dispatchesEvents</span>: []
      #<span class=sf-dump-protected title=\"Protected property\">observables</span>: []
      #<span class=sf-dump-protected title=\"Protected property\">relations</span>: []
      #<span class=sf-dump-protected title=\"Protected property\">touches</span>: []
      +<span class=sf-dump-public title=\"Public property\">timestamps</span>: <span class=sf-dump-const>true</span>
      +<span class=sf-dump-public title=\"Public property\">usesUniqueIds</span>: <span class=sf-dump-const>false</span>
      #<span class=sf-dump-protected title=\"Protected property\">hidden</span>: []
      #<span class=sf-dump-protected title=\"Protected property\">visible</span>: []
      #<span class=sf-dump-protected title=\"Protected property\">fillable</span>: <span class=sf-dump-note>array:6</span> [ &#8230;6]
      #<span class=sf-dump-protected title=\"Protected property\">guarded</span>: <span class=sf-dump-note>array:1</span> [ &#8230;1]
    </samp>}
    <span class=sf-dump-index>19</span> => <span class=sf-dump-note title=\"App\\Models\\Testimoni
\"><span class=\"sf-dump-ellipsis sf-dump-ellipsis-note\">App\\Models</span><span class=\"sf-dump-ellipsis sf-dump-ellipsis-note\">\\</span>Testimoni</span> {<a class=sf-dump-ref>#554</a><samp data-depth=3 class=sf-dump-compact>
      #<span class=sf-dump-protected title=\"Protected property\">connection</span>: \"<span class=sf-dump-str title=\"5 characters\">mysql</span>\"
      #<span class=sf-dump-protected title=\"Protected property\">table</span>: \"<span class=sf-dump-str title=\"9 characters\">testimoni</span>\"
      #<span class=sf-dump-protected title=\"Protected property\">primaryKey</span>: \"<span class=sf-dump-str title=\"2 characters\">id</span>\"
      #<span class=sf-dump-protected title=\"Protected property\">keyType</span>: \"<span class=sf-dump-str title=\"3 characters\">int</span>\"
      +<span class=sf-dump-public title=\"Public property\">incrementing</span>: <span class=sf-dump-const>true</span>
      #<span class=sf-dump-protected title=\"Protected property\">with</span>: []
      #<span class=sf-dump-protected title=\"Protected property\">withCount</span>: []
      +<span class=sf-dump-public title=\"Public property\">preventsLazyLoading</span>: <span class=sf-dump-const>false</span>
      #<span class=sf-dump-protected title=\"Protected property\">perPage</span>: <span class=sf-dump-num>15</span>
      +<span class=sf-dump-public title=\"Public property\">exists</span>: <span class=sf-dump-const>true</span>
      +<span class=sf-dump-public title=\"Public property\">wasRecentlyCreated</span>: <span class=sf-dump-const>false</span>
      #<span class=sf-dump-protected title=\"Protected property\">escapeWhenCastingToString</span>: <span class=sf-dump-const>false</span>
      #<span class=sf-dump-protected title=\"Protected property\">attributes</span>: <span class=sf-dump-note>array:11</span> [ &#8230;11]
      #<span class=sf-dump-protected title=\"Protected property\">original</span>: <span class=sf-dump-note>array:11</span> [ &#8230;11]
      #<span class=sf-dump-protected title=\"Protected property\">changes</span>: []
      #<span class=sf-dump-protected title=\"Protected property\">casts</span>: []
      #<span class=sf-dump-protected title=\"Protected property\">classCastCache</span>: []
      #<span class=sf-dump-protected title=\"Protected property\">attributeCastCache</span>: []
      #<span class=sf-dump-protected title=\"Protected property\">dateFormat</span>: <span class=sf-dump-const>null</span>
      #<span class=sf-dump-protected title=\"Protected property\">appends</span>: []
      #<span class=sf-dump-protected title=\"Protected property\">dispatchesEvents</span>: []
      #<span class=sf-dump-protected title=\"Protected property\">observables</span>: []
      #<span class=sf-dump-protected title=\"Protected property\">relations</span>: []
      #<span class=sf-dump-protected title=\"Protected property\">touches</span>: []
      +<span class=sf-dump-public title=\"Public property\">timestamps</span>: <span class=sf-dump-const>true</span>
      +<span class=sf-dump-public title=\"Public property\">usesUniqueIds</span>: <span class=sf-dump-const>false</span>
      #<span class=sf-dump-protected title=\"Protected property\">hidden</span>: []
      #<span class=sf-dump-protected title=\"Protected property\">visible</span>: []
      #<span class=sf-dump-protected title=\"Protected property\">fillable</span>: <span class=sf-dump-note>array:6</span> [ &#8230;6]
      #<span class=sf-dump-protected title=\"Protected property\">guarded</span>: <span class=sf-dump-note>array:1</span> [ &#8230;1]
    </samp>}
    <span class=sf-dump-index>20</span> => <span class=sf-dump-note title=\"App\\Models\\Testimoni
\"><span class=\"sf-dump-ellipsis sf-dump-ellipsis-note\">App\\Models</span><span class=\"sf-dump-ellipsis sf-dump-ellipsis-note\">\\</span>Testimoni</span> {<a class=sf-dump-ref>#555</a><samp data-depth=3 class=sf-dump-compact>
      #<span class=sf-dump-protected title=\"Protected property\">connection</span>: \"<span class=sf-dump-str title=\"5 characters\">mysql</span>\"
      #<span class=sf-dump-protected title=\"Protected property\">table</span>: \"<span class=sf-dump-str title=\"9 characters\">testimoni</span>\"
      #<span class=sf-dump-protected title=\"Protected property\">primaryKey</span>: \"<span class=sf-dump-str title=\"2 characters\">id</span>\"
      #<span class=sf-dump-protected title=\"Protected property\">keyType</span>: \"<span class=sf-dump-str title=\"3 characters\">int</span>\"
      +<span class=sf-dump-public title=\"Public property\">incrementing</span>: <span class=sf-dump-const>true</span>
      #<span class=sf-dump-protected title=\"Protected property\">with</span>: []
      #<span class=sf-dump-protected title=\"Protected property\">withCount</span>: []
      +<span class=sf-dump-public title=\"Public property\">preventsLazyLoading</span>: <span class=sf-dump-const>false</span>
      #<span class=sf-dump-protected title=\"Protected property\">perPage</span>: <span class=sf-dump-num>15</span>
      +<span class=sf-dump-public title=\"Public property\">exists</span>: <span class=sf-dump-const>true</span>
      +<span class=sf-dump-public title=\"Public property\">wasRecentlyCreated</span>: <span class=sf-dump-const>false</span>
      #<span class=sf-dump-protected title=\"Protected property\">escapeWhenCastingToString</span>: <span class=sf-dump-const>false</span>
      #<span class=sf-dump-protected title=\"Protected property\">attributes</span>: <span class=sf-dump-note>array:11</span> [ &#8230;11]
      #<span class=sf-dump-protected title=\"Protected property\">original</span>: <span class=sf-dump-note>array:11</span> [ &#8230;11]
      #<span class=sf-dump-protected title=\"Protected property\">changes</span>: []
      #<span class=sf-dump-protected title=\"Protected property\">casts</span>: []
      #<span class=sf-dump-protected title=\"Protected property\">classCastCache</span>: []
      #<span class=sf-dump-protected title=\"Protected property\">attributeCastCache</span>: []
      #<span class=sf-dump-protected title=\"Protected property\">dateFormat</span>: <span class=sf-dump-const>null</span>
      #<span class=sf-dump-protected title=\"Protected property\">appends</span>: []
      #<span class=sf-dump-protected title=\"Protected property\">dispatchesEvents</span>: []
      #<span class=sf-dump-protected title=\"Protected property\">observables</span>: []
      #<span class=sf-dump-protected title=\"Protected property\">relations</span>: []
      #<span class=sf-dump-protected title=\"Protected property\">touches</span>: []
      +<span class=sf-dump-public title=\"Public property\">timestamps</span>: <span class=sf-dump-const>true</span>
      +<span class=sf-dump-public title=\"Public property\">usesUniqueIds</span>: <span class=sf-dump-const>false</span>
      #<span class=sf-dump-protected title=\"Protected property\">hidden</span>: []
      #<span class=sf-dump-protected title=\"Protected property\">visible</span>: []
      #<span class=sf-dump-protected title=\"Protected property\">fillable</span>: <span class=sf-dump-note>array:6</span> [ &#8230;6]
      #<span class=sf-dump-protected title=\"Protected property\">guarded</span>: <span class=sf-dump-note>array:1</span> [ &#8230;1]
    </samp>}
    <span class=sf-dump-index>21</span> => <span class=sf-dump-note title=\"App\\Models\\Testimoni
\"><span class=\"sf-dump-ellipsis sf-dump-ellipsis-note\">App\\Models</span><span class=\"sf-dump-ellipsis sf-dump-ellipsis-note\">\\</span>Testimoni</span> {<a class=sf-dump-ref>#556</a><samp data-depth=3 class=sf-dump-compact>
      #<span class=sf-dump-protected title=\"Protected property\">connection</span>: \"<span class=sf-dump-str title=\"5 characters\">mysql</span>\"
      #<span class=sf-dump-protected title=\"Protected property\">table</span>: \"<span class=sf-dump-str title=\"9 characters\">testimoni</span>\"
      #<span class=sf-dump-protected title=\"Protected property\">primaryKey</span>: \"<span class=sf-dump-str title=\"2 characters\">id</span>\"
      #<span class=sf-dump-protected title=\"Protected property\">keyType</span>: \"<span class=sf-dump-str title=\"3 characters\">int</span>\"
      +<span class=sf-dump-public title=\"Public property\">incrementing</span>: <span class=sf-dump-const>true</span>
      #<span class=sf-dump-protected title=\"Protected property\">with</span>: []
      #<span class=sf-dump-protected title=\"Protected property\">withCount</span>: []
      +<span class=sf-dump-public title=\"Public property\">preventsLazyLoading</span>: <span class=sf-dump-const>false</span>
      #<span class=sf-dump-protected title=\"Protected property\">perPage</span>: <span class=sf-dump-num>15</span>
      +<span class=sf-dump-public title=\"Public property\">exists</span>: <span class=sf-dump-const>true</span>
      +<span class=sf-dump-public title=\"Public property\">wasRecentlyCreated</span>: <span class=sf-dump-const>false</span>
      #<span class=sf-dump-protected title=\"Protected property\">escapeWhenCastingToString</span>: <span class=sf-dump-const>false</span>
      #<span class=sf-dump-protected title=\"Protected property\">attributes</span>: <span class=sf-dump-note>array:11</span> [ &#8230;11]
      #<span class=sf-dump-protected title=\"Protected property\">original</span>: <span class=sf-dump-note>array:11</span> [ &#8230;11]
      #<span class=sf-dump-protected title=\"Protected property\">changes</span>: []
      #<span class=sf-dump-protected title=\"Protected property\">casts</span>: []
      #<span class=sf-dump-protected title=\"Protected property\">classCastCache</span>: []
      #<span class=sf-dump-protected title=\"Protected property\">attributeCastCache</span>: []
      #<span class=sf-dump-protected title=\"Protected property\">dateFormat</span>: <span class=sf-dump-const>null</span>
      #<span class=sf-dump-protected title=\"Protected property\">appends</span>: []
      #<span class=sf-dump-protected title=\"Protected property\">dispatchesEvents</span>: []
      #<span class=sf-dump-protected title=\"Protected property\">observables</span>: []
      #<span class=sf-dump-protected title=\"Protected property\">relations</span>: []
      #<span class=sf-dump-protected title=\"Protected property\">touches</span>: []
      +<span class=sf-dump-public title=\"Public property\">timestamps</span>: <span class=sf-dump-const>true</span>
      +<span class=sf-dump-public title=\"Public property\">usesUniqueIds</span>: <span class=sf-dump-const>false</span>
      #<span class=sf-dump-protected title=\"Protected property\">hidden</span>: []
      #<span class=sf-dump-protected title=\"Protected property\">visible</span>: []
      #<span class=sf-dump-protected title=\"Protected property\">fillable</span>: <span class=sf-dump-note>array:6</span> [ &#8230;6]
      #<span class=sf-dump-protected title=\"Protected property\">guarded</span>: <span class=sf-dump-note>array:1</span> [ &#8230;1]
    </samp>}
    <span class=sf-dump-index>22</span> => <span class=sf-dump-note title=\"App\\Models\\Testimoni
\"><span class=\"sf-dump-ellipsis sf-dump-ellipsis-note\">App\\Models</span><span class=\"sf-dump-ellipsis sf-dump-ellipsis-note\">\\</span>Testimoni</span> {<a class=sf-dump-ref>#557</a><samp data-depth=3 class=sf-dump-compact>
      #<span class=sf-dump-protected title=\"Protected property\">connection</span>: \"<span class=sf-dump-str title=\"5 characters\">mysql</span>\"
      #<span class=sf-dump-protected title=\"Protected property\">table</span>: \"<span class=sf-dump-str title=\"9 characters\">testimoni</span>\"
      #<span class=sf-dump-protected title=\"Protected property\">primaryKey</span>: \"<span class=sf-dump-str title=\"2 characters\">id</span>\"
      #<span class=sf-dump-protected title=\"Protected property\">keyType</span>: \"<span class=sf-dump-str title=\"3 characters\">int</span>\"
      +<span class=sf-dump-public title=\"Public property\">incrementing</span>: <span class=sf-dump-const>true</span>
      #<span class=sf-dump-protected title=\"Protected property\">with</span>: []
      #<span class=sf-dump-protected title=\"Protected property\">withCount</span>: []
      +<span class=sf-dump-public title=\"Public property\">preventsLazyLoading</span>: <span class=sf-dump-const>false</span>
      #<span class=sf-dump-protected title=\"Protected property\">perPage</span>: <span class=sf-dump-num>15</span>
      +<span class=sf-dump-public title=\"Public property\">exists</span>: <span class=sf-dump-const>true</span>
      +<span class=sf-dump-public title=\"Public property\">wasRecentlyCreated</span>: <span class=sf-dump-const>false</span>
      #<span class=sf-dump-protected title=\"Protected property\">escapeWhenCastingToString</span>: <span class=sf-dump-const>false</span>
      #<span class=sf-dump-protected title=\"Protected property\">attributes</span>: <span class=sf-dump-note>array:11</span> [ &#8230;11]
      #<span class=sf-dump-protected title=\"Protected property\">original</span>: <span class=sf-dump-note>array:11</span> [ &#8230;11]
      #<span class=sf-dump-protected title=\"Protected property\">changes</span>: []
      #<span class=sf-dump-protected title=\"Protected property\">casts</span>: []
      #<span class=sf-dump-protected title=\"Protected property\">classCastCache</span>: []
      #<span class=sf-dump-protected title=\"Protected property\">attributeCastCache</span>: []
      #<span class=sf-dump-protected title=\"Protected property\">dateFormat</span>: <span class=sf-dump-const>null</span>
      #<span class=sf-dump-protected title=\"Protected property\">appends</span>: []
      #<span class=sf-dump-protected title=\"Protected property\">dispatchesEvents</span>: []
      #<span class=sf-dump-protected title=\"Protected property\">observables</span>: []
      #<span class=sf-dump-protected title=\"Protected property\">relations</span>: []
      #<span class=sf-dump-protected title=\"Protected property\">touches</span>: []
      +<span class=sf-dump-public title=\"Public property\">timestamps</span>: <span class=sf-dump-const>true</span>
      +<span class=sf-dump-public title=\"Public property\">usesUniqueIds</span>: <span class=sf-dump-const>false</span>
      #<span class=sf-dump-protected title=\"Protected property\">hidden</span>: []
      #<span class=sf-dump-protected title=\"Protected property\">visible</span>: []
      #<span class=sf-dump-protected title=\"Protected property\">fillable</span>: <span class=sf-dump-note>array:6</span> [ &#8230;6]
      #<span class=sf-dump-protected title=\"Protected property\">guarded</span>: <span class=sf-dump-note>array:1</span> [ &#8230;1]
    </samp>}
    <span class=sf-dump-index>23</span> => <span class=sf-dump-note title=\"App\\Models\\Testimoni
\"><span class=\"sf-dump-ellipsis sf-dump-ellipsis-note\">App\\Models</span><span class=\"sf-dump-ellipsis sf-dump-ellipsis-note\">\\</span>Testimoni</span> {<a class=sf-dump-ref>#558</a><samp data-depth=3 class=sf-dump-compact>
      #<span class=sf-dump-protected title=\"Protected property\">connection</span>: \"<span class=sf-dump-str title=\"5 characters\">mysql</span>\"
      #<span class=sf-dump-protected title=\"Protected property\">table</span>: \"<span class=sf-dump-str title=\"9 characters\">testimoni</span>\"
      #<span class=sf-dump-protected title=\"Protected property\">primaryKey</span>: \"<span class=sf-dump-str title=\"2 characters\">id</span>\"
      #<span class=sf-dump-protected title=\"Protected property\">keyType</span>: \"<span class=sf-dump-str title=\"3 characters\">int</span>\"
      +<span class=sf-dump-public title=\"Public property\">incrementing</span>: <span class=sf-dump-const>true</span>
      #<span class=sf-dump-protected title=\"Protected property\">with</span>: []
      #<span class=sf-dump-protected title=\"Protected property\">withCount</span>: []
      +<span class=sf-dump-public title=\"Public property\">preventsLazyLoading</span>: <span class=sf-dump-const>false</span>
      #<span class=sf-dump-protected title=\"Protected property\">perPage</span>: <span class=sf-dump-num>15</span>
      +<span class=sf-dump-public title=\"Public property\">exists</span>: <span class=sf-dump-const>true</span>
      +<span class=sf-dump-public title=\"Public property\">wasRecentlyCreated</span>: <span class=sf-dump-const>false</span>
      #<span class=sf-dump-protected title=\"Protected property\">escapeWhenCastingToString</span>: <span class=sf-dump-const>false</span>
      #<span class=sf-dump-protected title=\"Protected property\">attributes</span>: <span class=sf-dump-note>array:11</span> [ &#8230;11]
      #<span class=sf-dump-protected title=\"Protected property\">original</span>: <span class=sf-dump-note>array:11</span> [ &#8230;11]
      #<span class=sf-dump-protected title=\"Protected property\">changes</span>: []
      #<span class=sf-dump-protected title=\"Protected property\">casts</span>: []
      #<span class=sf-dump-protected title=\"Protected property\">classCastCache</span>: []
      #<span class=sf-dump-protected title=\"Protected property\">attributeCastCache</span>: []
      #<span class=sf-dump-protected title=\"Protected property\">dateFormat</span>: <span class=sf-dump-const>null</span>
      #<span class=sf-dump-protected title=\"Protected property\">appends</span>: []
      #<span class=sf-dump-protected title=\"Protected property\">dispatchesEvents</span>: []
      #<span class=sf-dump-protected title=\"Protected property\">observables</span>: []
      #<span class=sf-dump-protected title=\"Protected property\">relations</span>: []
      #<span class=sf-dump-protected title=\"Protected property\">touches</span>: []
      +<span class=sf-dump-public title=\"Public property\">timestamps</span>: <span class=sf-dump-const>true</span>
      +<span class=sf-dump-public title=\"Public property\">usesUniqueIds</span>: <span class=sf-dump-const>false</span>
      #<span class=sf-dump-protected title=\"Protected property\">hidden</span>: []
      #<span class=sf-dump-protected title=\"Protected property\">visible</span>: []
      #<span class=sf-dump-protected title=\"Protected property\">fillable</span>: <span class=sf-dump-note>array:6</span> [ &#8230;6]
      #<span class=sf-dump-protected title=\"Protected property\">guarded</span>: <span class=sf-dump-note>array:1</span> [ &#8230;1]
    </samp>}
    <span class=sf-dump-index>24</span> => <span class=sf-dump-note title=\"App\\Models\\Testimoni
\"><span class=\"sf-dump-ellipsis sf-dump-ellipsis-note\">App\\Models</span><span class=\"sf-dump-ellipsis sf-dump-ellipsis-note\">\\</span>Testimoni</span> {<a class=sf-dump-ref>#559</a><samp data-depth=3 class=sf-dump-compact>
      #<span class=sf-dump-protected title=\"Protected property\">connection</span>: \"<span class=sf-dump-str title=\"5 characters\">mysql</span>\"
      #<span class=sf-dump-protected title=\"Protected property\">table</span>: \"<span class=sf-dump-str title=\"9 characters\">testimoni</span>\"
      #<span class=sf-dump-protected title=\"Protected property\">primaryKey</span>: \"<span class=sf-dump-str title=\"2 characters\">id</span>\"
      #<span class=sf-dump-protected title=\"Protected property\">keyType</span>: \"<span class=sf-dump-str title=\"3 characters\">int</span>\"
      +<span class=sf-dump-public title=\"Public property\">incrementing</span>: <span class=sf-dump-const>true</span>
      #<span class=sf-dump-protected title=\"Protected property\">with</span>: []
      #<span class=sf-dump-protected title=\"Protected property\">withCount</span>: []
      +<span class=sf-dump-public title=\"Public property\">preventsLazyLoading</span>: <span class=sf-dump-const>false</span>
      #<span class=sf-dump-protected title=\"Protected property\">perPage</span>: <span class=sf-dump-num>15</span>
      +<span class=sf-dump-public title=\"Public property\">exists</span>: <span class=sf-dump-const>true</span>
      +<span class=sf-dump-public title=\"Public property\">wasRecentlyCreated</span>: <span class=sf-dump-const>false</span>
      #<span class=sf-dump-protected title=\"Protected property\">escapeWhenCastingToString</span>: <span class=sf-dump-const>false</span>
      #<span class=sf-dump-protected title=\"Protected property\">attributes</span>: <span class=sf-dump-note>array:11</span> [ &#8230;11]
      #<span class=sf-dump-protected title=\"Protected property\">original</span>: <span class=sf-dump-note>array:11</span> [ &#8230;11]
      #<span class=sf-dump-protected title=\"Protected property\">changes</span>: []
      #<span class=sf-dump-protected title=\"Protected property\">casts</span>: []
      #<span class=sf-dump-protected title=\"Protected property\">classCastCache</span>: []
      #<span class=sf-dump-protected title=\"Protected property\">attributeCastCache</span>: []
      #<span class=sf-dump-protected title=\"Protected property\">dateFormat</span>: <span class=sf-dump-const>null</span>
      #<span class=sf-dump-protected title=\"Protected property\">appends</span>: []
      #<span class=sf-dump-protected title=\"Protected property\">dispatchesEvents</span>: []
      #<span class=sf-dump-protected title=\"Protected property\">observables</span>: []
      #<span class=sf-dump-protected title=\"Protected property\">relations</span>: []
      #<span class=sf-dump-protected title=\"Protected property\">touches</span>: []
      +<span class=sf-dump-public title=\"Public property\">timestamps</span>: <span class=sf-dump-const>true</span>
      +<span class=sf-dump-public title=\"Public property\">usesUniqueIds</span>: <span class=sf-dump-const>false</span>
      #<span class=sf-dump-protected title=\"Protected property\">hidden</span>: []
      #<span class=sf-dump-protected title=\"Protected property\">visible</span>: []
      #<span class=sf-dump-protected title=\"Protected property\">fillable</span>: <span class=sf-dump-note>array:6</span> [ &#8230;6]
      #<span class=sf-dump-protected title=\"Protected property\">guarded</span>: <span class=sf-dump-note>array:1</span> [ &#8230;1]
    </samp>}
    <span class=sf-dump-index>25</span> => <span class=sf-dump-note title=\"App\\Models\\Testimoni
\"><span class=\"sf-dump-ellipsis sf-dump-ellipsis-note\">App\\Models</span><span class=\"sf-dump-ellipsis sf-dump-ellipsis-note\">\\</span>Testimoni</span> {<a class=sf-dump-ref>#560</a><samp data-depth=3 class=sf-dump-compact>
      #<span class=sf-dump-protected title=\"Protected property\">connection</span>: \"<span class=sf-dump-str title=\"5 characters\">mysql</span>\"
      #<span class=sf-dump-protected title=\"Protected property\">table</span>: \"<span class=sf-dump-str title=\"9 characters\">testimoni</span>\"
      #<span class=sf-dump-protected title=\"Protected property\">primaryKey</span>: \"<span class=sf-dump-str title=\"2 characters\">id</span>\"
      #<span class=sf-dump-protected title=\"Protected property\">keyType</span>: \"<span class=sf-dump-str title=\"3 characters\">int</span>\"
      +<span class=sf-dump-public title=\"Public property\">incrementing</span>: <span class=sf-dump-const>true</span>
      #<span class=sf-dump-protected title=\"Protected property\">with</span>: []
      #<span class=sf-dump-protected title=\"Protected property\">withCount</span>: []
      +<span class=sf-dump-public title=\"Public property\">preventsLazyLoading</span>: <span class=sf-dump-const>false</span>
      #<span class=sf-dump-protected title=\"Protected property\">perPage</span>: <span class=sf-dump-num>15</span>
      +<span class=sf-dump-public title=\"Public property\">exists</span>: <span class=sf-dump-const>true</span>
      +<span class=sf-dump-public title=\"Public property\">wasRecentlyCreated</span>: <span class=sf-dump-const>false</span>
      #<span class=sf-dump-protected title=\"Protected property\">escapeWhenCastingToString</span>: <span class=sf-dump-const>false</span>
      #<span class=sf-dump-protected title=\"Protected property\">attributes</span>: <span class=sf-dump-note>array:11</span> [ &#8230;11]
      #<span class=sf-dump-protected title=\"Protected property\">original</span>: <span class=sf-dump-note>array:11</span> [ &#8230;11]
      #<span class=sf-dump-protected title=\"Protected property\">changes</span>: []
      #<span class=sf-dump-protected title=\"Protected property\">casts</span>: []
      #<span class=sf-dump-protected title=\"Protected property\">classCastCache</span>: []
      #<span class=sf-dump-protected title=\"Protected property\">attributeCastCache</span>: []
      #<span class=sf-dump-protected title=\"Protected property\">dateFormat</span>: <span class=sf-dump-const>null</span>
      #<span class=sf-dump-protected title=\"Protected property\">appends</span>: []
      #<span class=sf-dump-protected title=\"Protected property\">dispatchesEvents</span>: []
      #<span class=sf-dump-protected title=\"Protected property\">observables</span>: []
      #<span class=sf-dump-protected title=\"Protected property\">relations</span>: []
      #<span class=sf-dump-protected title=\"Protected property\">touches</span>: []
      +<span class=sf-dump-public title=\"Public property\">timestamps</span>: <span class=sf-dump-const>true</span>
      +<span class=sf-dump-public title=\"Public property\">usesUniqueIds</span>: <span class=sf-dump-const>false</span>
      #<span class=sf-dump-protected title=\"Protected property\">hidden</span>: []
      #<span class=sf-dump-protected title=\"Protected property\">visible</span>: []
      #<span class=sf-dump-protected title=\"Protected property\">fillable</span>: <span class=sf-dump-note>array:6</span> [ &#8230;6]
      #<span class=sf-dump-protected title=\"Protected property\">guarded</span>: <span class=sf-dump-note>array:1</span> [ &#8230;1]
    </samp>}
    <span class=sf-dump-index>26</span> => <span class=sf-dump-note title=\"App\\Models\\Testimoni
\"><span class=\"sf-dump-ellipsis sf-dump-ellipsis-note\">App\\Models</span><span class=\"sf-dump-ellipsis sf-dump-ellipsis-note\">\\</span>Testimoni</span> {<a class=sf-dump-ref>#561</a><samp data-depth=3 class=sf-dump-compact>
      #<span class=sf-dump-protected title=\"Protected property\">connection</span>: \"<span class=sf-dump-str title=\"5 characters\">mysql</span>\"
      #<span class=sf-dump-protected title=\"Protected property\">table</span>: \"<span class=sf-dump-str title=\"9 characters\">testimoni</span>\"
      #<span class=sf-dump-protected title=\"Protected property\">primaryKey</span>: \"<span class=sf-dump-str title=\"2 characters\">id</span>\"
      #<span class=sf-dump-protected title=\"Protected property\">keyType</span>: \"<span class=sf-dump-str title=\"3 characters\">int</span>\"
      +<span class=sf-dump-public title=\"Public property\">incrementing</span>: <span class=sf-dump-const>true</span>
      #<span class=sf-dump-protected title=\"Protected property\">with</span>: []
      #<span class=sf-dump-protected title=\"Protected property\">withCount</span>: []
      +<span class=sf-dump-public title=\"Public property\">preventsLazyLoading</span>: <span class=sf-dump-const>false</span>
      #<span class=sf-dump-protected title=\"Protected property\">perPage</span>: <span class=sf-dump-num>15</span>
      +<span class=sf-dump-public title=\"Public property\">exists</span>: <span class=sf-dump-const>true</span>
      +<span class=sf-dump-public title=\"Public property\">wasRecentlyCreated</span>: <span class=sf-dump-const>false</span>
      #<span class=sf-dump-protected title=\"Protected property\">escapeWhenCastingToString</span>: <span class=sf-dump-const>false</span>
      #<span class=sf-dump-protected title=\"Protected property\">attributes</span>: <span class=sf-dump-note>array:11</span> [ &#8230;11]
      #<span class=sf-dump-protected title=\"Protected property\">original</span>: <span class=sf-dump-note>array:11</span> [ &#8230;11]
      #<span class=sf-dump-protected title=\"Protected property\">changes</span>: []
      #<span class=sf-dump-protected title=\"Protected property\">casts</span>: []
      #<span class=sf-dump-protected title=\"Protected property\">classCastCache</span>: []
      #<span class=sf-dump-protected title=\"Protected property\">attributeCastCache</span>: []
      #<span class=sf-dump-protected title=\"Protected property\">dateFormat</span>: <span class=sf-dump-const>null</span>
      #<span class=sf-dump-protected title=\"Protected property\">appends</span>: []
      #<span class=sf-dump-protected title=\"Protected property\">dispatchesEvents</span>: []
      #<span class=sf-dump-protected title=\"Protected property\">observables</span>: []
      #<span class=sf-dump-protected title=\"Protected property\">relations</span>: []
      #<span class=sf-dump-protected title=\"Protected property\">touches</span>: []
      +<span class=sf-dump-public title=\"Public property\">timestamps</span>: <span class=sf-dump-const>true</span>
      +<span class=sf-dump-public title=\"Public property\">usesUniqueIds</span>: <span class=sf-dump-const>false</span>
      #<span class=sf-dump-protected title=\"Protected property\">hidden</span>: []
      #<span class=sf-dump-protected title=\"Protected property\">visible</span>: []
      #<span class=sf-dump-protected title=\"Protected property\">fillable</span>: <span class=sf-dump-note>array:6</span> [ &#8230;6]
      #<span class=sf-dump-protected title=\"Protected property\">guarded</span>: <span class=sf-dump-note>array:1</span> [ &#8230;1]
    </samp>}
    <span class=sf-dump-index>27</span> => <span class=sf-dump-note title=\"App\\Models\\Testimoni
\"><span class=\"sf-dump-ellipsis sf-dump-ellipsis-note\">App\\Models</span><span class=\"sf-dump-ellipsis sf-dump-ellipsis-note\">\\</span>Testimoni</span> {<a class=sf-dump-ref>#562</a><samp data-depth=3 class=sf-dump-compact>
      #<span class=sf-dump-protected title=\"Protected property\">connection</span>: \"<span class=sf-dump-str title=\"5 characters\">mysql</span>\"
      #<span class=sf-dump-protected title=\"Protected property\">table</span>: \"<span class=sf-dump-str title=\"9 characters\">testimoni</span>\"
      #<span class=sf-dump-protected title=\"Protected property\">primaryKey</span>: \"<span class=sf-dump-str title=\"2 characters\">id</span>\"
      #<span class=sf-dump-protected title=\"Protected property\">keyType</span>: \"<span class=sf-dump-str title=\"3 characters\">int</span>\"
      +<span class=sf-dump-public title=\"Public property\">incrementing</span>: <span class=sf-dump-const>true</span>
      #<span class=sf-dump-protected title=\"Protected property\">with</span>: []
      #<span class=sf-dump-protected title=\"Protected property\">withCount</span>: []
      +<span class=sf-dump-public title=\"Public property\">preventsLazyLoading</span>: <span class=sf-dump-const>false</span>
      #<span class=sf-dump-protected title=\"Protected property\">perPage</span>: <span class=sf-dump-num>15</span>
      +<span class=sf-dump-public title=\"Public property\">exists</span>: <span class=sf-dump-const>true</span>
      +<span class=sf-dump-public title=\"Public property\">wasRecentlyCreated</span>: <span class=sf-dump-const>false</span>
      #<span class=sf-dump-protected title=\"Protected property\">escapeWhenCastingToString</span>: <span class=sf-dump-const>false</span>
      #<span class=sf-dump-protected title=\"Protected property\">attributes</span>: <span class=sf-dump-note>array:11</span> [ &#8230;11]
      #<span class=sf-dump-protected title=\"Protected property\">original</span>: <span class=sf-dump-note>array:11</span> [ &#8230;11]
      #<span class=sf-dump-protected title=\"Protected property\">changes</span>: []
      #<span class=sf-dump-protected title=\"Protected property\">casts</span>: []
      #<span class=sf-dump-protected title=\"Protected property\">classCastCache</span>: []
      #<span class=sf-dump-protected title=\"Protected property\">attributeCastCache</span>: []
      #<span class=sf-dump-protected title=\"Protected property\">dateFormat</span>: <span class=sf-dump-const>null</span>
      #<span class=sf-dump-protected title=\"Protected property\">appends</span>: []
      #<span class=sf-dump-protected title=\"Protected property\">dispatchesEvents</span>: []
      #<span class=sf-dump-protected title=\"Protected property\">observables</span>: []
      #<span class=sf-dump-protected title=\"Protected property\">relations</span>: []
      #<span class=sf-dump-protected title=\"Protected property\">touches</span>: []
      +<span class=sf-dump-public title=\"Public property\">timestamps</span>: <span class=sf-dump-const>true</span>
      +<span class=sf-dump-public title=\"Public property\">usesUniqueIds</span>: <span class=sf-dump-const>false</span>
      #<span class=sf-dump-protected title=\"Protected property\">hidden</span>: []
      #<span class=sf-dump-protected title=\"Protected property\">visible</span>: []
      #<span class=sf-dump-protected title=\"Protected property\">fillable</span>: <span class=sf-dump-note>array:6</span> [ &#8230;6]
      #<span class=sf-dump-protected title=\"Protected property\">guarded</span>: <span class=sf-dump-note>array:1</span> [ &#8230;1]
    </samp>}
    <span class=sf-dump-index>28</span> => <span class=sf-dump-note title=\"App\\Models\\Testimoni
\"><span class=\"sf-dump-ellipsis sf-dump-ellipsis-note\">App\\Models</span><span class=\"sf-dump-ellipsis sf-dump-ellipsis-note\">\\</span>Testimoni</span> {<a class=sf-dump-ref>#563</a><samp data-depth=3 class=sf-dump-compact>
      #<span class=sf-dump-protected title=\"Protected property\">connection</span>: \"<span class=sf-dump-str title=\"5 characters\">mysql</span>\"
      #<span class=sf-dump-protected title=\"Protected property\">table</span>: \"<span class=sf-dump-str title=\"9 characters\">testimoni</span>\"
      #<span class=sf-dump-protected title=\"Protected property\">primaryKey</span>: \"<span class=sf-dump-str title=\"2 characters\">id</span>\"
      #<span class=sf-dump-protected title=\"Protected property\">keyType</span>: \"<span class=sf-dump-str title=\"3 characters\">int</span>\"
      +<span class=sf-dump-public title=\"Public property\">incrementing</span>: <span class=sf-dump-const>true</span>
      #<span class=sf-dump-protected title=\"Protected property\">with</span>: []
      #<span class=sf-dump-protected title=\"Protected property\">withCount</span>: []
      +<span class=sf-dump-public title=\"Public property\">preventsLazyLoading</span>: <span class=sf-dump-const>false</span>
      #<span class=sf-dump-protected title=\"Protected property\">perPage</span>: <span class=sf-dump-num>15</span>
      +<span class=sf-dump-public title=\"Public property\">exists</span>: <span class=sf-dump-const>true</span>
      +<span class=sf-dump-public title=\"Public property\">wasRecentlyCreated</span>: <span class=sf-dump-const>false</span>
      #<span class=sf-dump-protected title=\"Protected property\">escapeWhenCastingToString</span>: <span class=sf-dump-const>false</span>
      #<span class=sf-dump-protected title=\"Protected property\">attributes</span>: <span class=sf-dump-note>array:11</span> [ &#8230;11]
      #<span class=sf-dump-protected title=\"Protected property\">original</span>: <span class=sf-dump-note>array:11</span> [ &#8230;11]
      #<span class=sf-dump-protected title=\"Protected property\">changes</span>: []
      #<span class=sf-dump-protected title=\"Protected property\">casts</span>: []
      #<span class=sf-dump-protected title=\"Protected property\">classCastCache</span>: []
      #<span class=sf-dump-protected title=\"Protected property\">attributeCastCache</span>: []
      #<span class=sf-dump-protected title=\"Protected property\">dateFormat</span>: <span class=sf-dump-const>null</span>
      #<span class=sf-dump-protected title=\"Protected property\">appends</span>: []
      #<span class=sf-dump-protected title=\"Protected property\">dispatchesEvents</span>: []
      #<span class=sf-dump-protected title=\"Protected property\">observables</span>: []
      #<span class=sf-dump-protected title=\"Protected property\">relations</span>: []
      #<span class=sf-dump-protected title=\"Protected property\">touches</span>: []
      +<span class=sf-dump-public title=\"Public property\">timestamps</span>: <span class=sf-dump-const>true</span>
      +<span class=sf-dump-public title=\"Public property\">usesUniqueIds</span>: <span class=sf-dump-const>false</span>
      #<span class=sf-dump-protected title=\"Protected property\">hidden</span>: []
      #<span class=sf-dump-protected title=\"Protected property\">visible</span>: []
      #<span class=sf-dump-protected title=\"Protected property\">fillable</span>: <span class=sf-dump-note>array:6</span> [ &#8230;6]
      #<span class=sf-dump-protected title=\"Protected property\">guarded</span>: <span class=sf-dump-note>array:1</span> [ &#8230;1]
    </samp>}
    <span class=sf-dump-index>29</span> => <span class=sf-dump-note title=\"App\\Models\\Testimoni
\"><span class=\"sf-dump-ellipsis sf-dump-ellipsis-note\">App\\Models</span><span class=\"sf-dump-ellipsis sf-dump-ellipsis-note\">\\</span>Testimoni</span> {<a class=sf-dump-ref>#564</a><samp data-depth=3 class=sf-dump-compact>
      #<span class=sf-dump-protected title=\"Protected property\">connection</span>: \"<span class=sf-dump-str title=\"5 characters\">mysql</span>\"
      #<span class=sf-dump-protected title=\"Protected property\">table</span>: \"<span class=sf-dump-str title=\"9 characters\">testimoni</span>\"
      #<span class=sf-dump-protected title=\"Protected property\">primaryKey</span>: \"<span class=sf-dump-str title=\"2 characters\">id</span>\"
      #<span class=sf-dump-protected title=\"Protected property\">keyType</span>: \"<span class=sf-dump-str title=\"3 characters\">int</span>\"
      +<span class=sf-dump-public title=\"Public property\">incrementing</span>: <span class=sf-dump-const>true</span>
      #<span class=sf-dump-protected title=\"Protected property\">with</span>: []
      #<span class=sf-dump-protected title=\"Protected property\">withCount</span>: []
      +<span class=sf-dump-public title=\"Public property\">preventsLazyLoading</span>: <span class=sf-dump-const>false</span>
      #<span class=sf-dump-protected title=\"Protected property\">perPage</span>: <span class=sf-dump-num>15</span>
      +<span class=sf-dump-public title=\"Public property\">exists</span>: <span class=sf-dump-const>true</span>
      +<span class=sf-dump-public title=\"Public property\">wasRecentlyCreated</span>: <span class=sf-dump-const>false</span>
      #<span class=sf-dump-protected title=\"Protected property\">escapeWhenCastingToString</span>: <span class=sf-dump-const>false</span>
      #<span class=sf-dump-protected title=\"Protected property\">attributes</span>: <span class=sf-dump-note>array:11</span> [ &#8230;11]
      #<span class=sf-dump-protected title=\"Protected property\">original</span>: <span class=sf-dump-note>array:11</span> [ &#8230;11]
      #<span class=sf-dump-protected title=\"Protected property\">changes</span>: []
      #<span class=sf-dump-protected title=\"Protected property\">casts</span>: []
      #<span class=sf-dump-protected title=\"Protected property\">classCastCache</span>: []
      #<span class=sf-dump-protected title=\"Protected property\">attributeCastCache</span>: []
      #<span class=sf-dump-protected title=\"Protected property\">dateFormat</span>: <span class=sf-dump-const>null</span>
      #<span class=sf-dump-protected title=\"Protected property\">appends</span>: []
      #<span class=sf-dump-protected title=\"Protected property\">dispatchesEvents</span>: []
      #<span class=sf-dump-protected title=\"Protected property\">observables</span>: []
      #<span class=sf-dump-protected title=\"Protected property\">relations</span>: []
      #<span class=sf-dump-protected title=\"Protected property\">touches</span>: []
      +<span class=sf-dump-public title=\"Public property\">timestamps</span>: <span class=sf-dump-const>true</span>
      +<span class=sf-dump-public title=\"Public property\">usesUniqueIds</span>: <span class=sf-dump-const>false</span>
      #<span class=sf-dump-protected title=\"Protected property\">hidden</span>: []
      #<span class=sf-dump-protected title=\"Protected property\">visible</span>: []
      #<span class=sf-dump-protected title=\"Protected property\">fillable</span>: <span class=sf-dump-note>array:6</span> [ &#8230;6]
      #<span class=sf-dump-protected title=\"Protected property\">guarded</span>: <span class=sf-dump-note>array:1</span> [ &#8230;1]
    </samp>}
    <span class=sf-dump-index>30</span> => <span class=sf-dump-note title=\"App\\Models\\Testimoni
\"><span class=\"sf-dump-ellipsis sf-dump-ellipsis-note\">App\\Models</span><span class=\"sf-dump-ellipsis sf-dump-ellipsis-note\">\\</span>Testimoni</span> {<a class=sf-dump-ref>#565</a><samp data-depth=3 class=sf-dump-compact>
      #<span class=sf-dump-protected title=\"Protected property\">connection</span>: \"<span class=sf-dump-str title=\"5 characters\">mysql</span>\"
      #<span class=sf-dump-protected title=\"Protected property\">table</span>: \"<span class=sf-dump-str title=\"9 characters\">testimoni</span>\"
      #<span class=sf-dump-protected title=\"Protected property\">primaryKey</span>: \"<span class=sf-dump-str title=\"2 characters\">id</span>\"
      #<span class=sf-dump-protected title=\"Protected property\">keyType</span>: \"<span class=sf-dump-str title=\"3 characters\">int</span>\"
      +<span class=sf-dump-public title=\"Public property\">incrementing</span>: <span class=sf-dump-const>true</span>
      #<span class=sf-dump-protected title=\"Protected property\">with</span>: []
      #<span class=sf-dump-protected title=\"Protected property\">withCount</span>: []
      +<span class=sf-dump-public title=\"Public property\">preventsLazyLoading</span>: <span class=sf-dump-const>false</span>
      #<span class=sf-dump-protected title=\"Protected property\">perPage</span>: <span class=sf-dump-num>15</span>
      +<span class=sf-dump-public title=\"Public property\">exists</span>: <span class=sf-dump-const>true</span>
      +<span class=sf-dump-public title=\"Public property\">wasRecentlyCreated</span>: <span class=sf-dump-const>false</span>
      #<span class=sf-dump-protected title=\"Protected property\">escapeWhenCastingToString</span>: <span class=sf-dump-const>false</span>
      #<span class=sf-dump-protected title=\"Protected property\">attributes</span>: <span class=sf-dump-note>array:11</span> [ &#8230;11]
      #<span class=sf-dump-protected title=\"Protected property\">original</span>: <span class=sf-dump-note>array:11</span> [ &#8230;11]
      #<span class=sf-dump-protected title=\"Protected property\">changes</span>: []
      #<span class=sf-dump-protected title=\"Protected property\">casts</span>: []
      #<span class=sf-dump-protected title=\"Protected property\">classCastCache</span>: []
      #<span class=sf-dump-protected title=\"Protected property\">attributeCastCache</span>: []
      #<span class=sf-dump-protected title=\"Protected property\">dateFormat</span>: <span class=sf-dump-const>null</span>
      #<span class=sf-dump-protected title=\"Protected property\">appends</span>: []
      #<span class=sf-dump-protected title=\"Protected property\">dispatchesEvents</span>: []
      #<span class=sf-dump-protected title=\"Protected property\">observables</span>: []
      #<span class=sf-dump-protected title=\"Protected property\">relations</span>: []
      #<span class=sf-dump-protected title=\"Protected property\">touches</span>: []
      +<span class=sf-dump-public title=\"Public property\">timestamps</span>: <span class=sf-dump-const>true</span>
      +<span class=sf-dump-public title=\"Public property\">usesUniqueIds</span>: <span class=sf-dump-const>false</span>
      #<span class=sf-dump-protected title=\"Protected property\">hidden</span>: []
      #<span class=sf-dump-protected title=\"Protected property\">visible</span>: []
      #<span class=sf-dump-protected title=\"Protected property\">fillable</span>: <span class=sf-dump-note>array:6</span> [ &#8230;6]
      #<span class=sf-dump-protected title=\"Protected property\">guarded</span>: <span class=sf-dump-note>array:1</span> [ &#8230;1]
    </samp>}
  </samp>]
  #<span class=sf-dump-protected title=\"Protected property\">escapeWhenCastingToString</span>: <span class=sf-dump-const>false</span>
</samp>}
</pre><script>Sfdump(\"sf-dump-1838061196\", {\"maxDepth\":3,\"maxStringLength\":160})</script>
","faqs":"<pre class=sf-dump id=sf-dump-900046095 data-indent-pad=\"  \"><span class=sf-dump-note>Illuminate\\Database\\Eloquent\\Collection</span> {<a class=sf-dump-ref>#519</a><samp data-depth=1 class=sf-dump-expanded>
  #<span class=sf-dump-protected title=\"Protected property\">items</span>: <span class=sf-dump-note>array:8</span> [<samp data-depth=2 class=sf-dump-compact>
    <span class=sf-dump-index>0</span> => <span class=sf-dump-note title=\"App\\Models\\Faq
\"><span class=\"sf-dump-ellipsis sf-dump-ellipsis-note\">App\\Models</span><span class=\"sf-dump-ellipsis sf-dump-ellipsis-note\">\\</span>Faq</span> {<a class=sf-dump-ref>#517</a><samp data-depth=3 class=sf-dump-compact>
      #<span class=sf-dump-protected title=\"Protected property\">connection</span>: \"<span class=sf-dump-str title=\"5 characters\">mysql</span>\"
      #<span class=sf-dump-protected title=\"Protected property\">table</span>: \"<span class=sf-dump-str title=\"4 characters\">faqs</span>\"
      #<span class=sf-dump-protected title=\"Protected property\">primaryKey</span>: \"<span class=sf-dump-str title=\"2 characters\">id</span>\"
      #<span class=sf-dump-protected title=\"Protected property\">keyType</span>: \"<span class=sf-dump-str title=\"3 characters\">int</span>\"
      +<span class=sf-dump-public title=\"Public property\">incrementing</span>: <span class=sf-dump-const>true</span>
      #<span class=sf-dump-protected title=\"Protected property\">with</span>: []
      #<span class=sf-dump-protected title=\"Protected property\">withCount</span>: []
      +<span class=sf-dump-public title=\"Public property\">preventsLazyLoading</span>: <span class=sf-dump-const>false</span>
      #<span class=sf-dump-protected title=\"Protected property\">perPage</span>: <span class=sf-dump-num>15</span>
      +<span class=sf-dump-public title=\"Public property\">exists</span>: <span class=sf-dump-const>true</span>
      +<span class=sf-dump-public title=\"Public property\">wasRecentlyCreated</span>: <span class=sf-dump-const>false</span>
      #<span class=sf-dump-protected title=\"Protected property\">escapeWhenCastingToString</span>: <span class=sf-dump-const>false</span>
      #<span class=sf-dump-protected title=\"Protected property\">attributes</span>: <span class=sf-dump-note>array:6</span> [ &#8230;6]
      #<span class=sf-dump-protected title=\"Protected property\">original</span>: <span class=sf-dump-note>array:6</span> [ &#8230;6]
      #<span class=sf-dump-protected title=\"Protected property\">changes</span>: []
      #<span class=sf-dump-protected title=\"Protected property\">casts</span>: []
      #<span class=sf-dump-protected title=\"Protected property\">classCastCache</span>: []
      #<span class=sf-dump-protected title=\"Protected property\">attributeCastCache</span>: []
      #<span class=sf-dump-protected title=\"Protected property\">dateFormat</span>: <span class=sf-dump-const>null</span>
      #<span class=sf-dump-protected title=\"Protected property\">appends</span>: []
      #<span class=sf-dump-protected title=\"Protected property\">dispatchesEvents</span>: []
      #<span class=sf-dump-protected title=\"Protected property\">observables</span>: []
      #<span class=sf-dump-protected title=\"Protected property\">relations</span>: []
      #<span class=sf-dump-protected title=\"Protected property\">touches</span>: []
      +<span class=sf-dump-public title=\"Public property\">timestamps</span>: <span class=sf-dump-const>true</span>
      +<span class=sf-dump-public title=\"Public property\">usesUniqueIds</span>: <span class=sf-dump-const>false</span>
      #<span class=sf-dump-protected title=\"Protected property\">hidden</span>: []
      #<span class=sf-dump-protected title=\"Protected property\">visible</span>: []
      #<span class=sf-dump-protected title=\"Protected property\">fillable</span>: <span class=sf-dump-note>array:3</span> [ &#8230;3]
      #<span class=sf-dump-protected title=\"Protected property\">guarded</span>: <span class=sf-dump-note>array:1</span> [ &#8230;1]
    </samp>}
    <span class=sf-dump-index>1</span> => <span class=sf-dump-note title=\"App\\Models\\Faq
\"><span class=\"sf-dump-ellipsis sf-dump-ellipsis-note\">App\\Models</span><span class=\"sf-dump-ellipsis sf-dump-ellipsis-note\">\\</span>Faq</span> {<a class=sf-dump-ref>#516</a><samp data-depth=3 class=sf-dump-compact>
      #<span class=sf-dump-protected title=\"Protected property\">connection</span>: \"<span class=sf-dump-str title=\"5 characters\">mysql</span>\"
      #<span class=sf-dump-protected title=\"Protected property\">table</span>: \"<span class=sf-dump-str title=\"4 characters\">faqs</span>\"
      #<span class=sf-dump-protected title=\"Protected property\">primaryKey</span>: \"<span class=sf-dump-str title=\"2 characters\">id</span>\"
      #<span class=sf-dump-protected title=\"Protected property\">keyType</span>: \"<span class=sf-dump-str title=\"3 characters\">int</span>\"
      +<span class=sf-dump-public title=\"Public property\">incrementing</span>: <span class=sf-dump-const>true</span>
      #<span class=sf-dump-protected title=\"Protected property\">with</span>: []
      #<span class=sf-dump-protected title=\"Protected property\">withCount</span>: []
      +<span class=sf-dump-public title=\"Public property\">preventsLazyLoading</span>: <span class=sf-dump-const>false</span>
      #<span class=sf-dump-protected title=\"Protected property\">perPage</span>: <span class=sf-dump-num>15</span>
      +<span class=sf-dump-public title=\"Public property\">exists</span>: <span class=sf-dump-const>true</span>
      +<span class=sf-dump-public title=\"Public property\">wasRecentlyCreated</span>: <span class=sf-dump-const>false</span>
      #<span class=sf-dump-protected title=\"Protected property\">escapeWhenCastingToString</span>: <span class=sf-dump-const>false</span>
      #<span class=sf-dump-protected title=\"Protected property\">attributes</span>: <span class=sf-dump-note>array:6</span> [ &#8230;6]
      #<span class=sf-dump-protected title=\"Protected property\">original</span>: <span class=sf-dump-note>array:6</span> [ &#8230;6]
      #<span class=sf-dump-protected title=\"Protected property\">changes</span>: []
      #<span class=sf-dump-protected title=\"Protected property\">casts</span>: []
      #<span class=sf-dump-protected title=\"Protected property\">classCastCache</span>: []
      #<span class=sf-dump-protected title=\"Protected property\">attributeCastCache</span>: []
      #<span class=sf-dump-protected title=\"Protected property\">dateFormat</span>: <span class=sf-dump-const>null</span>
      #<span class=sf-dump-protected title=\"Protected property\">appends</span>: []
      #<span class=sf-dump-protected title=\"Protected property\">dispatchesEvents</span>: []
      #<span class=sf-dump-protected title=\"Protected property\">observables</span>: []
      #<span class=sf-dump-protected title=\"Protected property\">relations</span>: []
      #<span class=sf-dump-protected title=\"Protected property\">touches</span>: []
      +<span class=sf-dump-public title=\"Public property\">timestamps</span>: <span class=sf-dump-const>true</span>
      +<span class=sf-dump-public title=\"Public property\">usesUniqueIds</span>: <span class=sf-dump-const>false</span>
      #<span class=sf-dump-protected title=\"Protected property\">hidden</span>: []
      #<span class=sf-dump-protected title=\"Protected property\">visible</span>: []
      #<span class=sf-dump-protected title=\"Protected property\">fillable</span>: <span class=sf-dump-note>array:3</span> [ &#8230;3]
      #<span class=sf-dump-protected title=\"Protected property\">guarded</span>: <span class=sf-dump-note>array:1</span> [ &#8230;1]
    </samp>}
    <span class=sf-dump-index>2</span> => <span class=sf-dump-note title=\"App\\Models\\Faq
\"><span class=\"sf-dump-ellipsis sf-dump-ellipsis-note\">App\\Models</span><span class=\"sf-dump-ellipsis sf-dump-ellipsis-note\">\\</span>Faq</span> {<a class=sf-dump-ref>#515</a><samp data-depth=3 class=sf-dump-compact>
      #<span class=sf-dump-protected title=\"Protected property\">connection</span>: \"<span class=sf-dump-str title=\"5 characters\">mysql</span>\"
      #<span class=sf-dump-protected title=\"Protected property\">table</span>: \"<span class=sf-dump-str title=\"4 characters\">faqs</span>\"
      #<span class=sf-dump-protected title=\"Protected property\">primaryKey</span>: \"<span class=sf-dump-str title=\"2 characters\">id</span>\"
      #<span class=sf-dump-protected title=\"Protected property\">keyType</span>: \"<span class=sf-dump-str title=\"3 characters\">int</span>\"
      +<span class=sf-dump-public title=\"Public property\">incrementing</span>: <span class=sf-dump-const>true</span>
      #<span class=sf-dump-protected title=\"Protected property\">with</span>: []
      #<span class=sf-dump-protected title=\"Protected property\">withCount</span>: []
      +<span class=sf-dump-public title=\"Public property\">preventsLazyLoading</span>: <span class=sf-dump-const>false</span>
      #<span class=sf-dump-protected title=\"Protected property\">perPage</span>: <span class=sf-dump-num>15</span>
      +<span class=sf-dump-public title=\"Public property\">exists</span>: <span class=sf-dump-const>true</span>
      +<span class=sf-dump-public title=\"Public property\">wasRecentlyCreated</span>: <span class=sf-dump-const>false</span>
      #<span class=sf-dump-protected title=\"Protected property\">escapeWhenCastingToString</span>: <span class=sf-dump-const>false</span>
      #<span class=sf-dump-protected title=\"Protected property\">attributes</span>: <span class=sf-dump-note>array:6</span> [ &#8230;6]
      #<span class=sf-dump-protected title=\"Protected property\">original</span>: <span class=sf-dump-note>array:6</span> [ &#8230;6]
      #<span class=sf-dump-protected title=\"Protected property\">changes</span>: []
      #<span class=sf-dump-protected title=\"Protected property\">casts</span>: []
      #<span class=sf-dump-protected title=\"Protected property\">classCastCache</span>: []
      #<span class=sf-dump-protected title=\"Protected property\">attributeCastCache</span>: []
      #<span class=sf-dump-protected title=\"Protected property\">dateFormat</span>: <span class=sf-dump-const>null</span>
      #<span class=sf-dump-protected title=\"Protected property\">appends</span>: []
      #<span class=sf-dump-protected title=\"Protected property\">dispatchesEvents</span>: []
      #<span class=sf-dump-protected title=\"Protected property\">observables</span>: []
      #<span class=sf-dump-protected title=\"Protected property\">relations</span>: []
      #<span class=sf-dump-protected title=\"Protected property\">touches</span>: []
      +<span class=sf-dump-public title=\"Public property\">timestamps</span>: <span class=sf-dump-const>true</span>
      +<span class=sf-dump-public title=\"Public property\">usesUniqueIds</span>: <span class=sf-dump-const>false</span>
      #<span class=sf-dump-protected title=\"Protected property\">hidden</span>: []
      #<span class=sf-dump-protected title=\"Protected property\">visible</span>: []
      #<span class=sf-dump-protected title=\"Protected property\">fillable</span>: <span class=sf-dump-note>array:3</span> [ &#8230;3]
      #<span class=sf-dump-protected title=\"Protected property\">guarded</span>: <span class=sf-dump-note>array:1</span> [ &#8230;1]
    </samp>}
    <span class=sf-dump-index>3</span> => <span class=sf-dump-note title=\"App\\Models\\Faq
\"><span class=\"sf-dump-ellipsis sf-dump-ellipsis-note\">App\\Models</span><span class=\"sf-dump-ellipsis sf-dump-ellipsis-note\">\\</span>Faq</span> {<a class=sf-dump-ref>#514</a><samp data-depth=3 class=sf-dump-compact>
      #<span class=sf-dump-protected title=\"Protected property\">connection</span>: \"<span class=sf-dump-str title=\"5 characters\">mysql</span>\"
      #<span class=sf-dump-protected title=\"Protected property\">table</span>: \"<span class=sf-dump-str title=\"4 characters\">faqs</span>\"
      #<span class=sf-dump-protected title=\"Protected property\">primaryKey</span>: \"<span class=sf-dump-str title=\"2 characters\">id</span>\"
      #<span class=sf-dump-protected title=\"Protected property\">keyType</span>: \"<span class=sf-dump-str title=\"3 characters\">int</span>\"
      +<span class=sf-dump-public title=\"Public property\">incrementing</span>: <span class=sf-dump-const>true</span>
      #<span class=sf-dump-protected title=\"Protected property\">with</span>: []
      #<span class=sf-dump-protected title=\"Protected property\">withCount</span>: []
      +<span class=sf-dump-public title=\"Public property\">preventsLazyLoading</span>: <span class=sf-dump-const>false</span>
      #<span class=sf-dump-protected title=\"Protected property\">perPage</span>: <span class=sf-dump-num>15</span>
      +<span class=sf-dump-public title=\"Public property\">exists</span>: <span class=sf-dump-const>true</span>
      +<span class=sf-dump-public title=\"Public property\">wasRecentlyCreated</span>: <span class=sf-dump-const>false</span>
      #<span class=sf-dump-protected title=\"Protected property\">escapeWhenCastingToString</span>: <span class=sf-dump-const>false</span>
      #<span class=sf-dump-protected title=\"Protected property\">attributes</span>: <span class=sf-dump-note>array:6</span> [ &#8230;6]
      #<span class=sf-dump-protected title=\"Protected property\">original</span>: <span class=sf-dump-note>array:6</span> [ &#8230;6]
      #<span class=sf-dump-protected title=\"Protected property\">changes</span>: []
      #<span class=sf-dump-protected title=\"Protected property\">casts</span>: []
      #<span class=sf-dump-protected title=\"Protected property\">classCastCache</span>: []
      #<span class=sf-dump-protected title=\"Protected property\">attributeCastCache</span>: []
      #<span class=sf-dump-protected title=\"Protected property\">dateFormat</span>: <span class=sf-dump-const>null</span>
      #<span class=sf-dump-protected title=\"Protected property\">appends</span>: []
      #<span class=sf-dump-protected title=\"Protected property\">dispatchesEvents</span>: []
      #<span class=sf-dump-protected title=\"Protected property\">observables</span>: []
      #<span class=sf-dump-protected title=\"Protected property\">relations</span>: []
      #<span class=sf-dump-protected title=\"Protected property\">touches</span>: []
      +<span class=sf-dump-public title=\"Public property\">timestamps</span>: <span class=sf-dump-const>true</span>
      +<span class=sf-dump-public title=\"Public property\">usesUniqueIds</span>: <span class=sf-dump-const>false</span>
      #<span class=sf-dump-protected title=\"Protected property\">hidden</span>: []
      #<span class=sf-dump-protected title=\"Protected property\">visible</span>: []
      #<span class=sf-dump-protected title=\"Protected property\">fillable</span>: <span class=sf-dump-note>array:3</span> [ &#8230;3]
      #<span class=sf-dump-protected title=\"Protected property\">guarded</span>: <span class=sf-dump-note>array:1</span> [ &#8230;1]
    </samp>}
    <span class=sf-dump-index>4</span> => <span class=sf-dump-note title=\"App\\Models\\Faq
\"><span class=\"sf-dump-ellipsis sf-dump-ellipsis-note\">App\\Models</span><span class=\"sf-dump-ellipsis sf-dump-ellipsis-note\">\\</span>Faq</span> {<a class=sf-dump-ref>#513</a><samp data-depth=3 class=sf-dump-compact>
      #<span class=sf-dump-protected title=\"Protected property\">connection</span>: \"<span class=sf-dump-str title=\"5 characters\">mysql</span>\"
      #<span class=sf-dump-protected title=\"Protected property\">table</span>: \"<span class=sf-dump-str title=\"4 characters\">faqs</span>\"
      #<span class=sf-dump-protected title=\"Protected property\">primaryKey</span>: \"<span class=sf-dump-str title=\"2 characters\">id</span>\"
      #<span class=sf-dump-protected title=\"Protected property\">keyType</span>: \"<span class=sf-dump-str title=\"3 characters\">int</span>\"
      +<span class=sf-dump-public title=\"Public property\">incrementing</span>: <span class=sf-dump-const>true</span>
      #<span class=sf-dump-protected title=\"Protected property\">with</span>: []
      #<span class=sf-dump-protected title=\"Protected property\">withCount</span>: []
      +<span class=sf-dump-public title=\"Public property\">preventsLazyLoading</span>: <span class=sf-dump-const>false</span>
      #<span class=sf-dump-protected title=\"Protected property\">perPage</span>: <span class=sf-dump-num>15</span>
      +<span class=sf-dump-public title=\"Public property\">exists</span>: <span class=sf-dump-const>true</span>
      +<span class=sf-dump-public title=\"Public property\">wasRecentlyCreated</span>: <span class=sf-dump-const>false</span>
      #<span class=sf-dump-protected title=\"Protected property\">escapeWhenCastingToString</span>: <span class=sf-dump-const>false</span>
      #<span class=sf-dump-protected title=\"Protected property\">attributes</span>: <span class=sf-dump-note>array:6</span> [ &#8230;6]
      #<span class=sf-dump-protected title=\"Protected property\">original</span>: <span class=sf-dump-note>array:6</span> [ &#8230;6]
      #<span class=sf-dump-protected title=\"Protected property\">changes</span>: []
      #<span class=sf-dump-protected title=\"Protected property\">casts</span>: []
      #<span class=sf-dump-protected title=\"Protected property\">classCastCache</span>: []
      #<span class=sf-dump-protected title=\"Protected property\">attributeCastCache</span>: []
      #<span class=sf-dump-protected title=\"Protected property\">dateFormat</span>: <span class=sf-dump-const>null</span>
      #<span class=sf-dump-protected title=\"Protected property\">appends</span>: []
      #<span class=sf-dump-protected title=\"Protected property\">dispatchesEvents</span>: []
      #<span class=sf-dump-protected title=\"Protected property\">observables</span>: []
      #<span class=sf-dump-protected title=\"Protected property\">relations</span>: []
      #<span class=sf-dump-protected title=\"Protected property\">touches</span>: []
      +<span class=sf-dump-public title=\"Public property\">timestamps</span>: <span class=sf-dump-const>true</span>
      +<span class=sf-dump-public title=\"Public property\">usesUniqueIds</span>: <span class=sf-dump-const>false</span>
      #<span class=sf-dump-protected title=\"Protected property\">hidden</span>: []
      #<span class=sf-dump-protected title=\"Protected property\">visible</span>: []
      #<span class=sf-dump-protected title=\"Protected property\">fillable</span>: <span class=sf-dump-note>array:3</span> [ &#8230;3]
      #<span class=sf-dump-protected title=\"Protected property\">guarded</span>: <span class=sf-dump-note>array:1</span> [ &#8230;1]
    </samp>}
    <span class=sf-dump-index>5</span> => <span class=sf-dump-note title=\"App\\Models\\Faq
\"><span class=\"sf-dump-ellipsis sf-dump-ellipsis-note\">App\\Models</span><span class=\"sf-dump-ellipsis sf-dump-ellipsis-note\">\\</span>Faq</span> {<a class=sf-dump-ref>#512</a><samp data-depth=3 class=sf-dump-compact>
      #<span class=sf-dump-protected title=\"Protected property\">connection</span>: \"<span class=sf-dump-str title=\"5 characters\">mysql</span>\"
      #<span class=sf-dump-protected title=\"Protected property\">table</span>: \"<span class=sf-dump-str title=\"4 characters\">faqs</span>\"
      #<span class=sf-dump-protected title=\"Protected property\">primaryKey</span>: \"<span class=sf-dump-str title=\"2 characters\">id</span>\"
      #<span class=sf-dump-protected title=\"Protected property\">keyType</span>: \"<span class=sf-dump-str title=\"3 characters\">int</span>\"
      +<span class=sf-dump-public title=\"Public property\">incrementing</span>: <span class=sf-dump-const>true</span>
      #<span class=sf-dump-protected title=\"Protected property\">with</span>: []
      #<span class=sf-dump-protected title=\"Protected property\">withCount</span>: []
      +<span class=sf-dump-public title=\"Public property\">preventsLazyLoading</span>: <span class=sf-dump-const>false</span>
      #<span class=sf-dump-protected title=\"Protected property\">perPage</span>: <span class=sf-dump-num>15</span>
      +<span class=sf-dump-public title=\"Public property\">exists</span>: <span class=sf-dump-const>true</span>
      +<span class=sf-dump-public title=\"Public property\">wasRecentlyCreated</span>: <span class=sf-dump-const>false</span>
      #<span class=sf-dump-protected title=\"Protected property\">escapeWhenCastingToString</span>: <span class=sf-dump-const>false</span>
      #<span class=sf-dump-protected title=\"Protected property\">attributes</span>: <span class=sf-dump-note>array:6</span> [ &#8230;6]
      #<span class=sf-dump-protected title=\"Protected property\">original</span>: <span class=sf-dump-note>array:6</span> [ &#8230;6]
      #<span class=sf-dump-protected title=\"Protected property\">changes</span>: []
      #<span class=sf-dump-protected title=\"Protected property\">casts</span>: []
      #<span class=sf-dump-protected title=\"Protected property\">classCastCache</span>: []
      #<span class=sf-dump-protected title=\"Protected property\">attributeCastCache</span>: []
      #<span class=sf-dump-protected title=\"Protected property\">dateFormat</span>: <span class=sf-dump-const>null</span>
      #<span class=sf-dump-protected title=\"Protected property\">appends</span>: []
      #<span class=sf-dump-protected title=\"Protected property\">dispatchesEvents</span>: []
      #<span class=sf-dump-protected title=\"Protected property\">observables</span>: []
      #<span class=sf-dump-protected title=\"Protected property\">relations</span>: []
      #<span class=sf-dump-protected title=\"Protected property\">touches</span>: []
      +<span class=sf-dump-public title=\"Public property\">timestamps</span>: <span class=sf-dump-const>true</span>
      +<span class=sf-dump-public title=\"Public property\">usesUniqueIds</span>: <span class=sf-dump-const>false</span>
      #<span class=sf-dump-protected title=\"Protected property\">hidden</span>: []
      #<span class=sf-dump-protected title=\"Protected property\">visible</span>: []
      #<span class=sf-dump-protected title=\"Protected property\">fillable</span>: <span class=sf-dump-note>array:3</span> [ &#8230;3]
      #<span class=sf-dump-protected title=\"Protected property\">guarded</span>: <span class=sf-dump-note>array:1</span> [ &#8230;1]
    </samp>}
    <span class=sf-dump-index>6</span> => <span class=sf-dump-note title=\"App\\Models\\Faq
\"><span class=\"sf-dump-ellipsis sf-dump-ellipsis-note\">App\\Models</span><span class=\"sf-dump-ellipsis sf-dump-ellipsis-note\">\\</span>Faq</span> {<a class=sf-dump-ref>#511</a><samp data-depth=3 class=sf-dump-compact>
      #<span class=sf-dump-protected title=\"Protected property\">connection</span>: \"<span class=sf-dump-str title=\"5 characters\">mysql</span>\"
      #<span class=sf-dump-protected title=\"Protected property\">table</span>: \"<span class=sf-dump-str title=\"4 characters\">faqs</span>\"
      #<span class=sf-dump-protected title=\"Protected property\">primaryKey</span>: \"<span class=sf-dump-str title=\"2 characters\">id</span>\"
      #<span class=sf-dump-protected title=\"Protected property\">keyType</span>: \"<span class=sf-dump-str title=\"3 characters\">int</span>\"
      +<span class=sf-dump-public title=\"Public property\">incrementing</span>: <span class=sf-dump-const>true</span>
      #<span class=sf-dump-protected title=\"Protected property\">with</span>: []
      #<span class=sf-dump-protected title=\"Protected property\">withCount</span>: []
      +<span class=sf-dump-public title=\"Public property\">preventsLazyLoading</span>: <span class=sf-dump-const>false</span>
      #<span class=sf-dump-protected title=\"Protected property\">perPage</span>: <span class=sf-dump-num>15</span>
      +<span class=sf-dump-public title=\"Public property\">exists</span>: <span class=sf-dump-const>true</span>
      +<span class=sf-dump-public title=\"Public property\">wasRecentlyCreated</span>: <span class=sf-dump-const>false</span>
      #<span class=sf-dump-protected title=\"Protected property\">escapeWhenCastingToString</span>: <span class=sf-dump-const>false</span>
      #<span class=sf-dump-protected title=\"Protected property\">attributes</span>: <span class=sf-dump-note>array:6</span> [ &#8230;6]
      #<span class=sf-dump-protected title=\"Protected property\">original</span>: <span class=sf-dump-note>array:6</span> [ &#8230;6]
      #<span class=sf-dump-protected title=\"Protected property\">changes</span>: []
      #<span class=sf-dump-protected title=\"Protected property\">casts</span>: []
      #<span class=sf-dump-protected title=\"Protected property\">classCastCache</span>: []
      #<span class=sf-dump-protected title=\"Protected property\">attributeCastCache</span>: []
      #<span class=sf-dump-protected title=\"Protected property\">dateFormat</span>: <span class=sf-dump-const>null</span>
      #<span class=sf-dump-protected title=\"Protected property\">appends</span>: []
      #<span class=sf-dump-protected title=\"Protected property\">dispatchesEvents</span>: []
      #<span class=sf-dump-protected title=\"Protected property\">observables</span>: []
      #<span class=sf-dump-protected title=\"Protected property\">relations</span>: []
      #<span class=sf-dump-protected title=\"Protected property\">touches</span>: []
      +<span class=sf-dump-public title=\"Public property\">timestamps</span>: <span class=sf-dump-const>true</span>
      +<span class=sf-dump-public title=\"Public property\">usesUniqueIds</span>: <span class=sf-dump-const>false</span>
      #<span class=sf-dump-protected title=\"Protected property\">hidden</span>: []
      #<span class=sf-dump-protected title=\"Protected property\">visible</span>: []
      #<span class=sf-dump-protected title=\"Protected property\">fillable</span>: <span class=sf-dump-note>array:3</span> [ &#8230;3]
      #<span class=sf-dump-protected title=\"Protected property\">guarded</span>: <span class=sf-dump-note>array:1</span> [ &#8230;1]
    </samp>}
    <span class=sf-dump-index>7</span> => <span class=sf-dump-note title=\"App\\Models\\Faq
\"><span class=\"sf-dump-ellipsis sf-dump-ellipsis-note\">App\\Models</span><span class=\"sf-dump-ellipsis sf-dump-ellipsis-note\">\\</span>Faq</span> {<a class=sf-dump-ref>#510</a><samp data-depth=3 class=sf-dump-compact>
      #<span class=sf-dump-protected title=\"Protected property\">connection</span>: \"<span class=sf-dump-str title=\"5 characters\">mysql</span>\"
      #<span class=sf-dump-protected title=\"Protected property\">table</span>: \"<span class=sf-dump-str title=\"4 characters\">faqs</span>\"
      #<span class=sf-dump-protected title=\"Protected property\">primaryKey</span>: \"<span class=sf-dump-str title=\"2 characters\">id</span>\"
      #<span class=sf-dump-protected title=\"Protected property\">keyType</span>: \"<span class=sf-dump-str title=\"3 characters\">int</span>\"
      +<span class=sf-dump-public title=\"Public property\">incrementing</span>: <span class=sf-dump-const>true</span>
      #<span class=sf-dump-protected title=\"Protected property\">with</span>: []
      #<span class=sf-dump-protected title=\"Protected property\">withCount</span>: []
      +<span class=sf-dump-public title=\"Public property\">preventsLazyLoading</span>: <span class=sf-dump-const>false</span>
      #<span class=sf-dump-protected title=\"Protected property\">perPage</span>: <span class=sf-dump-num>15</span>
      +<span class=sf-dump-public title=\"Public property\">exists</span>: <span class=sf-dump-const>true</span>
      +<span class=sf-dump-public title=\"Public property\">wasRecentlyCreated</span>: <span class=sf-dump-const>false</span>
      #<span class=sf-dump-protected title=\"Protected property\">escapeWhenCastingToString</span>: <span class=sf-dump-const>false</span>
      #<span class=sf-dump-protected title=\"Protected property\">attributes</span>: <span class=sf-dump-note>array:6</span> [ &#8230;6]
      #<span class=sf-dump-protected title=\"Protected property\">original</span>: <span class=sf-dump-note>array:6</span> [ &#8230;6]
      #<span class=sf-dump-protected title=\"Protected property\">changes</span>: []
      #<span class=sf-dump-protected title=\"Protected property\">casts</span>: []
      #<span class=sf-dump-protected title=\"Protected property\">classCastCache</span>: []
      #<span class=sf-dump-protected title=\"Protected property\">attributeCastCache</span>: []
      #<span class=sf-dump-protected title=\"Protected property\">dateFormat</span>: <span class=sf-dump-const>null</span>
      #<span class=sf-dump-protected title=\"Protected property\">appends</span>: []
      #<span class=sf-dump-protected title=\"Protected property\">dispatchesEvents</span>: []
      #<span class=sf-dump-protected title=\"Protected property\">observables</span>: []
      #<span class=sf-dump-protected title=\"Protected property\">relations</span>: []
      #<span class=sf-dump-protected title=\"Protected property\">touches</span>: []
      +<span class=sf-dump-public title=\"Public property\">timestamps</span>: <span class=sf-dump-const>true</span>
      +<span class=sf-dump-public title=\"Public property\">usesUniqueIds</span>: <span class=sf-dump-const>false</span>
      #<span class=sf-dump-protected title=\"Protected property\">hidden</span>: []
      #<span class=sf-dump-protected title=\"Protected property\">visible</span>: []
      #<span class=sf-dump-protected title=\"Protected property\">fillable</span>: <span class=sf-dump-note>array:3</span> [ &#8230;3]
      #<span class=sf-dump-protected title=\"Protected property\">guarded</span>: <span class=sf-dump-note>array:1</span> [ &#8230;1]
    </samp>}
  </samp>]
  #<span class=sf-dump-protected title=\"Protected property\">escapeWhenCastingToString</span>: <span class=sf-dump-const>false</span>
</samp>}
</pre><script>Sfdump(\"sf-dump-900046095\", {\"maxDepth\":3,\"maxStringLength\":160})</script>
","mitras":"<pre class=sf-dump id=sf-dump-1760635124 data-indent-pad=\"  \"><span class=sf-dump-note>Illuminate\\Database\\Eloquent\\Collection</span> {<a class=sf-dump-ref>#567</a><samp data-depth=1 class=sf-dump-expanded>
  #<span class=sf-dump-protected title=\"Protected property\">items</span>: <span class=sf-dump-note>array:18</span> [<samp data-depth=2 class=sf-dump-compact>
    <span class=sf-dump-index>0</span> => <span class=sf-dump-note title=\"App\\Models\\MitraDonatur
\"><span class=\"sf-dump-ellipsis sf-dump-ellipsis-note\">App\\Models</span><span class=\"sf-dump-ellipsis sf-dump-ellipsis-note\">\\</span>MitraDonatur</span> {<a class=sf-dump-ref>#569</a><samp data-depth=3 class=sf-dump-compact>
      #<span class=sf-dump-protected title=\"Protected property\">connection</span>: \"<span class=sf-dump-str title=\"5 characters\">mysql</span>\"
      #<span class=sf-dump-protected title=\"Protected property\">table</span>: \"<span class=sf-dump-str title=\"13 characters\">mitra_donatur</span>\"
      #<span class=sf-dump-protected title=\"Protected property\">primaryKey</span>: \"<span class=sf-dump-str title=\"2 characters\">id</span>\"
      #<span class=sf-dump-protected title=\"Protected property\">keyType</span>: \"<span class=sf-dump-str title=\"3 characters\">int</span>\"
      +<span class=sf-dump-public title=\"Public property\">incrementing</span>: <span class=sf-dump-const>true</span>
      #<span class=sf-dump-protected title=\"Protected property\">with</span>: []
      #<span class=sf-dump-protected title=\"Protected property\">withCount</span>: []
      +<span class=sf-dump-public title=\"Public property\">preventsLazyLoading</span>: <span class=sf-dump-const>false</span>
      #<span class=sf-dump-protected title=\"Protected property\">perPage</span>: <span class=sf-dump-num>15</span>
      +<span class=sf-dump-public title=\"Public property\">exists</span>: <span class=sf-dump-const>true</span>
      +<span class=sf-dump-public title=\"Public property\">wasRecentlyCreated</span>: <span class=sf-dump-const>false</span>
      #<span class=sf-dump-protected title=\"Protected property\">escapeWhenCastingToString</span>: <span class=sf-dump-const>false</span>
      #<span class=sf-dump-protected title=\"Protected property\">attributes</span>: <span class=sf-dump-note>array:7</span> [ &#8230;7]
      #<span class=sf-dump-protected title=\"Protected property\">original</span>: <span class=sf-dump-note>array:7</span> [ &#8230;7]
      #<span class=sf-dump-protected title=\"Protected property\">changes</span>: []
      #<span class=sf-dump-protected title=\"Protected property\">casts</span>: []
      #<span class=sf-dump-protected title=\"Protected property\">classCastCache</span>: []
      #<span class=sf-dump-protected title=\"Protected property\">attributeCastCache</span>: []
      #<span class=sf-dump-protected title=\"Protected property\">dateFormat</span>: <span class=sf-dump-const>null</span>
      #<span class=sf-dump-protected title=\"Protected property\">appends</span>: []
      #<span class=sf-dump-protected title=\"Protected property\">dispatchesEvents</span>: []
      #<span class=sf-dump-protected title=\"Protected property\">observables</span>: []
      #<span class=sf-dump-protected title=\"Protected property\">relations</span>: []
      #<span class=sf-dump-protected title=\"Protected property\">touches</span>: []
      +<span class=sf-dump-public title=\"Public property\">timestamps</span>: <span class=sf-dump-const>true</span>
      +<span class=sf-dump-public title=\"Public property\">usesUniqueIds</span>: <span class=sf-dump-const>false</span>
      #<span class=sf-dump-protected title=\"Protected property\">hidden</span>: []
      #<span class=sf-dump-protected title=\"Protected property\">visible</span>: []
      #<span class=sf-dump-protected title=\"Protected property\">fillable</span>: <span class=sf-dump-note>array:3</span> [ &#8230;3]
      #<span class=sf-dump-protected title=\"Protected property\">guarded</span>: <span class=sf-dump-note>array:1</span> [ &#8230;1]
    </samp>}
    <span class=sf-dump-index>1</span> => <span class=sf-dump-note title=\"App\\Models\\MitraDonatur
\"><span class=\"sf-dump-ellipsis sf-dump-ellipsis-note\">App\\Models</span><span class=\"sf-dump-ellipsis sf-dump-ellipsis-note\">\\</span>MitraDonatur</span> {<a class=sf-dump-ref>#570</a><samp data-depth=3 class=sf-dump-compact>
      #<span class=sf-dump-protected title=\"Protected property\">connection</span>: \"<span class=sf-dump-str title=\"5 characters\">mysql</span>\"
      #<span class=sf-dump-protected title=\"Protected property\">table</span>: \"<span class=sf-dump-str title=\"13 characters\">mitra_donatur</span>\"
      #<span class=sf-dump-protected title=\"Protected property\">primaryKey</span>: \"<span class=sf-dump-str title=\"2 characters\">id</span>\"
      #<span class=sf-dump-protected title=\"Protected property\">keyType</span>: \"<span class=sf-dump-str title=\"3 characters\">int</span>\"
      +<span class=sf-dump-public title=\"Public property\">incrementing</span>: <span class=sf-dump-const>true</span>
      #<span class=sf-dump-protected title=\"Protected property\">with</span>: []
      #<span class=sf-dump-protected title=\"Protected property\">withCount</span>: []
      +<span class=sf-dump-public title=\"Public property\">preventsLazyLoading</span>: <span class=sf-dump-const>false</span>
      #<span class=sf-dump-protected title=\"Protected property\">perPage</span>: <span class=sf-dump-num>15</span>
      +<span class=sf-dump-public title=\"Public property\">exists</span>: <span class=sf-dump-const>true</span>
      +<span class=sf-dump-public title=\"Public property\">wasRecentlyCreated</span>: <span class=sf-dump-const>false</span>
      #<span class=sf-dump-protected title=\"Protected property\">escapeWhenCastingToString</span>: <span class=sf-dump-const>false</span>
      #<span class=sf-dump-protected title=\"Protected property\">attributes</span>: <span class=sf-dump-note>array:7</span> [ &#8230;7]
      #<span class=sf-dump-protected title=\"Protected property\">original</span>: <span class=sf-dump-note>array:7</span> [ &#8230;7]
      #<span class=sf-dump-protected title=\"Protected property\">changes</span>: []
      #<span class=sf-dump-protected title=\"Protected property\">casts</span>: []
      #<span class=sf-dump-protected title=\"Protected property\">classCastCache</span>: []
      #<span class=sf-dump-protected title=\"Protected property\">attributeCastCache</span>: []
      #<span class=sf-dump-protected title=\"Protected property\">dateFormat</span>: <span class=sf-dump-const>null</span>
      #<span class=sf-dump-protected title=\"Protected property\">appends</span>: []
      #<span class=sf-dump-protected title=\"Protected property\">dispatchesEvents</span>: []
      #<span class=sf-dump-protected title=\"Protected property\">observables</span>: []
      #<span class=sf-dump-protected title=\"Protected property\">relations</span>: []
      #<span class=sf-dump-protected title=\"Protected property\">touches</span>: []
      +<span class=sf-dump-public title=\"Public property\">timestamps</span>: <span class=sf-dump-const>true</span>
      +<span class=sf-dump-public title=\"Public property\">usesUniqueIds</span>: <span class=sf-dump-const>false</span>
      #<span class=sf-dump-protected title=\"Protected property\">hidden</span>: []
      #<span class=sf-dump-protected title=\"Protected property\">visible</span>: []
      #<span class=sf-dump-protected title=\"Protected property\">fillable</span>: <span class=sf-dump-note>array:3</span> [ &#8230;3]
      #<span class=sf-dump-protected title=\"Protected property\">guarded</span>: <span class=sf-dump-note>array:1</span> [ &#8230;1]
    </samp>}
    <span class=sf-dump-index>2</span> => <span class=sf-dump-note title=\"App\\Models\\MitraDonatur
\"><span class=\"sf-dump-ellipsis sf-dump-ellipsis-note\">App\\Models</span><span class=\"sf-dump-ellipsis sf-dump-ellipsis-note\">\\</span>MitraDonatur</span> {<a class=sf-dump-ref>#571</a><samp data-depth=3 class=sf-dump-compact>
      #<span class=sf-dump-protected title=\"Protected property\">connection</span>: \"<span class=sf-dump-str title=\"5 characters\">mysql</span>\"
      #<span class=sf-dump-protected title=\"Protected property\">table</span>: \"<span class=sf-dump-str title=\"13 characters\">mitra_donatur</span>\"
      #<span class=sf-dump-protected title=\"Protected property\">primaryKey</span>: \"<span class=sf-dump-str title=\"2 characters\">id</span>\"
      #<span class=sf-dump-protected title=\"Protected property\">keyType</span>: \"<span class=sf-dump-str title=\"3 characters\">int</span>\"
      +<span class=sf-dump-public title=\"Public property\">incrementing</span>: <span class=sf-dump-const>true</span>
      #<span class=sf-dump-protected title=\"Protected property\">with</span>: []
      #<span class=sf-dump-protected title=\"Protected property\">withCount</span>: []
      +<span class=sf-dump-public title=\"Public property\">preventsLazyLoading</span>: <span class=sf-dump-const>false</span>
      #<span class=sf-dump-protected title=\"Protected property\">perPage</span>: <span class=sf-dump-num>15</span>
      +<span class=sf-dump-public title=\"Public property\">exists</span>: <span class=sf-dump-const>true</span>
      +<span class=sf-dump-public title=\"Public property\">wasRecentlyCreated</span>: <span class=sf-dump-const>false</span>
      #<span class=sf-dump-protected title=\"Protected property\">escapeWhenCastingToString</span>: <span class=sf-dump-const>false</span>
      #<span class=sf-dump-protected title=\"Protected property\">attributes</span>: <span class=sf-dump-note>array:7</span> [ &#8230;7]
      #<span class=sf-dump-protected title=\"Protected property\">original</span>: <span class=sf-dump-note>array:7</span> [ &#8230;7]
      #<span class=sf-dump-protected title=\"Protected property\">changes</span>: []
      #<span class=sf-dump-protected title=\"Protected property\">casts</span>: []
      #<span class=sf-dump-protected title=\"Protected property\">classCastCache</span>: []
      #<span class=sf-dump-protected title=\"Protected property\">attributeCastCache</span>: []
      #<span class=sf-dump-protected title=\"Protected property\">dateFormat</span>: <span class=sf-dump-const>null</span>
      #<span class=sf-dump-protected title=\"Protected property\">appends</span>: []
      #<span class=sf-dump-protected title=\"Protected property\">dispatchesEvents</span>: []
      #<span class=sf-dump-protected title=\"Protected property\">observables</span>: []
      #<span class=sf-dump-protected title=\"Protected property\">relations</span>: []
      #<span class=sf-dump-protected title=\"Protected property\">touches</span>: []
      +<span class=sf-dump-public title=\"Public property\">timestamps</span>: <span class=sf-dump-const>true</span>
      +<span class=sf-dump-public title=\"Public property\">usesUniqueIds</span>: <span class=sf-dump-const>false</span>
      #<span class=sf-dump-protected title=\"Protected property\">hidden</span>: []
      #<span class=sf-dump-protected title=\"Protected property\">visible</span>: []
      #<span class=sf-dump-protected title=\"Protected property\">fillable</span>: <span class=sf-dump-note>array:3</span> [ &#8230;3]
      #<span class=sf-dump-protected title=\"Protected property\">guarded</span>: <span class=sf-dump-note>array:1</span> [ &#8230;1]
    </samp>}
    <span class=sf-dump-index>3</span> => <span class=sf-dump-note title=\"App\\Models\\MitraDonatur
\"><span class=\"sf-dump-ellipsis sf-dump-ellipsis-note\">App\\Models</span><span class=\"sf-dump-ellipsis sf-dump-ellipsis-note\">\\</span>MitraDonatur</span> {<a class=sf-dump-ref>#572</a><samp data-depth=3 class=sf-dump-compact>
      #<span class=sf-dump-protected title=\"Protected property\">connection</span>: \"<span class=sf-dump-str title=\"5 characters\">mysql</span>\"
      #<span class=sf-dump-protected title=\"Protected property\">table</span>: \"<span class=sf-dump-str title=\"13 characters\">mitra_donatur</span>\"
      #<span class=sf-dump-protected title=\"Protected property\">primaryKey</span>: \"<span class=sf-dump-str title=\"2 characters\">id</span>\"
      #<span class=sf-dump-protected title=\"Protected property\">keyType</span>: \"<span class=sf-dump-str title=\"3 characters\">int</span>\"
      +<span class=sf-dump-public title=\"Public property\">incrementing</span>: <span class=sf-dump-const>true</span>
      #<span class=sf-dump-protected title=\"Protected property\">with</span>: []
      #<span class=sf-dump-protected title=\"Protected property\">withCount</span>: []
      +<span class=sf-dump-public title=\"Public property\">preventsLazyLoading</span>: <span class=sf-dump-const>false</span>
      #<span class=sf-dump-protected title=\"Protected property\">perPage</span>: <span class=sf-dump-num>15</span>
      +<span class=sf-dump-public title=\"Public property\">exists</span>: <span class=sf-dump-const>true</span>
      +<span class=sf-dump-public title=\"Public property\">wasRecentlyCreated</span>: <span class=sf-dump-const>false</span>
      #<span class=sf-dump-protected title=\"Protected property\">escapeWhenCastingToString</span>: <span class=sf-dump-const>false</span>
      #<span class=sf-dump-protected title=\"Protected property\">attributes</span>: <span class=sf-dump-note>array:7</span> [ &#8230;7]
      #<span class=sf-dump-protected title=\"Protected property\">original</span>: <span class=sf-dump-note>array:7</span> [ &#8230;7]
      #<span class=sf-dump-protected title=\"Protected property\">changes</span>: []
      #<span class=sf-dump-protected title=\"Protected property\">casts</span>: []
      #<span class=sf-dump-protected title=\"Protected property\">classCastCache</span>: []
      #<span class=sf-dump-protected title=\"Protected property\">attributeCastCache</span>: []
      #<span class=sf-dump-protected title=\"Protected property\">dateFormat</span>: <span class=sf-dump-const>null</span>
      #<span class=sf-dump-protected title=\"Protected property\">appends</span>: []
      #<span class=sf-dump-protected title=\"Protected property\">dispatchesEvents</span>: []
      #<span class=sf-dump-protected title=\"Protected property\">observables</span>: []
      #<span class=sf-dump-protected title=\"Protected property\">relations</span>: []
      #<span class=sf-dump-protected title=\"Protected property\">touches</span>: []
      +<span class=sf-dump-public title=\"Public property\">timestamps</span>: <span class=sf-dump-const>true</span>
      +<span class=sf-dump-public title=\"Public property\">usesUniqueIds</span>: <span class=sf-dump-const>false</span>
      #<span class=sf-dump-protected title=\"Protected property\">hidden</span>: []
      #<span class=sf-dump-protected title=\"Protected property\">visible</span>: []
      #<span class=sf-dump-protected title=\"Protected property\">fillable</span>: <span class=sf-dump-note>array:3</span> [ &#8230;3]
      #<span class=sf-dump-protected title=\"Protected property\">guarded</span>: <span class=sf-dump-note>array:1</span> [ &#8230;1]
    </samp>}
    <span class=sf-dump-index>4</span> => <span class=sf-dump-note title=\"App\\Models\\MitraDonatur
\"><span class=\"sf-dump-ellipsis sf-dump-ellipsis-note\">App\\Models</span><span class=\"sf-dump-ellipsis sf-dump-ellipsis-note\">\\</span>MitraDonatur</span> {<a class=sf-dump-ref>#573</a><samp data-depth=3 class=sf-dump-compact>
      #<span class=sf-dump-protected title=\"Protected property\">connection</span>: \"<span class=sf-dump-str title=\"5 characters\">mysql</span>\"
      #<span class=sf-dump-protected title=\"Protected property\">table</span>: \"<span class=sf-dump-str title=\"13 characters\">mitra_donatur</span>\"
      #<span class=sf-dump-protected title=\"Protected property\">primaryKey</span>: \"<span class=sf-dump-str title=\"2 characters\">id</span>\"
      #<span class=sf-dump-protected title=\"Protected property\">keyType</span>: \"<span class=sf-dump-str title=\"3 characters\">int</span>\"
      +<span class=sf-dump-public title=\"Public property\">incrementing</span>: <span class=sf-dump-const>true</span>
      #<span class=sf-dump-protected title=\"Protected property\">with</span>: []
      #<span class=sf-dump-protected title=\"Protected property\">withCount</span>: []
      +<span class=sf-dump-public title=\"Public property\">preventsLazyLoading</span>: <span class=sf-dump-const>false</span>
      #<span class=sf-dump-protected title=\"Protected property\">perPage</span>: <span class=sf-dump-num>15</span>
      +<span class=sf-dump-public title=\"Public property\">exists</span>: <span class=sf-dump-const>true</span>
      +<span class=sf-dump-public title=\"Public property\">wasRecentlyCreated</span>: <span class=sf-dump-const>false</span>
      #<span class=sf-dump-protected title=\"Protected property\">escapeWhenCastingToString</span>: <span class=sf-dump-const>false</span>
      #<span class=sf-dump-protected title=\"Protected property\">attributes</span>: <span class=sf-dump-note>array:7</span> [ &#8230;7]
      #<span class=sf-dump-protected title=\"Protected property\">original</span>: <span class=sf-dump-note>array:7</span> [ &#8230;7]
      #<span class=sf-dump-protected title=\"Protected property\">changes</span>: []
      #<span class=sf-dump-protected title=\"Protected property\">casts</span>: []
      #<span class=sf-dump-protected title=\"Protected property\">classCastCache</span>: []
      #<span class=sf-dump-protected title=\"Protected property\">attributeCastCache</span>: []
      #<span class=sf-dump-protected title=\"Protected property\">dateFormat</span>: <span class=sf-dump-const>null</span>
      #<span class=sf-dump-protected title=\"Protected property\">appends</span>: []
      #<span class=sf-dump-protected title=\"Protected property\">dispatchesEvents</span>: []
      #<span class=sf-dump-protected title=\"Protected property\">observables</span>: []
      #<span class=sf-dump-protected title=\"Protected property\">relations</span>: []
      #<span class=sf-dump-protected title=\"Protected property\">touches</span>: []
      +<span class=sf-dump-public title=\"Public property\">timestamps</span>: <span class=sf-dump-const>true</span>
      +<span class=sf-dump-public title=\"Public property\">usesUniqueIds</span>: <span class=sf-dump-const>false</span>
      #<span class=sf-dump-protected title=\"Protected property\">hidden</span>: []
      #<span class=sf-dump-protected title=\"Protected property\">visible</span>: []
      #<span class=sf-dump-protected title=\"Protected property\">fillable</span>: <span class=sf-dump-note>array:3</span> [ &#8230;3]
      #<span class=sf-dump-protected title=\"Protected property\">guarded</span>: <span class=sf-dump-note>array:1</span> [ &#8230;1]
    </samp>}
    <span class=sf-dump-index>5</span> => <span class=sf-dump-note title=\"App\\Models\\MitraDonatur
\"><span class=\"sf-dump-ellipsis sf-dump-ellipsis-note\">App\\Models</span><span class=\"sf-dump-ellipsis sf-dump-ellipsis-note\">\\</span>MitraDonatur</span> {<a class=sf-dump-ref>#574</a><samp data-depth=3 class=sf-dump-compact>
      #<span class=sf-dump-protected title=\"Protected property\">connection</span>: \"<span class=sf-dump-str title=\"5 characters\">mysql</span>\"
      #<span class=sf-dump-protected title=\"Protected property\">table</span>: \"<span class=sf-dump-str title=\"13 characters\">mitra_donatur</span>\"
      #<span class=sf-dump-protected title=\"Protected property\">primaryKey</span>: \"<span class=sf-dump-str title=\"2 characters\">id</span>\"
      #<span class=sf-dump-protected title=\"Protected property\">keyType</span>: \"<span class=sf-dump-str title=\"3 characters\">int</span>\"
      +<span class=sf-dump-public title=\"Public property\">incrementing</span>: <span class=sf-dump-const>true</span>
      #<span class=sf-dump-protected title=\"Protected property\">with</span>: []
      #<span class=sf-dump-protected title=\"Protected property\">withCount</span>: []
      +<span class=sf-dump-public title=\"Public property\">preventsLazyLoading</span>: <span class=sf-dump-const>false</span>
      #<span class=sf-dump-protected title=\"Protected property\">perPage</span>: <span class=sf-dump-num>15</span>
      +<span class=sf-dump-public title=\"Public property\">exists</span>: <span class=sf-dump-const>true</span>
      +<span class=sf-dump-public title=\"Public property\">wasRecentlyCreated</span>: <span class=sf-dump-const>false</span>
      #<span class=sf-dump-protected title=\"Protected property\">escapeWhenCastingToString</span>: <span class=sf-dump-const>false</span>
      #<span class=sf-dump-protected title=\"Protected property\">attributes</span>: <span class=sf-dump-note>array:7</span> [ &#8230;7]
      #<span class=sf-dump-protected title=\"Protected property\">original</span>: <span class=sf-dump-note>array:7</span> [ &#8230;7]
      #<span class=sf-dump-protected title=\"Protected property\">changes</span>: []
      #<span class=sf-dump-protected title=\"Protected property\">casts</span>: []
      #<span class=sf-dump-protected title=\"Protected property\">classCastCache</span>: []
      #<span class=sf-dump-protected title=\"Protected property\">attributeCastCache</span>: []
      #<span class=sf-dump-protected title=\"Protected property\">dateFormat</span>: <span class=sf-dump-const>null</span>
      #<span class=sf-dump-protected title=\"Protected property\">appends</span>: []
      #<span class=sf-dump-protected title=\"Protected property\">dispatchesEvents</span>: []
      #<span class=sf-dump-protected title=\"Protected property\">observables</span>: []
      #<span class=sf-dump-protected title=\"Protected property\">relations</span>: []
      #<span class=sf-dump-protected title=\"Protected property\">touches</span>: []
      +<span class=sf-dump-public title=\"Public property\">timestamps</span>: <span class=sf-dump-const>true</span>
      +<span class=sf-dump-public title=\"Public property\">usesUniqueIds</span>: <span class=sf-dump-const>false</span>
      #<span class=sf-dump-protected title=\"Protected property\">hidden</span>: []
      #<span class=sf-dump-protected title=\"Protected property\">visible</span>: []
      #<span class=sf-dump-protected title=\"Protected property\">fillable</span>: <span class=sf-dump-note>array:3</span> [ &#8230;3]
      #<span class=sf-dump-protected title=\"Protected property\">guarded</span>: <span class=sf-dump-note>array:1</span> [ &#8230;1]
    </samp>}
    <span class=sf-dump-index>6</span> => <span class=sf-dump-note title=\"App\\Models\\MitraDonatur
\"><span class=\"sf-dump-ellipsis sf-dump-ellipsis-note\">App\\Models</span><span class=\"sf-dump-ellipsis sf-dump-ellipsis-note\">\\</span>MitraDonatur</span> {<a class=sf-dump-ref>#575</a><samp data-depth=3 class=sf-dump-compact>
      #<span class=sf-dump-protected title=\"Protected property\">connection</span>: \"<span class=sf-dump-str title=\"5 characters\">mysql</span>\"
      #<span class=sf-dump-protected title=\"Protected property\">table</span>: \"<span class=sf-dump-str title=\"13 characters\">mitra_donatur</span>\"
      #<span class=sf-dump-protected title=\"Protected property\">primaryKey</span>: \"<span class=sf-dump-str title=\"2 characters\">id</span>\"
      #<span class=sf-dump-protected title=\"Protected property\">keyType</span>: \"<span class=sf-dump-str title=\"3 characters\">int</span>\"
      +<span class=sf-dump-public title=\"Public property\">incrementing</span>: <span class=sf-dump-const>true</span>
      #<span class=sf-dump-protected title=\"Protected property\">with</span>: []
      #<span class=sf-dump-protected title=\"Protected property\">withCount</span>: []
      +<span class=sf-dump-public title=\"Public property\">preventsLazyLoading</span>: <span class=sf-dump-const>false</span>
      #<span class=sf-dump-protected title=\"Protected property\">perPage</span>: <span class=sf-dump-num>15</span>
      +<span class=sf-dump-public title=\"Public property\">exists</span>: <span class=sf-dump-const>true</span>
      +<span class=sf-dump-public title=\"Public property\">wasRecentlyCreated</span>: <span class=sf-dump-const>false</span>
      #<span class=sf-dump-protected title=\"Protected property\">escapeWhenCastingToString</span>: <span class=sf-dump-const>false</span>
      #<span class=sf-dump-protected title=\"Protected property\">attributes</span>: <span class=sf-dump-note>array:7</span> [ &#8230;7]
      #<span class=sf-dump-protected title=\"Protected property\">original</span>: <span class=sf-dump-note>array:7</span> [ &#8230;7]
      #<span class=sf-dump-protected title=\"Protected property\">changes</span>: []
      #<span class=sf-dump-protected title=\"Protected property\">casts</span>: []
      #<span class=sf-dump-protected title=\"Protected property\">classCastCache</span>: []
      #<span class=sf-dump-protected title=\"Protected property\">attributeCastCache</span>: []
      #<span class=sf-dump-protected title=\"Protected property\">dateFormat</span>: <span class=sf-dump-const>null</span>
      #<span class=sf-dump-protected title=\"Protected property\">appends</span>: []
      #<span class=sf-dump-protected title=\"Protected property\">dispatchesEvents</span>: []
      #<span class=sf-dump-protected title=\"Protected property\">observables</span>: []
      #<span class=sf-dump-protected title=\"Protected property\">relations</span>: []
      #<span class=sf-dump-protected title=\"Protected property\">touches</span>: []
      +<span class=sf-dump-public title=\"Public property\">timestamps</span>: <span class=sf-dump-const>true</span>
      +<span class=sf-dump-public title=\"Public property\">usesUniqueIds</span>: <span class=sf-dump-const>false</span>
      #<span class=sf-dump-protected title=\"Protected property\">hidden</span>: []
      #<span class=sf-dump-protected title=\"Protected property\">visible</span>: []
      #<span class=sf-dump-protected title=\"Protected property\">fillable</span>: <span class=sf-dump-note>array:3</span> [ &#8230;3]
      #<span class=sf-dump-protected title=\"Protected property\">guarded</span>: <span class=sf-dump-note>array:1</span> [ &#8230;1]
    </samp>}
    <span class=sf-dump-index>7</span> => <span class=sf-dump-note title=\"App\\Models\\MitraDonatur
\"><span class=\"sf-dump-ellipsis sf-dump-ellipsis-note\">App\\Models</span><span class=\"sf-dump-ellipsis sf-dump-ellipsis-note\">\\</span>MitraDonatur</span> {<a class=sf-dump-ref>#576</a><samp data-depth=3 class=sf-dump-compact>
      #<span class=sf-dump-protected title=\"Protected property\">connection</span>: \"<span class=sf-dump-str title=\"5 characters\">mysql</span>\"
      #<span class=sf-dump-protected title=\"Protected property\">table</span>: \"<span class=sf-dump-str title=\"13 characters\">mitra_donatur</span>\"
      #<span class=sf-dump-protected title=\"Protected property\">primaryKey</span>: \"<span class=sf-dump-str title=\"2 characters\">id</span>\"
      #<span class=sf-dump-protected title=\"Protected property\">keyType</span>: \"<span class=sf-dump-str title=\"3 characters\">int</span>\"
      +<span class=sf-dump-public title=\"Public property\">incrementing</span>: <span class=sf-dump-const>true</span>
      #<span class=sf-dump-protected title=\"Protected property\">with</span>: []
      #<span class=sf-dump-protected title=\"Protected property\">withCount</span>: []
      +<span class=sf-dump-public title=\"Public property\">preventsLazyLoading</span>: <span class=sf-dump-const>false</span>
      #<span class=sf-dump-protected title=\"Protected property\">perPage</span>: <span class=sf-dump-num>15</span>
      +<span class=sf-dump-public title=\"Public property\">exists</span>: <span class=sf-dump-const>true</span>
      +<span class=sf-dump-public title=\"Public property\">wasRecentlyCreated</span>: <span class=sf-dump-const>false</span>
      #<span class=sf-dump-protected title=\"Protected property\">escapeWhenCastingToString</span>: <span class=sf-dump-const>false</span>
      #<span class=sf-dump-protected title=\"Protected property\">attributes</span>: <span class=sf-dump-note>array:7</span> [ &#8230;7]
      #<span class=sf-dump-protected title=\"Protected property\">original</span>: <span class=sf-dump-note>array:7</span> [ &#8230;7]
      #<span class=sf-dump-protected title=\"Protected property\">changes</span>: []
      #<span class=sf-dump-protected title=\"Protected property\">casts</span>: []
      #<span class=sf-dump-protected title=\"Protected property\">classCastCache</span>: []
      #<span class=sf-dump-protected title=\"Protected property\">attributeCastCache</span>: []
      #<span class=sf-dump-protected title=\"Protected property\">dateFormat</span>: <span class=sf-dump-const>null</span>
      #<span class=sf-dump-protected title=\"Protected property\">appends</span>: []
      #<span class=sf-dump-protected title=\"Protected property\">dispatchesEvents</span>: []
      #<span class=sf-dump-protected title=\"Protected property\">observables</span>: []
      #<span class=sf-dump-protected title=\"Protected property\">relations</span>: []
      #<span class=sf-dump-protected title=\"Protected property\">touches</span>: []
      +<span class=sf-dump-public title=\"Public property\">timestamps</span>: <span class=sf-dump-const>true</span>
      +<span class=sf-dump-public title=\"Public property\">usesUniqueIds</span>: <span class=sf-dump-const>false</span>
      #<span class=sf-dump-protected title=\"Protected property\">hidden</span>: []
      #<span class=sf-dump-protected title=\"Protected property\">visible</span>: []
      #<span class=sf-dump-protected title=\"Protected property\">fillable</span>: <span class=sf-dump-note>array:3</span> [ &#8230;3]
      #<span class=sf-dump-protected title=\"Protected property\">guarded</span>: <span class=sf-dump-note>array:1</span> [ &#8230;1]
    </samp>}
    <span class=sf-dump-index>8</span> => <span class=sf-dump-note title=\"App\\Models\\MitraDonatur
\"><span class=\"sf-dump-ellipsis sf-dump-ellipsis-note\">App\\Models</span><span class=\"sf-dump-ellipsis sf-dump-ellipsis-note\">\\</span>MitraDonatur</span> {<a class=sf-dump-ref>#577</a><samp data-depth=3 class=sf-dump-compact>
      #<span class=sf-dump-protected title=\"Protected property\">connection</span>: \"<span class=sf-dump-str title=\"5 characters\">mysql</span>\"
      #<span class=sf-dump-protected title=\"Protected property\">table</span>: \"<span class=sf-dump-str title=\"13 characters\">mitra_donatur</span>\"
      #<span class=sf-dump-protected title=\"Protected property\">primaryKey</span>: \"<span class=sf-dump-str title=\"2 characters\">id</span>\"
      #<span class=sf-dump-protected title=\"Protected property\">keyType</span>: \"<span class=sf-dump-str title=\"3 characters\">int</span>\"
      +<span class=sf-dump-public title=\"Public property\">incrementing</span>: <span class=sf-dump-const>true</span>
      #<span class=sf-dump-protected title=\"Protected property\">with</span>: []
      #<span class=sf-dump-protected title=\"Protected property\">withCount</span>: []
      +<span class=sf-dump-public title=\"Public property\">preventsLazyLoading</span>: <span class=sf-dump-const>false</span>
      #<span class=sf-dump-protected title=\"Protected property\">perPage</span>: <span class=sf-dump-num>15</span>
      +<span class=sf-dump-public title=\"Public property\">exists</span>: <span class=sf-dump-const>true</span>
      +<span class=sf-dump-public title=\"Public property\">wasRecentlyCreated</span>: <span class=sf-dump-const>false</span>
      #<span class=sf-dump-protected title=\"Protected property\">escapeWhenCastingToString</span>: <span class=sf-dump-const>false</span>
      #<span class=sf-dump-protected title=\"Protected property\">attributes</span>: <span class=sf-dump-note>array:7</span> [ &#8230;7]
      #<span class=sf-dump-protected title=\"Protected property\">original</span>: <span class=sf-dump-note>array:7</span> [ &#8230;7]
      #<span class=sf-dump-protected title=\"Protected property\">changes</span>: []
      #<span class=sf-dump-protected title=\"Protected property\">casts</span>: []
      #<span class=sf-dump-protected title=\"Protected property\">classCastCache</span>: []
      #<span class=sf-dump-protected title=\"Protected property\">attributeCastCache</span>: []
      #<span class=sf-dump-protected title=\"Protected property\">dateFormat</span>: <span class=sf-dump-const>null</span>
      #<span class=sf-dump-protected title=\"Protected property\">appends</span>: []
      #<span class=sf-dump-protected title=\"Protected property\">dispatchesEvents</span>: []
      #<span class=sf-dump-protected title=\"Protected property\">observables</span>: []
      #<span class=sf-dump-protected title=\"Protected property\">relations</span>: []
      #<span class=sf-dump-protected title=\"Protected property\">touches</span>: []
      +<span class=sf-dump-public title=\"Public property\">timestamps</span>: <span class=sf-dump-const>true</span>
      +<span class=sf-dump-public title=\"Public property\">usesUniqueIds</span>: <span class=sf-dump-const>false</span>
      #<span class=sf-dump-protected title=\"Protected property\">hidden</span>: []
      #<span class=sf-dump-protected title=\"Protected property\">visible</span>: []
      #<span class=sf-dump-protected title=\"Protected property\">fillable</span>: <span class=sf-dump-note>array:3</span> [ &#8230;3]
      #<span class=sf-dump-protected title=\"Protected property\">guarded</span>: <span class=sf-dump-note>array:1</span> [ &#8230;1]
    </samp>}
    <span class=sf-dump-index>9</span> => <span class=sf-dump-note title=\"App\\Models\\MitraDonatur
\"><span class=\"sf-dump-ellipsis sf-dump-ellipsis-note\">App\\Models</span><span class=\"sf-dump-ellipsis sf-dump-ellipsis-note\">\\</span>MitraDonatur</span> {<a class=sf-dump-ref>#578</a><samp data-depth=3 class=sf-dump-compact>
      #<span class=sf-dump-protected title=\"Protected property\">connection</span>: \"<span class=sf-dump-str title=\"5 characters\">mysql</span>\"
      #<span class=sf-dump-protected title=\"Protected property\">table</span>: \"<span class=sf-dump-str title=\"13 characters\">mitra_donatur</span>\"
      #<span class=sf-dump-protected title=\"Protected property\">primaryKey</span>: \"<span class=sf-dump-str title=\"2 characters\">id</span>\"
      #<span class=sf-dump-protected title=\"Protected property\">keyType</span>: \"<span class=sf-dump-str title=\"3 characters\">int</span>\"
      +<span class=sf-dump-public title=\"Public property\">incrementing</span>: <span class=sf-dump-const>true</span>
      #<span class=sf-dump-protected title=\"Protected property\">with</span>: []
      #<span class=sf-dump-protected title=\"Protected property\">withCount</span>: []
      +<span class=sf-dump-public title=\"Public property\">preventsLazyLoading</span>: <span class=sf-dump-const>false</span>
      #<span class=sf-dump-protected title=\"Protected property\">perPage</span>: <span class=sf-dump-num>15</span>
      +<span class=sf-dump-public title=\"Public property\">exists</span>: <span class=sf-dump-const>true</span>
      +<span class=sf-dump-public title=\"Public property\">wasRecentlyCreated</span>: <span class=sf-dump-const>false</span>
      #<span class=sf-dump-protected title=\"Protected property\">escapeWhenCastingToString</span>: <span class=sf-dump-const>false</span>
      #<span class=sf-dump-protected title=\"Protected property\">attributes</span>: <span class=sf-dump-note>array:7</span> [ &#8230;7]
      #<span class=sf-dump-protected title=\"Protected property\">original</span>: <span class=sf-dump-note>array:7</span> [ &#8230;7]
      #<span class=sf-dump-protected title=\"Protected property\">changes</span>: []
      #<span class=sf-dump-protected title=\"Protected property\">casts</span>: []
      #<span class=sf-dump-protected title=\"Protected property\">classCastCache</span>: []
      #<span class=sf-dump-protected title=\"Protected property\">attributeCastCache</span>: []
      #<span class=sf-dump-protected title=\"Protected property\">dateFormat</span>: <span class=sf-dump-const>null</span>
      #<span class=sf-dump-protected title=\"Protected property\">appends</span>: []
      #<span class=sf-dump-protected title=\"Protected property\">dispatchesEvents</span>: []
      #<span class=sf-dump-protected title=\"Protected property\">observables</span>: []
      #<span class=sf-dump-protected title=\"Protected property\">relations</span>: []
      #<span class=sf-dump-protected title=\"Protected property\">touches</span>: []
      +<span class=sf-dump-public title=\"Public property\">timestamps</span>: <span class=sf-dump-const>true</span>
      +<span class=sf-dump-public title=\"Public property\">usesUniqueIds</span>: <span class=sf-dump-const>false</span>
      #<span class=sf-dump-protected title=\"Protected property\">hidden</span>: []
      #<span class=sf-dump-protected title=\"Protected property\">visible</span>: []
      #<span class=sf-dump-protected title=\"Protected property\">fillable</span>: <span class=sf-dump-note>array:3</span> [ &#8230;3]
      #<span class=sf-dump-protected title=\"Protected property\">guarded</span>: <span class=sf-dump-note>array:1</span> [ &#8230;1]
    </samp>}
    <span class=sf-dump-index>10</span> => <span class=sf-dump-note title=\"App\\Models\\MitraDonatur
\"><span class=\"sf-dump-ellipsis sf-dump-ellipsis-note\">App\\Models</span><span class=\"sf-dump-ellipsis sf-dump-ellipsis-note\">\\</span>MitraDonatur</span> {<a class=sf-dump-ref>#579</a><samp data-depth=3 class=sf-dump-compact>
      #<span class=sf-dump-protected title=\"Protected property\">connection</span>: \"<span class=sf-dump-str title=\"5 characters\">mysql</span>\"
      #<span class=sf-dump-protected title=\"Protected property\">table</span>: \"<span class=sf-dump-str title=\"13 characters\">mitra_donatur</span>\"
      #<span class=sf-dump-protected title=\"Protected property\">primaryKey</span>: \"<span class=sf-dump-str title=\"2 characters\">id</span>\"
      #<span class=sf-dump-protected title=\"Protected property\">keyType</span>: \"<span class=sf-dump-str title=\"3 characters\">int</span>\"
      +<span class=sf-dump-public title=\"Public property\">incrementing</span>: <span class=sf-dump-const>true</span>
      #<span class=sf-dump-protected title=\"Protected property\">with</span>: []
      #<span class=sf-dump-protected title=\"Protected property\">withCount</span>: []
      +<span class=sf-dump-public title=\"Public property\">preventsLazyLoading</span>: <span class=sf-dump-const>false</span>
      #<span class=sf-dump-protected title=\"Protected property\">perPage</span>: <span class=sf-dump-num>15</span>
      +<span class=sf-dump-public title=\"Public property\">exists</span>: <span class=sf-dump-const>true</span>
      +<span class=sf-dump-public title=\"Public property\">wasRecentlyCreated</span>: <span class=sf-dump-const>false</span>
      #<span class=sf-dump-protected title=\"Protected property\">escapeWhenCastingToString</span>: <span class=sf-dump-const>false</span>
      #<span class=sf-dump-protected title=\"Protected property\">attributes</span>: <span class=sf-dump-note>array:7</span> [ &#8230;7]
      #<span class=sf-dump-protected title=\"Protected property\">original</span>: <span class=sf-dump-note>array:7</span> [ &#8230;7]
      #<span class=sf-dump-protected title=\"Protected property\">changes</span>: []
      #<span class=sf-dump-protected title=\"Protected property\">casts</span>: []
      #<span class=sf-dump-protected title=\"Protected property\">classCastCache</span>: []
      #<span class=sf-dump-protected title=\"Protected property\">attributeCastCache</span>: []
      #<span class=sf-dump-protected title=\"Protected property\">dateFormat</span>: <span class=sf-dump-const>null</span>
      #<span class=sf-dump-protected title=\"Protected property\">appends</span>: []
      #<span class=sf-dump-protected title=\"Protected property\">dispatchesEvents</span>: []
      #<span class=sf-dump-protected title=\"Protected property\">observables</span>: []
      #<span class=sf-dump-protected title=\"Protected property\">relations</span>: []
      #<span class=sf-dump-protected title=\"Protected property\">touches</span>: []
      +<span class=sf-dump-public title=\"Public property\">timestamps</span>: <span class=sf-dump-const>true</span>
      +<span class=sf-dump-public title=\"Public property\">usesUniqueIds</span>: <span class=sf-dump-const>false</span>
      #<span class=sf-dump-protected title=\"Protected property\">hidden</span>: []
      #<span class=sf-dump-protected title=\"Protected property\">visible</span>: []
      #<span class=sf-dump-protected title=\"Protected property\">fillable</span>: <span class=sf-dump-note>array:3</span> [ &#8230;3]
      #<span class=sf-dump-protected title=\"Protected property\">guarded</span>: <span class=sf-dump-note>array:1</span> [ &#8230;1]
    </samp>}
    <span class=sf-dump-index>11</span> => <span class=sf-dump-note title=\"App\\Models\\MitraDonatur
\"><span class=\"sf-dump-ellipsis sf-dump-ellipsis-note\">App\\Models</span><span class=\"sf-dump-ellipsis sf-dump-ellipsis-note\">\\</span>MitraDonatur</span> {<a class=sf-dump-ref>#580</a><samp data-depth=3 class=sf-dump-compact>
      #<span class=sf-dump-protected title=\"Protected property\">connection</span>: \"<span class=sf-dump-str title=\"5 characters\">mysql</span>\"
      #<span class=sf-dump-protected title=\"Protected property\">table</span>: \"<span class=sf-dump-str title=\"13 characters\">mitra_donatur</span>\"
      #<span class=sf-dump-protected title=\"Protected property\">primaryKey</span>: \"<span class=sf-dump-str title=\"2 characters\">id</span>\"
      #<span class=sf-dump-protected title=\"Protected property\">keyType</span>: \"<span class=sf-dump-str title=\"3 characters\">int</span>\"
      +<span class=sf-dump-public title=\"Public property\">incrementing</span>: <span class=sf-dump-const>true</span>
      #<span class=sf-dump-protected title=\"Protected property\">with</span>: []
      #<span class=sf-dump-protected title=\"Protected property\">withCount</span>: []
      +<span class=sf-dump-public title=\"Public property\">preventsLazyLoading</span>: <span class=sf-dump-const>false</span>
      #<span class=sf-dump-protected title=\"Protected property\">perPage</span>: <span class=sf-dump-num>15</span>
      +<span class=sf-dump-public title=\"Public property\">exists</span>: <span class=sf-dump-const>true</span>
      +<span class=sf-dump-public title=\"Public property\">wasRecentlyCreated</span>: <span class=sf-dump-const>false</span>
      #<span class=sf-dump-protected title=\"Protected property\">escapeWhenCastingToString</span>: <span class=sf-dump-const>false</span>
      #<span class=sf-dump-protected title=\"Protected property\">attributes</span>: <span class=sf-dump-note>array:7</span> [ &#8230;7]
      #<span class=sf-dump-protected title=\"Protected property\">original</span>: <span class=sf-dump-note>array:7</span> [ &#8230;7]
      #<span class=sf-dump-protected title=\"Protected property\">changes</span>: []
      #<span class=sf-dump-protected title=\"Protected property\">casts</span>: []
      #<span class=sf-dump-protected title=\"Protected property\">classCastCache</span>: []
      #<span class=sf-dump-protected title=\"Protected property\">attributeCastCache</span>: []
      #<span class=sf-dump-protected title=\"Protected property\">dateFormat</span>: <span class=sf-dump-const>null</span>
      #<span class=sf-dump-protected title=\"Protected property\">appends</span>: []
      #<span class=sf-dump-protected title=\"Protected property\">dispatchesEvents</span>: []
      #<span class=sf-dump-protected title=\"Protected property\">observables</span>: []
      #<span class=sf-dump-protected title=\"Protected property\">relations</span>: []
      #<span class=sf-dump-protected title=\"Protected property\">touches</span>: []
      +<span class=sf-dump-public title=\"Public property\">timestamps</span>: <span class=sf-dump-const>true</span>
      +<span class=sf-dump-public title=\"Public property\">usesUniqueIds</span>: <span class=sf-dump-const>false</span>
      #<span class=sf-dump-protected title=\"Protected property\">hidden</span>: []
      #<span class=sf-dump-protected title=\"Protected property\">visible</span>: []
      #<span class=sf-dump-protected title=\"Protected property\">fillable</span>: <span class=sf-dump-note>array:3</span> [ &#8230;3]
      #<span class=sf-dump-protected title=\"Protected property\">guarded</span>: <span class=sf-dump-note>array:1</span> [ &#8230;1]
    </samp>}
    <span class=sf-dump-index>12</span> => <span class=sf-dump-note title=\"App\\Models\\MitraDonatur
\"><span class=\"sf-dump-ellipsis sf-dump-ellipsis-note\">App\\Models</span><span class=\"sf-dump-ellipsis sf-dump-ellipsis-note\">\\</span>MitraDonatur</span> {<a class=sf-dump-ref>#581</a><samp data-depth=3 class=sf-dump-compact>
      #<span class=sf-dump-protected title=\"Protected property\">connection</span>: \"<span class=sf-dump-str title=\"5 characters\">mysql</span>\"
      #<span class=sf-dump-protected title=\"Protected property\">table</span>: \"<span class=sf-dump-str title=\"13 characters\">mitra_donatur</span>\"
      #<span class=sf-dump-protected title=\"Protected property\">primaryKey</span>: \"<span class=sf-dump-str title=\"2 characters\">id</span>\"
      #<span class=sf-dump-protected title=\"Protected property\">keyType</span>: \"<span class=sf-dump-str title=\"3 characters\">int</span>\"
      +<span class=sf-dump-public title=\"Public property\">incrementing</span>: <span class=sf-dump-const>true</span>
      #<span class=sf-dump-protected title=\"Protected property\">with</span>: []
      #<span class=sf-dump-protected title=\"Protected property\">withCount</span>: []
      +<span class=sf-dump-public title=\"Public property\">preventsLazyLoading</span>: <span class=sf-dump-const>false</span>
      #<span class=sf-dump-protected title=\"Protected property\">perPage</span>: <span class=sf-dump-num>15</span>
      +<span class=sf-dump-public title=\"Public property\">exists</span>: <span class=sf-dump-const>true</span>
      +<span class=sf-dump-public title=\"Public property\">wasRecentlyCreated</span>: <span class=sf-dump-const>false</span>
      #<span class=sf-dump-protected title=\"Protected property\">escapeWhenCastingToString</span>: <span class=sf-dump-const>false</span>
      #<span class=sf-dump-protected title=\"Protected property\">attributes</span>: <span class=sf-dump-note>array:7</span> [ &#8230;7]
      #<span class=sf-dump-protected title=\"Protected property\">original</span>: <span class=sf-dump-note>array:7</span> [ &#8230;7]
      #<span class=sf-dump-protected title=\"Protected property\">changes</span>: []
      #<span class=sf-dump-protected title=\"Protected property\">casts</span>: []
      #<span class=sf-dump-protected title=\"Protected property\">classCastCache</span>: []
      #<span class=sf-dump-protected title=\"Protected property\">attributeCastCache</span>: []
      #<span class=sf-dump-protected title=\"Protected property\">dateFormat</span>: <span class=sf-dump-const>null</span>
      #<span class=sf-dump-protected title=\"Protected property\">appends</span>: []
      #<span class=sf-dump-protected title=\"Protected property\">dispatchesEvents</span>: []
      #<span class=sf-dump-protected title=\"Protected property\">observables</span>: []
      #<span class=sf-dump-protected title=\"Protected property\">relations</span>: []
      #<span class=sf-dump-protected title=\"Protected property\">touches</span>: []
      +<span class=sf-dump-public title=\"Public property\">timestamps</span>: <span class=sf-dump-const>true</span>
      +<span class=sf-dump-public title=\"Public property\">usesUniqueIds</span>: <span class=sf-dump-const>false</span>
      #<span class=sf-dump-protected title=\"Protected property\">hidden</span>: []
      #<span class=sf-dump-protected title=\"Protected property\">visible</span>: []
      #<span class=sf-dump-protected title=\"Protected property\">fillable</span>: <span class=sf-dump-note>array:3</span> [ &#8230;3]
      #<span class=sf-dump-protected title=\"Protected property\">guarded</span>: <span class=sf-dump-note>array:1</span> [ &#8230;1]
    </samp>}
    <span class=sf-dump-index>13</span> => <span class=sf-dump-note title=\"App\\Models\\MitraDonatur
\"><span class=\"sf-dump-ellipsis sf-dump-ellipsis-note\">App\\Models</span><span class=\"sf-dump-ellipsis sf-dump-ellipsis-note\">\\</span>MitraDonatur</span> {<a class=sf-dump-ref>#582</a><samp data-depth=3 class=sf-dump-compact>
      #<span class=sf-dump-protected title=\"Protected property\">connection</span>: \"<span class=sf-dump-str title=\"5 characters\">mysql</span>\"
      #<span class=sf-dump-protected title=\"Protected property\">table</span>: \"<span class=sf-dump-str title=\"13 characters\">mitra_donatur</span>\"
      #<span class=sf-dump-protected title=\"Protected property\">primaryKey</span>: \"<span class=sf-dump-str title=\"2 characters\">id</span>\"
      #<span class=sf-dump-protected title=\"Protected property\">keyType</span>: \"<span class=sf-dump-str title=\"3 characters\">int</span>\"
      +<span class=sf-dump-public title=\"Public property\">incrementing</span>: <span class=sf-dump-const>true</span>
      #<span class=sf-dump-protected title=\"Protected property\">with</span>: []
      #<span class=sf-dump-protected title=\"Protected property\">withCount</span>: []
      +<span class=sf-dump-public title=\"Public property\">preventsLazyLoading</span>: <span class=sf-dump-const>false</span>
      #<span class=sf-dump-protected title=\"Protected property\">perPage</span>: <span class=sf-dump-num>15</span>
      +<span class=sf-dump-public title=\"Public property\">exists</span>: <span class=sf-dump-const>true</span>
      +<span class=sf-dump-public title=\"Public property\">wasRecentlyCreated</span>: <span class=sf-dump-const>false</span>
      #<span class=sf-dump-protected title=\"Protected property\">escapeWhenCastingToString</span>: <span class=sf-dump-const>false</span>
      #<span class=sf-dump-protected title=\"Protected property\">attributes</span>: <span class=sf-dump-note>array:7</span> [ &#8230;7]
      #<span class=sf-dump-protected title=\"Protected property\">original</span>: <span class=sf-dump-note>array:7</span> [ &#8230;7]
      #<span class=sf-dump-protected title=\"Protected property\">changes</span>: []
      #<span class=sf-dump-protected title=\"Protected property\">casts</span>: []
      #<span class=sf-dump-protected title=\"Protected property\">classCastCache</span>: []
      #<span class=sf-dump-protected title=\"Protected property\">attributeCastCache</span>: []
      #<span class=sf-dump-protected title=\"Protected property\">dateFormat</span>: <span class=sf-dump-const>null</span>
      #<span class=sf-dump-protected title=\"Protected property\">appends</span>: []
      #<span class=sf-dump-protected title=\"Protected property\">dispatchesEvents</span>: []
      #<span class=sf-dump-protected title=\"Protected property\">observables</span>: []
      #<span class=sf-dump-protected title=\"Protected property\">relations</span>: []
      #<span class=sf-dump-protected title=\"Protected property\">touches</span>: []
      +<span class=sf-dump-public title=\"Public property\">timestamps</span>: <span class=sf-dump-const>true</span>
      +<span class=sf-dump-public title=\"Public property\">usesUniqueIds</span>: <span class=sf-dump-const>false</span>
      #<span class=sf-dump-protected title=\"Protected property\">hidden</span>: []
      #<span class=sf-dump-protected title=\"Protected property\">visible</span>: []
      #<span class=sf-dump-protected title=\"Protected property\">fillable</span>: <span class=sf-dump-note>array:3</span> [ &#8230;3]
      #<span class=sf-dump-protected title=\"Protected property\">guarded</span>: <span class=sf-dump-note>array:1</span> [ &#8230;1]
    </samp>}
    <span class=sf-dump-index>14</span> => <span class=sf-dump-note title=\"App\\Models\\MitraDonatur
\"><span class=\"sf-dump-ellipsis sf-dump-ellipsis-note\">App\\Models</span><span class=\"sf-dump-ellipsis sf-dump-ellipsis-note\">\\</span>MitraDonatur</span> {<a class=sf-dump-ref>#583</a><samp data-depth=3 class=sf-dump-compact>
      #<span class=sf-dump-protected title=\"Protected property\">connection</span>: \"<span class=sf-dump-str title=\"5 characters\">mysql</span>\"
      #<span class=sf-dump-protected title=\"Protected property\">table</span>: \"<span class=sf-dump-str title=\"13 characters\">mitra_donatur</span>\"
      #<span class=sf-dump-protected title=\"Protected property\">primaryKey</span>: \"<span class=sf-dump-str title=\"2 characters\">id</span>\"
      #<span class=sf-dump-protected title=\"Protected property\">keyType</span>: \"<span class=sf-dump-str title=\"3 characters\">int</span>\"
      +<span class=sf-dump-public title=\"Public property\">incrementing</span>: <span class=sf-dump-const>true</span>
      #<span class=sf-dump-protected title=\"Protected property\">with</span>: []
      #<span class=sf-dump-protected title=\"Protected property\">withCount</span>: []
      +<span class=sf-dump-public title=\"Public property\">preventsLazyLoading</span>: <span class=sf-dump-const>false</span>
      #<span class=sf-dump-protected title=\"Protected property\">perPage</span>: <span class=sf-dump-num>15</span>
      +<span class=sf-dump-public title=\"Public property\">exists</span>: <span class=sf-dump-const>true</span>
      +<span class=sf-dump-public title=\"Public property\">wasRecentlyCreated</span>: <span class=sf-dump-const>false</span>
      #<span class=sf-dump-protected title=\"Protected property\">escapeWhenCastingToString</span>: <span class=sf-dump-const>false</span>
      #<span class=sf-dump-protected title=\"Protected property\">attributes</span>: <span class=sf-dump-note>array:7</span> [ &#8230;7]
      #<span class=sf-dump-protected title=\"Protected property\">original</span>: <span class=sf-dump-note>array:7</span> [ &#8230;7]
      #<span class=sf-dump-protected title=\"Protected property\">changes</span>: []
      #<span class=sf-dump-protected title=\"Protected property\">casts</span>: []
      #<span class=sf-dump-protected title=\"Protected property\">classCastCache</span>: []
      #<span class=sf-dump-protected title=\"Protected property\">attributeCastCache</span>: []
      #<span class=sf-dump-protected title=\"Protected property\">dateFormat</span>: <span class=sf-dump-const>null</span>
      #<span class=sf-dump-protected title=\"Protected property\">appends</span>: []
      #<span class=sf-dump-protected title=\"Protected property\">dispatchesEvents</span>: []
      #<span class=sf-dump-protected title=\"Protected property\">observables</span>: []
      #<span class=sf-dump-protected title=\"Protected property\">relations</span>: []
      #<span class=sf-dump-protected title=\"Protected property\">touches</span>: []
      +<span class=sf-dump-public title=\"Public property\">timestamps</span>: <span class=sf-dump-const>true</span>
      +<span class=sf-dump-public title=\"Public property\">usesUniqueIds</span>: <span class=sf-dump-const>false</span>
      #<span class=sf-dump-protected title=\"Protected property\">hidden</span>: []
      #<span class=sf-dump-protected title=\"Protected property\">visible</span>: []
      #<span class=sf-dump-protected title=\"Protected property\">fillable</span>: <span class=sf-dump-note>array:3</span> [ &#8230;3]
      #<span class=sf-dump-protected title=\"Protected property\">guarded</span>: <span class=sf-dump-note>array:1</span> [ &#8230;1]
    </samp>}
    <span class=sf-dump-index>15</span> => <span class=sf-dump-note title=\"App\\Models\\MitraDonatur
\"><span class=\"sf-dump-ellipsis sf-dump-ellipsis-note\">App\\Models</span><span class=\"sf-dump-ellipsis sf-dump-ellipsis-note\">\\</span>MitraDonatur</span> {<a class=sf-dump-ref>#584</a><samp data-depth=3 class=sf-dump-compact>
      #<span class=sf-dump-protected title=\"Protected property\">connection</span>: \"<span class=sf-dump-str title=\"5 characters\">mysql</span>\"
      #<span class=sf-dump-protected title=\"Protected property\">table</span>: \"<span class=sf-dump-str title=\"13 characters\">mitra_donatur</span>\"
      #<span class=sf-dump-protected title=\"Protected property\">primaryKey</span>: \"<span class=sf-dump-str title=\"2 characters\">id</span>\"
      #<span class=sf-dump-protected title=\"Protected property\">keyType</span>: \"<span class=sf-dump-str title=\"3 characters\">int</span>\"
      +<span class=sf-dump-public title=\"Public property\">incrementing</span>: <span class=sf-dump-const>true</span>
      #<span class=sf-dump-protected title=\"Protected property\">with</span>: []
      #<span class=sf-dump-protected title=\"Protected property\">withCount</span>: []
      +<span class=sf-dump-public title=\"Public property\">preventsLazyLoading</span>: <span class=sf-dump-const>false</span>
      #<span class=sf-dump-protected title=\"Protected property\">perPage</span>: <span class=sf-dump-num>15</span>
      +<span class=sf-dump-public title=\"Public property\">exists</span>: <span class=sf-dump-const>true</span>
      +<span class=sf-dump-public title=\"Public property\">wasRecentlyCreated</span>: <span class=sf-dump-const>false</span>
      #<span class=sf-dump-protected title=\"Protected property\">escapeWhenCastingToString</span>: <span class=sf-dump-const>false</span>
      #<span class=sf-dump-protected title=\"Protected property\">attributes</span>: <span class=sf-dump-note>array:7</span> [ &#8230;7]
      #<span class=sf-dump-protected title=\"Protected property\">original</span>: <span class=sf-dump-note>array:7</span> [ &#8230;7]
      #<span class=sf-dump-protected title=\"Protected property\">changes</span>: []
      #<span class=sf-dump-protected title=\"Protected property\">casts</span>: []
      #<span class=sf-dump-protected title=\"Protected property\">classCastCache</span>: []
      #<span class=sf-dump-protected title=\"Protected property\">attributeCastCache</span>: []
      #<span class=sf-dump-protected title=\"Protected property\">dateFormat</span>: <span class=sf-dump-const>null</span>
      #<span class=sf-dump-protected title=\"Protected property\">appends</span>: []
      #<span class=sf-dump-protected title=\"Protected property\">dispatchesEvents</span>: []
      #<span class=sf-dump-protected title=\"Protected property\">observables</span>: []
      #<span class=sf-dump-protected title=\"Protected property\">relations</span>: []
      #<span class=sf-dump-protected title=\"Protected property\">touches</span>: []
      +<span class=sf-dump-public title=\"Public property\">timestamps</span>: <span class=sf-dump-const>true</span>
      +<span class=sf-dump-public title=\"Public property\">usesUniqueIds</span>: <span class=sf-dump-const>false</span>
      #<span class=sf-dump-protected title=\"Protected property\">hidden</span>: []
      #<span class=sf-dump-protected title=\"Protected property\">visible</span>: []
      #<span class=sf-dump-protected title=\"Protected property\">fillable</span>: <span class=sf-dump-note>array:3</span> [ &#8230;3]
      #<span class=sf-dump-protected title=\"Protected property\">guarded</span>: <span class=sf-dump-note>array:1</span> [ &#8230;1]
    </samp>}
    <span class=sf-dump-index>16</span> => <span class=sf-dump-note title=\"App\\Models\\MitraDonatur
\"><span class=\"sf-dump-ellipsis sf-dump-ellipsis-note\">App\\Models</span><span class=\"sf-dump-ellipsis sf-dump-ellipsis-note\">\\</span>MitraDonatur</span> {<a class=sf-dump-ref>#585</a><samp data-depth=3 class=sf-dump-compact>
      #<span class=sf-dump-protected title=\"Protected property\">connection</span>: \"<span class=sf-dump-str title=\"5 characters\">mysql</span>\"
      #<span class=sf-dump-protected title=\"Protected property\">table</span>: \"<span class=sf-dump-str title=\"13 characters\">mitra_donatur</span>\"
      #<span class=sf-dump-protected title=\"Protected property\">primaryKey</span>: \"<span class=sf-dump-str title=\"2 characters\">id</span>\"
      #<span class=sf-dump-protected title=\"Protected property\">keyType</span>: \"<span class=sf-dump-str title=\"3 characters\">int</span>\"
      +<span class=sf-dump-public title=\"Public property\">incrementing</span>: <span class=sf-dump-const>true</span>
      #<span class=sf-dump-protected title=\"Protected property\">with</span>: []
      #<span class=sf-dump-protected title=\"Protected property\">withCount</span>: []
      +<span class=sf-dump-public title=\"Public property\">preventsLazyLoading</span>: <span class=sf-dump-const>false</span>
      #<span class=sf-dump-protected title=\"Protected property\">perPage</span>: <span class=sf-dump-num>15</span>
      +<span class=sf-dump-public title=\"Public property\">exists</span>: <span class=sf-dump-const>true</span>
      +<span class=sf-dump-public title=\"Public property\">wasRecentlyCreated</span>: <span class=sf-dump-const>false</span>
      #<span class=sf-dump-protected title=\"Protected property\">escapeWhenCastingToString</span>: <span class=sf-dump-const>false</span>
      #<span class=sf-dump-protected title=\"Protected property\">attributes</span>: <span class=sf-dump-note>array:7</span> [ &#8230;7]
      #<span class=sf-dump-protected title=\"Protected property\">original</span>: <span class=sf-dump-note>array:7</span> [ &#8230;7]
      #<span class=sf-dump-protected title=\"Protected property\">changes</span>: []
      #<span class=sf-dump-protected title=\"Protected property\">casts</span>: []
      #<span class=sf-dump-protected title=\"Protected property\">classCastCache</span>: []
      #<span class=sf-dump-protected title=\"Protected property\">attributeCastCache</span>: []
      #<span class=sf-dump-protected title=\"Protected property\">dateFormat</span>: <span class=sf-dump-const>null</span>
      #<span class=sf-dump-protected title=\"Protected property\">appends</span>: []
      #<span class=sf-dump-protected title=\"Protected property\">dispatchesEvents</span>: []
      #<span class=sf-dump-protected title=\"Protected property\">observables</span>: []
      #<span class=sf-dump-protected title=\"Protected property\">relations</span>: []
      #<span class=sf-dump-protected title=\"Protected property\">touches</span>: []
      +<span class=sf-dump-public title=\"Public property\">timestamps</span>: <span class=sf-dump-const>true</span>
      +<span class=sf-dump-public title=\"Public property\">usesUniqueIds</span>: <span class=sf-dump-const>false</span>
      #<span class=sf-dump-protected title=\"Protected property\">hidden</span>: []
      #<span class=sf-dump-protected title=\"Protected property\">visible</span>: []
      #<span class=sf-dump-protected title=\"Protected property\">fillable</span>: <span class=sf-dump-note>array:3</span> [ &#8230;3]
      #<span class=sf-dump-protected title=\"Protected property\">guarded</span>: <span class=sf-dump-note>array:1</span> [ &#8230;1]
    </samp>}
    <span class=sf-dump-index>17</span> => <span class=sf-dump-note title=\"App\\Models\\MitraDonatur
\"><span class=\"sf-dump-ellipsis sf-dump-ellipsis-note\">App\\Models</span><span class=\"sf-dump-ellipsis sf-dump-ellipsis-note\">\\</span>MitraDonatur</span> {<a class=sf-dump-ref>#586</a><samp data-depth=3 class=sf-dump-compact>
      #<span class=sf-dump-protected title=\"Protected property\">connection</span>: \"<span class=sf-dump-str title=\"5 characters\">mysql</span>\"
      #<span class=sf-dump-protected title=\"Protected property\">table</span>: \"<span class=sf-dump-str title=\"13 characters\">mitra_donatur</span>\"
      #<span class=sf-dump-protected title=\"Protected property\">primaryKey</span>: \"<span class=sf-dump-str title=\"2 characters\">id</span>\"
      #<span class=sf-dump-protected title=\"Protected property\">keyType</span>: \"<span class=sf-dump-str title=\"3 characters\">int</span>\"
      +<span class=sf-dump-public title=\"Public property\">incrementing</span>: <span class=sf-dump-const>true</span>
      #<span class=sf-dump-protected title=\"Protected property\">with</span>: []
      #<span class=sf-dump-protected title=\"Protected property\">withCount</span>: []
      +<span class=sf-dump-public title=\"Public property\">preventsLazyLoading</span>: <span class=sf-dump-const>false</span>
      #<span class=sf-dump-protected title=\"Protected property\">perPage</span>: <span class=sf-dump-num>15</span>
      +<span class=sf-dump-public title=\"Public property\">exists</span>: <span class=sf-dump-const>true</span>
      +<span class=sf-dump-public title=\"Public property\">wasRecentlyCreated</span>: <span class=sf-dump-const>false</span>
      #<span class=sf-dump-protected title=\"Protected property\">escapeWhenCastingToString</span>: <span class=sf-dump-const>false</span>
      #<span class=sf-dump-protected title=\"Protected property\">attributes</span>: <span class=sf-dump-note>array:7</span> [ &#8230;7]
      #<span class=sf-dump-protected title=\"Protected property\">original</span>: <span class=sf-dump-note>array:7</span> [ &#8230;7]
      #<span class=sf-dump-protected title=\"Protected property\">changes</span>: []
      #<span class=sf-dump-protected title=\"Protected property\">casts</span>: []
      #<span class=sf-dump-protected title=\"Protected property\">classCastCache</span>: []
      #<span class=sf-dump-protected title=\"Protected property\">attributeCastCache</span>: []
      #<span class=sf-dump-protected title=\"Protected property\">dateFormat</span>: <span class=sf-dump-const>null</span>
      #<span class=sf-dump-protected title=\"Protected property\">appends</span>: []
      #<span class=sf-dump-protected title=\"Protected property\">dispatchesEvents</span>: []
      #<span class=sf-dump-protected title=\"Protected property\">observables</span>: []
      #<span class=sf-dump-protected title=\"Protected property\">relations</span>: []
      #<span class=sf-dump-protected title=\"Protected property\">touches</span>: []
      +<span class=sf-dump-public title=\"Public property\">timestamps</span>: <span class=sf-dump-const>true</span>
      +<span class=sf-dump-public title=\"Public property\">usesUniqueIds</span>: <span class=sf-dump-const>false</span>
      #<span class=sf-dump-protected title=\"Protected property\">hidden</span>: []
      #<span class=sf-dump-protected title=\"Protected property\">visible</span>: []
      #<span class=sf-dump-protected title=\"Protected property\">fillable</span>: <span class=sf-dump-note>array:3</span> [ &#8230;3]
      #<span class=sf-dump-protected title=\"Protected property\">guarded</span>: <span class=sf-dump-note>array:1</span> [ &#8230;1]
    </samp>}
  </samp>]
  #<span class=sf-dump-protected title=\"Protected property\">escapeWhenCastingToString</span>: <span class=sf-dump-const>false</span>
</samp>}
</pre><script>Sfdump(\"sf-dump-1760635124\", {\"maxDepth\":3,\"maxStringLength\":160})</script>
","testimoniMenu":"<pre class=sf-dump id=sf-dump-1146765614 data-indent-pad=\"  \"><span class=sf-dump-note>App\\Models\\SettingsMenu</span> {<a class=sf-dump-ref>#501</a><samp data-depth=1 class=sf-dump-expanded>
  #<span class=sf-dump-protected title=\"Protected property\">connection</span>: \"<span class=sf-dump-str title=\"5 characters\">mysql</span>\"
  #<span class=sf-dump-protected title=\"Protected property\">table</span>: \"<span class=sf-dump-str title=\"13 characters\">settings_menu</span>\"
  #<span class=sf-dump-protected title=\"Protected property\">primaryKey</span>: \"<span class=sf-dump-str title=\"2 characters\">id</span>\"
  #<span class=sf-dump-protected title=\"Protected property\">keyType</span>: \"<span class=sf-dump-str title=\"3 characters\">int</span>\"
  +<span class=sf-dump-public title=\"Public property\">incrementing</span>: <span class=sf-dump-const>true</span>
  #<span class=sf-dump-protected title=\"Protected property\">with</span>: []
  #<span class=sf-dump-protected title=\"Protected property\">withCount</span>: []
  +<span class=sf-dump-public title=\"Public property\">preventsLazyLoading</span>: <span class=sf-dump-const>false</span>
  #<span class=sf-dump-protected title=\"Protected property\">perPage</span>: <span class=sf-dump-num>15</span>
  +<span class=sf-dump-public title=\"Public property\">exists</span>: <span class=sf-dump-const>true</span>
  +<span class=sf-dump-public title=\"Public property\">wasRecentlyCreated</span>: <span class=sf-dump-const>false</span>
  #<span class=sf-dump-protected title=\"Protected property\">escapeWhenCastingToString</span>: <span class=sf-dump-const>false</span>
  #<span class=sf-dump-protected title=\"Protected property\">attributes</span>: <span class=sf-dump-note>array:6</span> [<samp data-depth=2 class=sf-dump-compact>
    \"<span class=sf-dump-key>id</span>\" => <span class=sf-dump-num>2</span>
    \"<span class=sf-dump-key>judul</span>\" => \"<span class=sf-dump-str title=\"13 characters\">Kesan &amp; Pesan</span>\"
    \"<span class=sf-dump-key>subjudul</span>\" => \"<span class=sf-dump-str title=\"138 characters\">Apa kesan dan pesan mereka tentang Kilau Indonesia? Berikut adalah beberapa kesan dan pesan dari penerima manfaat, relawan, dan mitra kami</span>\"
    \"<span class=sf-dump-key>created_at</span>\" => \"<span class=sf-dump-str title=\"19 characters\">2025-01-28 07:11:17</span>\"
    \"<span class=sf-dump-key>updated_at</span>\" => \"<span class=sf-dump-str title=\"19 characters\">2025-02-20 08:05:48</span>\"
    \"<span class=sf-dump-key>status</span>\" => \"<span class=sf-dump-str>1</span>\"
  </samp>]
  #<span class=sf-dump-protected title=\"Protected property\">original</span>: <span class=sf-dump-note>array:6</span> [<samp data-depth=2 class=sf-dump-compact>
    \"<span class=sf-dump-key>id</span>\" => <span class=sf-dump-num>2</span>
    \"<span class=sf-dump-key>judul</span>\" => \"<span class=sf-dump-str title=\"13 characters\">Kesan &amp; Pesan</span>\"
    \"<span class=sf-dump-key>subjudul</span>\" => \"<span class=sf-dump-str title=\"138 characters\">Apa kesan dan pesan mereka tentang Kilau Indonesia? Berikut adalah beberapa kesan dan pesan dari penerima manfaat, relawan, dan mitra kami</span>\"
    \"<span class=sf-dump-key>created_at</span>\" => \"<span class=sf-dump-str title=\"19 characters\">2025-01-28 07:11:17</span>\"
    \"<span class=sf-dump-key>updated_at</span>\" => \"<span class=sf-dump-str title=\"19 characters\">2025-02-20 08:05:48</span>\"
    \"<span class=sf-dump-key>status</span>\" => \"<span class=sf-dump-str>1</span>\"
  </samp>]
  #<span class=sf-dump-protected title=\"Protected property\">changes</span>: []
  #<span class=sf-dump-protected title=\"Protected property\">casts</span>: []
  #<span class=sf-dump-protected title=\"Protected property\">classCastCache</span>: []
  #<span class=sf-dump-protected title=\"Protected property\">attributeCastCache</span>: []
  #<span class=sf-dump-protected title=\"Protected property\">dateFormat</span>: <span class=sf-dump-const>null</span>
  #<span class=sf-dump-protected title=\"Protected property\">appends</span>: []
  #<span class=sf-dump-protected title=\"Protected property\">dispatchesEvents</span>: []
  #<span class=sf-dump-protected title=\"Protected property\">observables</span>: []
  #<span class=sf-dump-protected title=\"Protected property\">relations</span>: []
  #<span class=sf-dump-protected title=\"Protected property\">touches</span>: []
  +<span class=sf-dump-public title=\"Public property\">timestamps</span>: <span class=sf-dump-const>true</span>
  +<span class=sf-dump-public title=\"Public property\">usesUniqueIds</span>: <span class=sf-dump-const>false</span>
  #<span class=sf-dump-protected title=\"Protected property\">hidden</span>: []
  #<span class=sf-dump-protected title=\"Protected property\">visible</span>: []
  #<span class=sf-dump-protected title=\"Protected property\">fillable</span>: <span class=sf-dump-note>array:3</span> [<samp data-depth=2 class=sf-dump-compact>
    <span class=sf-dump-index>0</span> => \"<span class=sf-dump-str title=\"5 characters\">judul</span>\"
    <span class=sf-dump-index>1</span> => \"<span class=sf-dump-str title=\"8 characters\">subjudul</span>\"
    <span class=sf-dump-index>2</span> => \"<span class=sf-dump-str title=\"6 characters\">status</span>\"
  </samp>]
  #<span class=sf-dump-protected title=\"Protected property\">guarded</span>: <span class=sf-dump-note>array:1</span> [<samp data-depth=2 class=sf-dump-compact>
    <span class=sf-dump-index>0</span> => \"<span class=sf-dump-str>*</span>\"
  </samp>]
</samp>}
</pre><script>Sfdump(\"sf-dump-1146765614\", {\"maxDepth\":3,\"maxStringLength\":160})</script>
","faqMenu":"<pre class=sf-dump id=sf-dump-1570219976 data-indent-pad=\"  \"><span class=sf-dump-note>App\\Models\\SettingsMenu</span> {<a class=sf-dump-ref>#527</a><samp data-depth=1 class=sf-dump-expanded>
  #<span class=sf-dump-protected title=\"Protected property\">connection</span>: \"<span class=sf-dump-str title=\"5 characters\">mysql</span>\"
  #<span class=sf-dump-protected title=\"Protected property\">table</span>: \"<span class=sf-dump-str title=\"13 characters\">settings_menu</span>\"
  #<span class=sf-dump-protected title=\"Protected property\">primaryKey</span>: \"<span class=sf-dump-str title=\"2 characters\">id</span>\"
  #<span class=sf-dump-protected title=\"Protected property\">keyType</span>: \"<span class=sf-dump-str title=\"3 characters\">int</span>\"
  +<span class=sf-dump-public title=\"Public property\">incrementing</span>: <span class=sf-dump-const>true</span>
  #<span class=sf-dump-protected title=\"Protected property\">with</span>: []
  #<span class=sf-dump-protected title=\"Protected property\">withCount</span>: []
  +<span class=sf-dump-public title=\"Public property\">preventsLazyLoading</span>: <span class=sf-dump-const>false</span>
  #<span class=sf-dump-protected title=\"Protected property\">perPage</span>: <span class=sf-dump-num>15</span>
  +<span class=sf-dump-public title=\"Public property\">exists</span>: <span class=sf-dump-const>true</span>
  +<span class=sf-dump-public title=\"Public property\">wasRecentlyCreated</span>: <span class=sf-dump-const>false</span>
  #<span class=sf-dump-protected title=\"Protected property\">escapeWhenCastingToString</span>: <span class=sf-dump-const>false</span>
  #<span class=sf-dump-protected title=\"Protected property\">attributes</span>: <span class=sf-dump-note>array:6</span> [<samp data-depth=2 class=sf-dump-compact>
    \"<span class=sf-dump-key>id</span>\" => <span class=sf-dump-num>3</span>
    \"<span class=sf-dump-key>judul</span>\" => \"<span class=sf-dump-str title=\"3 characters\">FAQ</span>\"
    \"<span class=sf-dump-key>subjudul</span>\" => \"<span class=sf-dump-str title=\"65 characters\">Pertanyaan umum seputar Kilau Indonesia dan program-program kami.</span>\"
    \"<span class=sf-dump-key>created_at</span>\" => \"<span class=sf-dump-str title=\"19 characters\">2025-01-28 07:12:03</span>\"
    \"<span class=sf-dump-key>updated_at</span>\" => \"<span class=sf-dump-str title=\"19 characters\">2025-01-28 15:53:07</span>\"
    \"<span class=sf-dump-key>status</span>\" => \"<span class=sf-dump-str>1</span>\"
  </samp>]
  #<span class=sf-dump-protected title=\"Protected property\">original</span>: <span class=sf-dump-note>array:6</span> [<samp data-depth=2 class=sf-dump-compact>
    \"<span class=sf-dump-key>id</span>\" => <span class=sf-dump-num>3</span>
    \"<span class=sf-dump-key>judul</span>\" => \"<span class=sf-dump-str title=\"3 characters\">FAQ</span>\"
    \"<span class=sf-dump-key>subjudul</span>\" => \"<span class=sf-dump-str title=\"65 characters\">Pertanyaan umum seputar Kilau Indonesia dan program-program kami.</span>\"
    \"<span class=sf-dump-key>created_at</span>\" => \"<span class=sf-dump-str title=\"19 characters\">2025-01-28 07:12:03</span>\"
    \"<span class=sf-dump-key>updated_at</span>\" => \"<span class=sf-dump-str title=\"19 characters\">2025-01-28 15:53:07</span>\"
    \"<span class=sf-dump-key>status</span>\" => \"<span class=sf-dump-str>1</span>\"
  </samp>]
  #<span class=sf-dump-protected title=\"Protected property\">changes</span>: []
  #<span class=sf-dump-protected title=\"Protected property\">casts</span>: []
  #<span class=sf-dump-protected title=\"Protected property\">classCastCache</span>: []
  #<span class=sf-dump-protected title=\"Protected property\">attributeCastCache</span>: []
  #<span class=sf-dump-protected title=\"Protected property\">dateFormat</span>: <span class=sf-dump-const>null</span>
  #<span class=sf-dump-protected title=\"Protected property\">appends</span>: []
  #<span class=sf-dump-protected title=\"Protected property\">dispatchesEvents</span>: []
  #<span class=sf-dump-protected title=\"Protected property\">observables</span>: []
  #<span class=sf-dump-protected title=\"Protected property\">relations</span>: []
  #<span class=sf-dump-protected title=\"Protected property\">touches</span>: []
  +<span class=sf-dump-public title=\"Public property\">timestamps</span>: <span class=sf-dump-const>true</span>
  +<span class=sf-dump-public title=\"Public property\">usesUniqueIds</span>: <span class=sf-dump-const>false</span>
  #<span class=sf-dump-protected title=\"Protected property\">hidden</span>: []
  #<span class=sf-dump-protected title=\"Protected property\">visible</span>: []
  #<span class=sf-dump-protected title=\"Protected property\">fillable</span>: <span class=sf-dump-note>array:3</span> [<samp data-depth=2 class=sf-dump-compact>
    <span class=sf-dump-index>0</span> => \"<span class=sf-dump-str title=\"5 characters\">judul</span>\"
    <span class=sf-dump-index>1</span> => \"<span class=sf-dump-str title=\"8 characters\">subjudul</span>\"
    <span class=sf-dump-index>2</span> => \"<span class=sf-dump-str title=\"6 characters\">status</span>\"
  </samp>]
  #<span class=sf-dump-protected title=\"Protected property\">guarded</span>: <span class=sf-dump-note>array:1</span> [<samp data-depth=2 class=sf-dump-compact>
    <span class=sf-dump-index>0</span> => \"<span class=sf-dump-str>*</span>\"
  </samp>]
</samp>}
</pre><script>Sfdump(\"sf-dump-1570219976\", {\"maxDepth\":3,\"maxStringLength\":160})</script>
","mitraMenu":"<pre class=sf-dump id=sf-dump-1471470000 data-indent-pad=\"  \"><span class=sf-dump-note>App\\Models\\SettingsMenu</span> {<a class=sf-dump-ref>#530</a><samp data-depth=1 class=sf-dump-expanded>
  #<span class=sf-dump-protected title=\"Protected property\">connection</span>: \"<span class=sf-dump-str title=\"5 characters\">mysql</span>\"
  #<span class=sf-dump-protected title=\"Protected property\">table</span>: \"<span class=sf-dump-str title=\"13 characters\">settings_menu</span>\"
  #<span class=sf-dump-protected title=\"Protected property\">primaryKey</span>: \"<span class=sf-dump-str title=\"2 characters\">id</span>\"
  #<span class=sf-dump-protected title=\"Protected property\">keyType</span>: \"<span class=sf-dump-str title=\"3 characters\">int</span>\"
  +<span class=sf-dump-public title=\"Public property\">incrementing</span>: <span class=sf-dump-const>true</span>
  #<span class=sf-dump-protected title=\"Protected property\">with</span>: []
  #<span class=sf-dump-protected title=\"Protected property\">withCount</span>: []
  +<span class=sf-dump-public title=\"Public property\">preventsLazyLoading</span>: <span class=sf-dump-const>false</span>
  #<span class=sf-dump-protected title=\"Protected property\">perPage</span>: <span class=sf-dump-num>15</span>
  +<span class=sf-dump-public title=\"Public property\">exists</span>: <span class=sf-dump-const>true</span>
  +<span class=sf-dump-public title=\"Public property\">wasRecentlyCreated</span>: <span class=sf-dump-const>false</span>
  #<span class=sf-dump-protected title=\"Protected property\">escapeWhenCastingToString</span>: <span class=sf-dump-const>false</span>
  #<span class=sf-dump-protected title=\"Protected property\">attributes</span>: <span class=sf-dump-note>array:6</span> [<samp data-depth=2 class=sf-dump-compact>
    \"<span class=sf-dump-key>id</span>\" => <span class=sf-dump-num>4</span>
    \"<span class=sf-dump-key>judul</span>\" => \"<span class=sf-dump-str title=\"13 characters\">Mitra Berbagi</span>\"
    \"<span class=sf-dump-key>subjudul</span>\" => \"<span class=sf-dump-str title=\"87 characters\">Terima kasih kepada mitra berbagi yang telah mendukung program-program Kilau Indonesia.</span>\"
    \"<span class=sf-dump-key>created_at</span>\" => \"<span class=sf-dump-str title=\"19 characters\">2025-01-30 02:15:19</span>\"
    \"<span class=sf-dump-key>updated_at</span>\" => \"<span class=sf-dump-str title=\"19 characters\">2025-02-21 07:45:48</span>\"
    \"<span class=sf-dump-key>status</span>\" => \"<span class=sf-dump-str>1</span>\"
  </samp>]
  #<span class=sf-dump-protected title=\"Protected property\">original</span>: <span class=sf-dump-note>array:6</span> [<samp data-depth=2 class=sf-dump-compact>
    \"<span class=sf-dump-key>id</span>\" => <span class=sf-dump-num>4</span>
    \"<span class=sf-dump-key>judul</span>\" => \"<span class=sf-dump-str title=\"13 characters\">Mitra Berbagi</span>\"
    \"<span class=sf-dump-key>subjudul</span>\" => \"<span class=sf-dump-str title=\"87 characters\">Terima kasih kepada mitra berbagi yang telah mendukung program-program Kilau Indonesia.</span>\"
    \"<span class=sf-dump-key>created_at</span>\" => \"<span class=sf-dump-str title=\"19 characters\">2025-01-30 02:15:19</span>\"
    \"<span class=sf-dump-key>updated_at</span>\" => \"<span class=sf-dump-str title=\"19 characters\">2025-02-21 07:45:48</span>\"
    \"<span class=sf-dump-key>status</span>\" => \"<span class=sf-dump-str>1</span>\"
  </samp>]
  #<span class=sf-dump-protected title=\"Protected property\">changes</span>: []
  #<span class=sf-dump-protected title=\"Protected property\">casts</span>: []
  #<span class=sf-dump-protected title=\"Protected property\">classCastCache</span>: []
  #<span class=sf-dump-protected title=\"Protected property\">attributeCastCache</span>: []
  #<span class=sf-dump-protected title=\"Protected property\">dateFormat</span>: <span class=sf-dump-const>null</span>
  #<span class=sf-dump-protected title=\"Protected property\">appends</span>: []
  #<span class=sf-dump-protected title=\"Protected property\">dispatchesEvents</span>: []
  #<span class=sf-dump-protected title=\"Protected property\">observables</span>: []
  #<span class=sf-dump-protected title=\"Protected property\">relations</span>: []
  #<span class=sf-dump-protected title=\"Protected property\">touches</span>: []
  +<span class=sf-dump-public title=\"Public property\">timestamps</span>: <span class=sf-dump-const>true</span>
  +<span class=sf-dump-public title=\"Public property\">usesUniqueIds</span>: <span class=sf-dump-const>false</span>
  #<span class=sf-dump-protected title=\"Protected property\">hidden</span>: []
  #<span class=sf-dump-protected title=\"Protected property\">visible</span>: []
  #<span class=sf-dump-protected title=\"Protected property\">fillable</span>: <span class=sf-dump-note>array:3</span> [<samp data-depth=2 class=sf-dump-compact>
    <span class=sf-dump-index>0</span> => \"<span class=sf-dump-str title=\"5 characters\">judul</span>\"
    <span class=sf-dump-index>1</span> => \"<span class=sf-dump-str title=\"8 characters\">subjudul</span>\"
    <span class=sf-dump-index>2</span> => \"<span class=sf-dump-str title=\"6 characters\">status</span>\"
  </samp>]
  #<span class=sf-dump-protected title=\"Protected property\">guarded</span>: <span class=sf-dump-note>array:1</span> [<samp data-depth=2 class=sf-dump-compact>
    <span class=sf-dump-index>0</span> => \"<span class=sf-dump-str>*</span>\"
  </samp>]
</samp>}
</pre><script>Sfdump(\"sf-dump-1471470000\", {\"maxDepth\":3,\"maxStringLength\":160})</script>
","donasiiklan":"<pre class=sf-dump id=sf-dump-1809867549 data-indent-pad=\"  \"><span class=sf-dump-note>Illuminate\\Database\\Eloquent\\Collection</span> {<a class=sf-dump-ref>#679</a><samp data-depth=1 class=sf-dump-expanded>
  #<span class=sf-dump-protected title=\"Protected property\">items</span>: <span class=sf-dump-note>array:1</span> [<samp data-depth=2 class=sf-dump-compact>
    <span class=sf-dump-index>0</span> => <span class=sf-dump-note title=\"App\\Models\\KilauIklan
\"><span class=\"sf-dump-ellipsis sf-dump-ellipsis-note\">App\\Models</span><span class=\"sf-dump-ellipsis sf-dump-ellipsis-note\">\\</span>KilauIklan</span> {<a class=sf-dump-ref>#660</a><samp data-depth=3 class=sf-dump-compact>
      #<span class=sf-dump-protected title=\"Protected property\">connection</span>: \"<span class=sf-dump-str title=\"5 characters\">mysql</span>\"
      #<span class=sf-dump-protected title=\"Protected property\">table</span>: \"<span class=sf-dump-str title=\"10 characters\">kilauiklan</span>\"
      #<span class=sf-dump-protected title=\"Protected property\">primaryKey</span>: \"<span class=sf-dump-str title=\"2 characters\">id</span>\"
      #<span class=sf-dump-protected title=\"Protected property\">keyType</span>: \"<span class=sf-dump-str title=\"3 characters\">int</span>\"
      +<span class=sf-dump-public title=\"Public property\">incrementing</span>: <span class=sf-dump-const>true</span>
      #<span class=sf-dump-protected title=\"Protected property\">with</span>: []
      #<span class=sf-dump-protected title=\"Protected property\">withCount</span>: []
      +<span class=sf-dump-public title=\"Public property\">preventsLazyLoading</span>: <span class=sf-dump-const>false</span>
      #<span class=sf-dump-protected title=\"Protected property\">perPage</span>: <span class=sf-dump-num>15</span>
      +<span class=sf-dump-public title=\"Public property\">exists</span>: <span class=sf-dump-const>true</span>
      +<span class=sf-dump-public title=\"Public property\">wasRecentlyCreated</span>: <span class=sf-dump-const>false</span>
      #<span class=sf-dump-protected title=\"Protected property\">escapeWhenCastingToString</span>: <span class=sf-dump-const>false</span>
      #<span class=sf-dump-protected title=\"Protected property\">attributes</span>: <span class=sf-dump-note>array:9</span> [ &#8230;9]
      #<span class=sf-dump-protected title=\"Protected property\">original</span>: <span class=sf-dump-note>array:9</span> [ &#8230;9]
      #<span class=sf-dump-protected title=\"Protected property\">changes</span>: []
      #<span class=sf-dump-protected title=\"Protected property\">casts</span>: []
      #<span class=sf-dump-protected title=\"Protected property\">classCastCache</span>: []
      #<span class=sf-dump-protected title=\"Protected property\">attributeCastCache</span>: []
      #<span class=sf-dump-protected title=\"Protected property\">dateFormat</span>: <span class=sf-dump-const>null</span>
      #<span class=sf-dump-protected title=\"Protected property\">appends</span>: []
      #<span class=sf-dump-protected title=\"Protected property\">dispatchesEvents</span>: []
      #<span class=sf-dump-protected title=\"Protected property\">observables</span>: []
      #<span class=sf-dump-protected title=\"Protected property\">relations</span>: []
      #<span class=sf-dump-protected title=\"Protected property\">touches</span>: []
      +<span class=sf-dump-public title=\"Public property\">timestamps</span>: <span class=sf-dump-const>true</span>
      +<span class=sf-dump-public title=\"Public property\">usesUniqueIds</span>: <span class=sf-dump-const>false</span>
      #<span class=sf-dump-protected title=\"Protected property\">hidden</span>: []
      #<span class=sf-dump-protected title=\"Protected property\">visible</span>: []
      #<span class=sf-dump-protected title=\"Protected property\">fillable</span>: <span class=sf-dump-note>array:6</span> [ &#8230;6]
      #<span class=sf-dump-protected title=\"Protected property\">guarded</span>: <span class=sf-dump-note>array:1</span> [ &#8230;1]
    </samp>}
  </samp>]
  #<span class=sf-dump-protected title=\"Protected property\">escapeWhenCastingToString</span>: <span class=sf-dump-const>false</span>
</samp>}
</pre><script>Sfdump(\"sf-dump-1809867549\", {\"maxDepth\":3,\"maxStringLength\":160})</script>
","programMenu":"<pre class=sf-dump id=sf-dump-1175074547 data-indent-pad=\"  \"><span class=sf-dump-note>App\\Models\\SettingsMenu</span> {<a class=sf-dump-ref>#508</a><samp data-depth=1 class=sf-dump-expanded>
  #<span class=sf-dump-protected title=\"Protected property\">connection</span>: \"<span class=sf-dump-str title=\"5 characters\">mysql</span>\"
  #<span class=sf-dump-protected title=\"Protected property\">table</span>: \"<span class=sf-dump-str title=\"13 characters\">settings_menu</span>\"
  #<span class=sf-dump-protected title=\"Protected property\">primaryKey</span>: \"<span class=sf-dump-str title=\"2 characters\">id</span>\"
  #<span class=sf-dump-protected title=\"Protected property\">keyType</span>: \"<span class=sf-dump-str title=\"3 characters\">int</span>\"
  +<span class=sf-dump-public title=\"Public property\">incrementing</span>: <span class=sf-dump-const>true</span>
  #<span class=sf-dump-protected title=\"Protected property\">with</span>: []
  #<span class=sf-dump-protected title=\"Protected property\">withCount</span>: []
  +<span class=sf-dump-public title=\"Public property\">preventsLazyLoading</span>: <span class=sf-dump-const>false</span>
  #<span class=sf-dump-protected title=\"Protected property\">perPage</span>: <span class=sf-dump-num>15</span>
  +<span class=sf-dump-public title=\"Public property\">exists</span>: <span class=sf-dump-const>true</span>
  +<span class=sf-dump-public title=\"Public property\">wasRecentlyCreated</span>: <span class=sf-dump-const>false</span>
  #<span class=sf-dump-protected title=\"Protected property\">escapeWhenCastingToString</span>: <span class=sf-dump-const>false</span>
  #<span class=sf-dump-protected title=\"Protected property\">attributes</span>: <span class=sf-dump-note>array:6</span> [<samp data-depth=2 class=sf-dump-compact>
    \"<span class=sf-dump-key>id</span>\" => <span class=sf-dump-num>13</span>
    \"<span class=sf-dump-key>judul</span>\" => \"<span class=sf-dump-str title=\"23 characters\">Program Kilau Indonesia</span>\"
    \"<span class=sf-dump-key>subjudul</span>\" => \"<span class=sf-dump-str title=\"71 characters\">Program-program yang Menghidupkan Semangat dan Memberdayakan Masyarakat</span>\"
    \"<span class=sf-dump-key>created_at</span>\" => \"<span class=sf-dump-str title=\"19 characters\">2025-02-13 04:00:27</span>\"
    \"<span class=sf-dump-key>updated_at</span>\" => \"<span class=sf-dump-str title=\"19 characters\">2025-04-23 04:15:25</span>\"
    \"<span class=sf-dump-key>status</span>\" => \"<span class=sf-dump-str>1</span>\"
  </samp>]
  #<span class=sf-dump-protected title=\"Protected property\">original</span>: <span class=sf-dump-note>array:6</span> [<samp data-depth=2 class=sf-dump-compact>
    \"<span class=sf-dump-key>id</span>\" => <span class=sf-dump-num>13</span>
    \"<span class=sf-dump-key>judul</span>\" => \"<span class=sf-dump-str title=\"23 characters\">Program Kilau Indonesia</span>\"
    \"<span class=sf-dump-key>subjudul</span>\" => \"<span class=sf-dump-str title=\"71 characters\">Program-program yang Menghidupkan Semangat dan Memberdayakan Masyarakat</span>\"
    \"<span class=sf-dump-key>created_at</span>\" => \"<span class=sf-dump-str title=\"19 characters\">2025-02-13 04:00:27</span>\"
    \"<span class=sf-dump-key>updated_at</span>\" => \"<span class=sf-dump-str title=\"19 characters\">2025-04-23 04:15:25</span>\"
    \"<span class=sf-dump-key>status</span>\" => \"<span class=sf-dump-str>1</span>\"
  </samp>]
  #<span class=sf-dump-protected title=\"Protected property\">changes</span>: []
  #<span class=sf-dump-protected title=\"Protected property\">casts</span>: []
  #<span class=sf-dump-protected title=\"Protected property\">classCastCache</span>: []
  #<span class=sf-dump-protected title=\"Protected property\">attributeCastCache</span>: []
  #<span class=sf-dump-protected title=\"Protected property\">dateFormat</span>: <span class=sf-dump-const>null</span>
  #<span class=sf-dump-protected title=\"Protected property\">appends</span>: []
  #<span class=sf-dump-protected title=\"Protected property\">dispatchesEvents</span>: []
  #<span class=sf-dump-protected title=\"Protected property\">observables</span>: []
  #<span class=sf-dump-protected title=\"Protected property\">relations</span>: []
  #<span class=sf-dump-protected title=\"Protected property\">touches</span>: []
  +<span class=sf-dump-public title=\"Public property\">timestamps</span>: <span class=sf-dump-const>true</span>
  +<span class=sf-dump-public title=\"Public property\">usesUniqueIds</span>: <span class=sf-dump-const>false</span>
  #<span class=sf-dump-protected title=\"Protected property\">hidden</span>: []
  #<span class=sf-dump-protected title=\"Protected property\">visible</span>: []
  #<span class=sf-dump-protected title=\"Protected property\">fillable</span>: <span class=sf-dump-note>array:3</span> [<samp data-depth=2 class=sf-dump-compact>
    <span class=sf-dump-index>0</span> => \"<span class=sf-dump-str title=\"5 characters\">judul</span>\"
    <span class=sf-dump-index>1</span> => \"<span class=sf-dump-str title=\"8 characters\">subjudul</span>\"
    <span class=sf-dump-index>2</span> => \"<span class=sf-dump-str title=\"6 characters\">status</span>\"
  </samp>]
  #<span class=sf-dump-protected title=\"Protected property\">guarded</span>: <span class=sf-dump-note>array:1</span> [<samp data-depth=2 class=sf-dump-compact>
    <span class=sf-dump-index>0</span> => \"<span class=sf-dump-str>*</span>\"
  </samp>]
</samp>}
</pre><script>Sfdump(\"sf-dump-1175074547\", {\"maxDepth\":3,\"maxStringLength\":160})</script>
","programs":"<pre class=sf-dump id=sf-dump-1844904513 data-indent-pad=\"  \"><span class=sf-dump-note>Illuminate\\Database\\Eloquent\\Collection</span> {<a class=sf-dump-ref>#595</a><samp data-depth=1 class=sf-dump-expanded>
  #<span class=sf-dump-protected title=\"Protected property\">items</span>: <span class=sf-dump-note>array:3</span> [<samp data-depth=2 class=sf-dump-compact>
    <span class=sf-dump-index>0</span> => <span class=sf-dump-note title=\"App\\Models\\Program
\"><span class=\"sf-dump-ellipsis sf-dump-ellipsis-note\">App\\Models</span><span class=\"sf-dump-ellipsis sf-dump-ellipsis-note\">\\</span>Program</span> {<a class=sf-dump-ref>#587</a><samp data-depth=3 class=sf-dump-compact>
      #<span class=sf-dump-protected title=\"Protected property\">connection</span>: \"<span class=sf-dump-str title=\"5 characters\">mysql</span>\"
      #<span class=sf-dump-protected title=\"Protected property\">table</span>: \"<span class=sf-dump-str title=\"8 characters\">programs</span>\"
      #<span class=sf-dump-protected title=\"Protected property\">primaryKey</span>: \"<span class=sf-dump-str title=\"2 characters\">id</span>\"
      #<span class=sf-dump-protected title=\"Protected property\">keyType</span>: \"<span class=sf-dump-str title=\"3 characters\">int</span>\"
      +<span class=sf-dump-public title=\"Public property\">incrementing</span>: <span class=sf-dump-const>true</span>
      #<span class=sf-dump-protected title=\"Protected property\">with</span>: []
      #<span class=sf-dump-protected title=\"Protected property\">withCount</span>: []
      +<span class=sf-dump-public title=\"Public property\">preventsLazyLoading</span>: <span class=sf-dump-const>false</span>
      #<span class=sf-dump-protected title=\"Protected property\">perPage</span>: <span class=sf-dump-num>15</span>
      +<span class=sf-dump-public title=\"Public property\">exists</span>: <span class=sf-dump-const>true</span>
      +<span class=sf-dump-public title=\"Public property\">wasRecentlyCreated</span>: <span class=sf-dump-const>false</span>
      #<span class=sf-dump-protected title=\"Protected property\">escapeWhenCastingToString</span>: <span class=sf-dump-const>false</span>
      #<span class=sf-dump-protected title=\"Protected property\">attributes</span>: <span class=sf-dump-note>array:10</span> [ &#8230;10]
      #<span class=sf-dump-protected title=\"Protected property\">original</span>: <span class=sf-dump-note>array:10</span> [ &#8230;10]
      #<span class=sf-dump-protected title=\"Protected property\">changes</span>: []
      #<span class=sf-dump-protected title=\"Protected property\">casts</span>: <span class=sf-dump-note>array:1</span> [ &#8230;1]
      #<span class=sf-dump-protected title=\"Protected property\">classCastCache</span>: []
      #<span class=sf-dump-protected title=\"Protected property\">attributeCastCache</span>: []
      #<span class=sf-dump-protected title=\"Protected property\">dateFormat</span>: <span class=sf-dump-const>null</span>
      #<span class=sf-dump-protected title=\"Protected property\">appends</span>: []
      #<span class=sf-dump-protected title=\"Protected property\">dispatchesEvents</span>: []
      #<span class=sf-dump-protected title=\"Protected property\">observables</span>: []
      #<span class=sf-dump-protected title=\"Protected property\">relations</span>: <span class=sf-dump-note>array:2</span> [ &#8230;2]
      #<span class=sf-dump-protected title=\"Protected property\">touches</span>: []
      +<span class=sf-dump-public title=\"Public property\">timestamps</span>: <span class=sf-dump-const>true</span>
      +<span class=sf-dump-public title=\"Public property\">usesUniqueIds</span>: <span class=sf-dump-const>false</span>
      #<span class=sf-dump-protected title=\"Protected property\">hidden</span>: []
      #<span class=sf-dump-protected title=\"Protected property\">visible</span>: []
      #<span class=sf-dump-protected title=\"Protected property\">fillable</span>: <span class=sf-dump-note>array:7</span> [ &#8230;7]
      #<span class=sf-dump-protected title=\"Protected property\">guarded</span>: <span class=sf-dump-note>array:1</span> [ &#8230;1]
    </samp>}
    <span class=sf-dump-index>1</span> => <span class=sf-dump-note title=\"App\\Models\\Program
\"><span class=\"sf-dump-ellipsis sf-dump-ellipsis-note\">App\\Models</span><span class=\"sf-dump-ellipsis sf-dump-ellipsis-note\">\\</span>Program</span> {<a class=sf-dump-ref>#588</a><samp data-depth=3 class=sf-dump-compact>
      #<span class=sf-dump-protected title=\"Protected property\">connection</span>: \"<span class=sf-dump-str title=\"5 characters\">mysql</span>\"
      #<span class=sf-dump-protected title=\"Protected property\">table</span>: \"<span class=sf-dump-str title=\"8 characters\">programs</span>\"
      #<span class=sf-dump-protected title=\"Protected property\">primaryKey</span>: \"<span class=sf-dump-str title=\"2 characters\">id</span>\"
      #<span class=sf-dump-protected title=\"Protected property\">keyType</span>: \"<span class=sf-dump-str title=\"3 characters\">int</span>\"
      +<span class=sf-dump-public title=\"Public property\">incrementing</span>: <span class=sf-dump-const>true</span>
      #<span class=sf-dump-protected title=\"Protected property\">with</span>: []
      #<span class=sf-dump-protected title=\"Protected property\">withCount</span>: []
      +<span class=sf-dump-public title=\"Public property\">preventsLazyLoading</span>: <span class=sf-dump-const>false</span>
      #<span class=sf-dump-protected title=\"Protected property\">perPage</span>: <span class=sf-dump-num>15</span>
      +<span class=sf-dump-public title=\"Public property\">exists</span>: <span class=sf-dump-const>true</span>
      +<span class=sf-dump-public title=\"Public property\">wasRecentlyCreated</span>: <span class=sf-dump-const>false</span>
      #<span class=sf-dump-protected title=\"Protected property\">escapeWhenCastingToString</span>: <span class=sf-dump-const>false</span>
      #<span class=sf-dump-protected title=\"Protected property\">attributes</span>: <span class=sf-dump-note>array:10</span> [ &#8230;10]
      #<span class=sf-dump-protected title=\"Protected property\">original</span>: <span class=sf-dump-note>array:10</span> [ &#8230;10]
      #<span class=sf-dump-protected title=\"Protected property\">changes</span>: []
      #<span class=sf-dump-protected title=\"Protected property\">casts</span>: <span class=sf-dump-note>array:1</span> [ &#8230;1]
      #<span class=sf-dump-protected title=\"Protected property\">classCastCache</span>: []
      #<span class=sf-dump-protected title=\"Protected property\">attributeCastCache</span>: []
      #<span class=sf-dump-protected title=\"Protected property\">dateFormat</span>: <span class=sf-dump-const>null</span>
      #<span class=sf-dump-protected title=\"Protected property\">appends</span>: []
      #<span class=sf-dump-protected title=\"Protected property\">dispatchesEvents</span>: []
      #<span class=sf-dump-protected title=\"Protected property\">observables</span>: []
      #<span class=sf-dump-protected title=\"Protected property\">relations</span>: <span class=sf-dump-note>array:2</span> [ &#8230;2]
      #<span class=sf-dump-protected title=\"Protected property\">touches</span>: []
      +<span class=sf-dump-public title=\"Public property\">timestamps</span>: <span class=sf-dump-const>true</span>
      +<span class=sf-dump-public title=\"Public property\">usesUniqueIds</span>: <span class=sf-dump-const>false</span>
      #<span class=sf-dump-protected title=\"Protected property\">hidden</span>: []
      #<span class=sf-dump-protected title=\"Protected property\">visible</span>: []
      #<span class=sf-dump-protected title=\"Protected property\">fillable</span>: <span class=sf-dump-note>array:7</span> [ &#8230;7]
      #<span class=sf-dump-protected title=\"Protected property\">guarded</span>: <span class=sf-dump-note>array:1</span> [ &#8230;1]
    </samp>}
    <span class=sf-dump-index>2</span> => <span class=sf-dump-note title=\"App\\Models\\Program
\"><span class=\"sf-dump-ellipsis sf-dump-ellipsis-note\">App\\Models</span><span class=\"sf-dump-ellipsis sf-dump-ellipsis-note\">\\</span>Program</span> {<a class=sf-dump-ref>#589</a><samp data-depth=3 class=sf-dump-compact>
      #<span class=sf-dump-protected title=\"Protected property\">connection</span>: \"<span class=sf-dump-str title=\"5 characters\">mysql</span>\"
      #<span class=sf-dump-protected title=\"Protected property\">table</span>: \"<span class=sf-dump-str title=\"8 characters\">programs</span>\"
      #<span class=sf-dump-protected title=\"Protected property\">primaryKey</span>: \"<span class=sf-dump-str title=\"2 characters\">id</span>\"
      #<span class=sf-dump-protected title=\"Protected property\">keyType</span>: \"<span class=sf-dump-str title=\"3 characters\">int</span>\"
      +<span class=sf-dump-public title=\"Public property\">incrementing</span>: <span class=sf-dump-const>true</span>
      #<span class=sf-dump-protected title=\"Protected property\">with</span>: []
      #<span class=sf-dump-protected title=\"Protected property\">withCount</span>: []
      +<span class=sf-dump-public title=\"Public property\">preventsLazyLoading</span>: <span class=sf-dump-const>false</span>
      #<span class=sf-dump-protected title=\"Protected property\">perPage</span>: <span class=sf-dump-num>15</span>
      +<span class=sf-dump-public title=\"Public property\">exists</span>: <span class=sf-dump-const>true</span>
      +<span class=sf-dump-public title=\"Public property\">wasRecentlyCreated</span>: <span class=sf-dump-const>false</span>
      #<span class=sf-dump-protected title=\"Protected property\">escapeWhenCastingToString</span>: <span class=sf-dump-const>false</span>
      #<span class=sf-dump-protected title=\"Protected property\">attributes</span>: <span class=sf-dump-note>array:10</span> [ &#8230;10]
      #<span class=sf-dump-protected title=\"Protected property\">original</span>: <span class=sf-dump-note>array:10</span> [ &#8230;10]
      #<span class=sf-dump-protected title=\"Protected property\">changes</span>: []
      #<span class=sf-dump-protected title=\"Protected property\">casts</span>: <span class=sf-dump-note>array:1</span> [ &#8230;1]
      #<span class=sf-dump-protected title=\"Protected property\">classCastCache</span>: []
      #<span class=sf-dump-protected title=\"Protected property\">attributeCastCache</span>: []
      #<span class=sf-dump-protected title=\"Protected property\">dateFormat</span>: <span class=sf-dump-const>null</span>
      #<span class=sf-dump-protected title=\"Protected property\">appends</span>: []
      #<span class=sf-dump-protected title=\"Protected property\">dispatchesEvents</span>: []
      #<span class=sf-dump-protected title=\"Protected property\">observables</span>: []
      #<span class=sf-dump-protected title=\"Protected property\">relations</span>: <span class=sf-dump-note>array:2</span> [ &#8230;2]
      #<span class=sf-dump-protected title=\"Protected property\">touches</span>: []
      +<span class=sf-dump-public title=\"Public property\">timestamps</span>: <span class=sf-dump-const>true</span>
      +<span class=sf-dump-public title=\"Public property\">usesUniqueIds</span>: <span class=sf-dump-const>false</span>
      #<span class=sf-dump-protected title=\"Protected property\">hidden</span>: []
      #<span class=sf-dump-protected title=\"Protected property\">visible</span>: []
      #<span class=sf-dump-protected title=\"Protected property\">fillable</span>: <span class=sf-dump-note>array:7</span> [ &#8230;7]
      #<span class=sf-dump-protected title=\"Protected property\">guarded</span>: <span class=sf-dump-note>array:1</span> [ &#8230;1]
    </samp>}
  </samp>]
  #<span class=sf-dump-protected title=\"Protected property\">escapeWhenCastingToString</span>: <span class=sf-dump-const>false</span>
</samp>}
</pre><script>Sfdump(\"sf-dump-1844904513\", {\"maxDepth\":3,\"maxStringLength\":160})</script>
","beritaMenu":"<pre class=sf-dump id=sf-dump-1679561198 data-indent-pad=\"  \"><span class=sf-dump-note>App\\Models\\SettingsMenu</span> {<a class=sf-dump-ref>#667</a><samp data-depth=1 class=sf-dump-expanded>
  #<span class=sf-dump-protected title=\"Protected property\">connection</span>: \"<span class=sf-dump-str title=\"5 characters\">mysql</span>\"
  #<span class=sf-dump-protected title=\"Protected property\">table</span>: \"<span class=sf-dump-str title=\"13 characters\">settings_menu</span>\"
  #<span class=sf-dump-protected title=\"Protected property\">primaryKey</span>: \"<span class=sf-dump-str title=\"2 characters\">id</span>\"
  #<span class=sf-dump-protected title=\"Protected property\">keyType</span>: \"<span class=sf-dump-str title=\"3 characters\">int</span>\"
  +<span class=sf-dump-public title=\"Public property\">incrementing</span>: <span class=sf-dump-const>true</span>
  #<span class=sf-dump-protected title=\"Protected property\">with</span>: []
  #<span class=sf-dump-protected title=\"Protected property\">withCount</span>: []
  +<span class=sf-dump-public title=\"Public property\">preventsLazyLoading</span>: <span class=sf-dump-const>false</span>
  #<span class=sf-dump-protected title=\"Protected property\">perPage</span>: <span class=sf-dump-num>15</span>
  +<span class=sf-dump-public title=\"Public property\">exists</span>: <span class=sf-dump-const>true</span>
  +<span class=sf-dump-public title=\"Public property\">wasRecentlyCreated</span>: <span class=sf-dump-const>false</span>
  #<span class=sf-dump-protected title=\"Protected property\">escapeWhenCastingToString</span>: <span class=sf-dump-const>false</span>
  #<span class=sf-dump-protected title=\"Protected property\">attributes</span>: <span class=sf-dump-note>array:6</span> [<samp data-depth=2 class=sf-dump-compact>
    \"<span class=sf-dump-key>id</span>\" => <span class=sf-dump-num>7</span>
    \"<span class=sf-dump-key>judul</span>\" => \"<span class=sf-dump-str title=\"22 characters\">Berita Kilau Indonesia</span>\"
    \"<span class=sf-dump-key>subjudul</span>\" => \"<span class=sf-dump-str title=\"95 characters\">Informasi terbaru mengenai program kami dan kegiatan sosial yang kami lakukan untuk masyarakat.</span>\"
    \"<span class=sf-dump-key>created_at</span>\" => \"<span class=sf-dump-str title=\"19 characters\">2025-01-31 09:10:07</span>\"
    \"<span class=sf-dump-key>updated_at</span>\" => \"<span class=sf-dump-str title=\"19 characters\">2025-03-03 07:06:16</span>\"
    \"<span class=sf-dump-key>status</span>\" => \"<span class=sf-dump-str>1</span>\"
  </samp>]
  #<span class=sf-dump-protected title=\"Protected property\">original</span>: <span class=sf-dump-note>array:6</span> [<samp data-depth=2 class=sf-dump-compact>
    \"<span class=sf-dump-key>id</span>\" => <span class=sf-dump-num>7</span>
    \"<span class=sf-dump-key>judul</span>\" => \"<span class=sf-dump-str title=\"22 characters\">Berita Kilau Indonesia</span>\"
    \"<span class=sf-dump-key>subjudul</span>\" => \"<span class=sf-dump-str title=\"95 characters\">Informasi terbaru mengenai program kami dan kegiatan sosial yang kami lakukan untuk masyarakat.</span>\"
    \"<span class=sf-dump-key>created_at</span>\" => \"<span class=sf-dump-str title=\"19 characters\">2025-01-31 09:10:07</span>\"
    \"<span class=sf-dump-key>updated_at</span>\" => \"<span class=sf-dump-str title=\"19 characters\">2025-03-03 07:06:16</span>\"
    \"<span class=sf-dump-key>status</span>\" => \"<span class=sf-dump-str>1</span>\"
  </samp>]
  #<span class=sf-dump-protected title=\"Protected property\">changes</span>: []
  #<span class=sf-dump-protected title=\"Protected property\">casts</span>: []
  #<span class=sf-dump-protected title=\"Protected property\">classCastCache</span>: []
  #<span class=sf-dump-protected title=\"Protected property\">attributeCastCache</span>: []
  #<span class=sf-dump-protected title=\"Protected property\">dateFormat</span>: <span class=sf-dump-const>null</span>
  #<span class=sf-dump-protected title=\"Protected property\">appends</span>: []
  #<span class=sf-dump-protected title=\"Protected property\">dispatchesEvents</span>: []
  #<span class=sf-dump-protected title=\"Protected property\">observables</span>: []
  #<span class=sf-dump-protected title=\"Protected property\">relations</span>: []
  #<span class=sf-dump-protected title=\"Protected property\">touches</span>: []
  +<span class=sf-dump-public title=\"Public property\">timestamps</span>: <span class=sf-dump-const>true</span>
  +<span class=sf-dump-public title=\"Public property\">usesUniqueIds</span>: <span class=sf-dump-const>false</span>
  #<span class=sf-dump-protected title=\"Protected property\">hidden</span>: []
  #<span class=sf-dump-protected title=\"Protected property\">visible</span>: []
  #<span class=sf-dump-protected title=\"Protected property\">fillable</span>: <span class=sf-dump-note>array:3</span> [<samp data-depth=2 class=sf-dump-compact>
    <span class=sf-dump-index>0</span> => \"<span class=sf-dump-str title=\"5 characters\">judul</span>\"
    <span class=sf-dump-index>1</span> => \"<span class=sf-dump-str title=\"8 characters\">subjudul</span>\"
    <span class=sf-dump-index>2</span> => \"<span class=sf-dump-str title=\"6 characters\">status</span>\"
  </samp>]
  #<span class=sf-dump-protected title=\"Protected property\">guarded</span>: <span class=sf-dump-note>array:1</span> [<samp data-depth=2 class=sf-dump-compact>
    <span class=sf-dump-index>0</span> => \"<span class=sf-dump-str>*</span>\"
  </samp>]
</samp>}
</pre><script>Sfdump(\"sf-dump-1679561198\", {\"maxDepth\":3,\"maxStringLength\":160})</script>
","beritas":"<pre class=sf-dump id=sf-dump-127302153 data-indent-pad=\"  \"><span class=sf-dump-note>array:10</span> [<samp data-depth=1 class=sf-dump-expanded>
  <span class=sf-dump-index>0</span> => <span class=sf-dump-note>array:13</span> [<samp data-depth=2 class=sf-dump-compact>
    \"<span class=sf-dump-key>id</span>\" => <span class=sf-dump-num>799</span>
    \"<span class=sf-dump-key>judul</span>\" => \"<span class=sf-dump-str title=\"69 characters\">Bareng Mahasiswa Kesehatan, Kilau Layani CKG untuk 65 Warga Indramayu</span>\"
    \"<span class=sf-dump-key>author</span>\" => \"<span class=sf-dump-str title=\"15 characters\">Kilau Indonesia</span>\"
    \"<span class=sf-dump-key>konten</span>\" => \"<span class=sf-dump-str title=\"2620 characters\">&lt;h2&gt;&lt;strong&gt;Aksi Berbagi Sehat di Desa Legok Hadirkan Mahasiswa STIKes Indramayu dan Puskesmas Lohbener&lt;/strong&gt;&lt;/h2&gt;&lt;p class=&quot;ql-align-justify&quot;&gt;&lt;strong&gt;Mahasiswa STIKes Indramayu&lt;/strong&gt; ikut ambil bagian dalam kegiatan Aksi Berbagi Sehat yang digelar Kilau Indonesia bareng &lt;strong&gt;Puskesmas Lohbener&lt;/strong&gt; di Desa Legok, Kecamatan Lohbener, Indramayu, &lt;strong&gt;Sabtu, 09 Mei 2026&lt;/strong&gt;. Lewat kolaborasi ini, &lt;strong&gt;sebanyak 65 warga mendapatkan manfaat&lt;/strong&gt; berupa penyuluhan kesehatan dan pemeriksaan kesehatan gratis.&lt;/p&gt;&lt;p class=&quot;ql-align-justify&quot;&gt;&lt;br&gt;&lt;/p&gt;&lt;p class=&quot;ql-align-justify&quot;&gt;&lt;img style=&quot;max-width:100%; height:auto;&quot; src=&quot;/storage/uploads/1778651711.jpeg&quot;&gt;&lt;/p&gt;&lt;p class=&quot;ql-align-justify&quot;&gt;&lt;br&gt;&lt;/p&gt;&lt;h2 class=&quot;ql-align-justify&quot;&gt;&lt;strong&gt;Penyuluhan Edukasi Hidup Sehat di Ikuti Lebih dari 65 Warga&lt;/strong&gt;&lt;/h2&gt;&lt;p class=&quot;ql-align-justify&quot;&gt;Dalam kegiatan Aksi Berbagi Sehat ini, warga tidak hanya datang untuk memeriksakan kondisi kesehatannya, tapi juga mendapatkan &lt;a href=&quot;https://www.tiktok.com/@kilauonline&quot; target=&quot;_blank&quot;&gt;edukasi&lt;/a&gt; seputar pentingnya menjaga pola hidup sehat. Penyuluhan kesehatan diberikan agar masyarakat makin paham tentang cara menjaga tubuh tetap sehat, mengenali gejala penyakit lebih awal, dan tidak menyepelekan kondisi kesehatan sehari hari.&lt;/p&gt;&lt;p class=&quot;ql-align-justify&quot;&gt;&lt;br&gt;&lt;/p&gt;&lt;h2 class=&quot;ql-align-justify&quot;&gt;&lt;strong&gt;Kilau Ajak Mahasiswa Aktif dalam Program Pengabdian Masyarakat &lt;/strong&gt;&lt;a href=&quot;https://www.instagram.com/reel/DVxgb-tD8VQ/&quot; target=&quot;_blank&quot;&gt;&lt;strong&gt;Desa&lt;/strong&gt;&lt;/a&gt;&lt;/h2&gt;&lt;p class=&quot;ql-align-justify&quot;&gt;&lt;a href=&quot;https://www.instagram.com/reel/DYBXXsATm4F/&quot; target=&quot;_blank&quot;&gt;Mahasiswa&lt;/a&gt; STIKes bisa belajar langsung dari praktik lapangan, sementara warga mendapatkan layanan yang bermanfaat secara nyata. Kegiatan ini juga menunjukkan kalau mahasiswa punya peran penting di tengah masyarakat. Mereka bukan hanya calon tenaga kesehatan di masa depan, tapi juga bisa mulai memberi manfaat dari sekarang yang melahirkan rasa peduli, empati, dan tanggung jawab sosial mahasiswa ikut terasah.&lt;/p&gt;&lt;p class=&quot;ql-align-justify&quot;&gt;&lt;br&gt;&lt;/p&gt;&lt;p class=&quot;ql-align-justify&quot;&gt;&lt;img style=&quot;max-width:100%; height:auto;&quot; src=&quot;/storage/uploads/1778651729.jpg&quot;&gt;&lt;/p&gt;&lt;p class=&quot;ql-align-justify&quot;&gt;&lt;br&gt;&lt;/p&gt;&lt;p class=&quot;ql-align-justify&quot;&gt;Aksi Berbagi Sehat di Desa Legok jadi salah satu momen di mana kampus, lembaga kemanusiaan, dan fasilitas kesehatan bisa jalan bareng untuk tujuan yang sama, yaitu menghadirkan manfaat langsung untuk masyarakat. Dari kegiatan ini, Mahasiswa STIKes Indramayu tidak hanya membawa ilmu, tapi juga semangat untuk hadir dan bermanfaat bagi sesama.&lt;/p&gt;</span>\"
    \"<span class=sf-dump-key>tanggal</span>\" => \"<span class=sf-dump-str title=\"19 characters\">2026-05-11 05:56:27</span>\"
    \"<span class=sf-dump-key>foto</span>\" => \"<span class=sf-dump-str title=\"25 characters\">/storage/berita/799/3.jpg</span>\"
    \"<span class=sf-dump-key>foto2</span>\" => \"<span class=sf-dump-str title=\"25 characters\">/storage/berita/799/1.jpg</span>\"
    \"<span class=sf-dump-key>foto3</span>\" => \"<span class=sf-dump-str title=\"25 characters\">/storage/berita/799/2.jpg</span>\"
    \"<span class=sf-dump-key>views_berita</span>\" => <span class=sf-dump-num>18</span>
    \"<span class=sf-dump-key>likes_berita</span>\" => <span class=sf-dump-num>0</span>
    \"<span class=sf-dump-key>status_berita</span>\" => \"<span class=sf-dump-str title=\"5 characters\">Aktif</span>\"
    \"<span class=sf-dump-key>kategori</span>\" => <span class=sf-dump-note>array:2</span> [<samp data-depth=3 class=sf-dump-compact>
      \"<span class=sf-dump-key>id</span>\" => <span class=sf-dump-num>12</span>
      \"<span class=sf-dump-key>name_kategori</span>\" => \"<span class=sf-dump-str title=\"9 characters\">Kesehatan</span>\"
    </samp>]
    \"<span class=sf-dump-key>tags</span>\" => <span class=sf-dump-note>array:4</span> [<samp data-depth=3 class=sf-dump-compact>
      <span class=sf-dump-index>0</span> => <span class=sf-dump-note>array:3</span> [ &#8230;3]
      <span class=sf-dump-index>1</span> => <span class=sf-dump-note>array:3</span> [ &#8230;3]
      <span class=sf-dump-index>2</span> => <span class=sf-dump-note>array:3</span> [ &#8230;3]
      <span class=sf-dump-index>3</span> => <span class=sf-dump-note>array:3</span> [ &#8230;3]
    </samp>]
  </samp>]
  <span class=sf-dump-index>1</span> => <span class=sf-dump-note>array:13</span> [<samp data-depth=2 class=sf-dump-compact>
    \"<span class=sf-dump-key>id</span>\" => <span class=sf-dump-num>798</span>
    \"<span class=sf-dump-key>judul</span>\" => \"<span class=sf-dump-str title=\"61 characters\">8 Tahun Komitmen Itu Selalu Hadir: Kilau Bantu Cerebral Palsy</span>\"
    \"<span class=sf-dump-key>author</span>\" => \"<span class=sf-dump-str title=\"15 characters\">Kilau Indonesia</span>\"
    \"<span class=sf-dump-key>konten</span>\" => \"<span class=sf-dump-str title=\"1925 characters\">&lt;p class=&quot;ql-align-justify&quot;&gt;Saya masih ingat bagaimana dulu saya sering bingung harus berbuat apa. Anak saya &lt;strong&gt;sejak kecil harus hidup dengan &lt;/strong&gt;&lt;a href=&quot;https://vt.tiktok.com/ZS9G5XHWd/&quot; target=&quot;_blank&quot;&gt;&lt;strong&gt;cerebral palsy&lt;/strong&gt;&lt;/a&gt;&lt;strong&gt;, &lt;/strong&gt;&lt;a href=&quot;https://vt.tiktok.com/ZS9G5MBxx/&quot; target=&quot;_blank&quot;&gt;&lt;strong&gt;epilepsi&lt;/strong&gt;&lt;/a&gt;&lt;strong&gt;,&lt;/strong&gt; dan kondisi tubuh yang lemah karena kekurangan gizi. Sementara saya hanya seorang ibu rumah tangga biasa. Suami saya bekerja serabutan, kadang membantu usaha ternak ayam, kadang mencari pekerjaan apa saja yang bisa menghasilkan uang untuk makan dan kebutuhan Ainiya.&lt;/p&gt;&lt;p class=&quot;ql-align-justify&quot;&gt;&lt;br&gt;&lt;/p&gt;&lt;p class=&quot;ql-align-justify&quot;&gt;&lt;img src=&quot;/storage/uploads/1778216245.jpg&quot;&gt;&lt;/p&gt;&lt;p class=&quot;ql-align-justify&quot;&gt;&lt;br&gt;&lt;/p&gt;&lt;h2 class=&quot;ql-align-justify&quot;&gt;Ternyata Kami Tidak Sendiri, 8 Tahun Kilau Tetap dengan Komitmennya&lt;/h2&gt;&lt;p class=&quot;ql-align-justify&quot;&gt;Kilau Indonesia dengan rutin bahkan selama 8 tahun selalu hadir memberikan bantuan tunai untuk Ainiya. Bantuan itu mungkin terlihat sederhana bagi sebagian orang, tapi bagi keluarga kami, itu sangat berarti. Setidaknya kami bisa sedikit bernapas lebih lega untuk kebutuhan harian Ainiya.&lt;/p&gt;&lt;p class=&quot;ql-align-justify&quot;&gt;&lt;br&gt;&lt;/p&gt;&lt;p class=&quot;ql-align-justify&quot;&gt;Perwakilan dari Kilau, Doni Zohar, juga menyampaikan rasa terima kasih kepada seluruh &lt;a href=&quot;https://vt.tiktok.com/ZS9G5Qxyx/&quot; target=&quot;_blank&quot;&gt;donatur&lt;/a&gt; yang telah membantu perjuangan Ainiya sampai hari ini. Dan sebagai seorang ibu, saya juga ingin mengatakan hal yang sama.&lt;/p&gt;&lt;p class=&quot;ql-align-justify&quot;&gt;&lt;br&gt;&lt;/p&gt;&lt;p class=&quot;ql-align-justify&quot;&gt;&lt;img src=&quot;/storage/uploads/1778216260.jpg&quot;&gt;&lt;/p&gt;&lt;p class=&quot;ql-align-justify&quot;&gt;&lt;br&gt;&lt;/p&gt;&lt;p class=&quot;ql-align-justify&quot;&gt;&lt;em&gt;Terima kasih karena membuat kami percaya bahwa di dunia ini masih banyak orang baik. Dan terima kasih karena sudah menjadi alasan Ainiya tetap kuat menjalani hari-harinya.&amp;nbsp;&lt;/em&gt;&lt;/p&gt;</span>\"
    \"<span class=sf-dump-key>tanggal</span>\" => \"<span class=sf-dump-str title=\"19 characters\">2026-05-07 04:57:49</span>\"
    \"<span class=sf-dump-key>foto</span>\" => \"<span class=sf-dump-str title=\"25 characters\">/storage/berita/798/1.jpg</span>\"
    \"<span class=sf-dump-key>foto2</span>\" => \"<span class=sf-dump-str title=\"25 characters\">/storage/berita/798/2.jpg</span>\"
    \"<span class=sf-dump-key>foto3</span>\" => <span class=sf-dump-const>null</span>
    \"<span class=sf-dump-key>views_berita</span>\" => <span class=sf-dump-num>498</span>
    \"<span class=sf-dump-key>likes_berita</span>\" => <span class=sf-dump-num>5</span>
    \"<span class=sf-dump-key>status_berita</span>\" => \"<span class=sf-dump-str title=\"5 characters\">Aktif</span>\"
    \"<span class=sf-dump-key>kategori</span>\" => <span class=sf-dump-note>array:2</span> [<samp data-depth=3 class=sf-dump-compact>
      \"<span class=sf-dump-key>id</span>\" => <span class=sf-dump-num>12</span>
      \"<span class=sf-dump-key>name_kategori</span>\" => \"<span class=sf-dump-str title=\"9 characters\">Kesehatan</span>\"
    </samp>]
    \"<span class=sf-dump-key>tags</span>\" => <span class=sf-dump-note>array:3</span> [<samp data-depth=3 class=sf-dump-compact>
      <span class=sf-dump-index>0</span> => <span class=sf-dump-note>array:3</span> [ &#8230;3]
      <span class=sf-dump-index>1</span> => <span class=sf-dump-note>array:3</span> [ &#8230;3]
      <span class=sf-dump-index>2</span> => <span class=sf-dump-note>array:3</span> [ &#8230;3]
    </samp>]
  </samp>]
  <span class=sf-dump-index>2</span> => <span class=sf-dump-note>array:13</span> [<samp data-depth=2 class=sf-dump-compact>
    \"<span class=sf-dump-key>id</span>\" => <span class=sf-dump-num>797</span>
    \"<span class=sf-dump-key>judul</span>\" => \"<span class=sf-dump-str title=\"77 characters\">Pemeriksaan TBC Jadi Sorotan dalam Aksi Berbagi Sehat di Kantor DPRD Sumedang</span>\"
    \"<span class=sf-dump-key>author</span>\" => \"<span class=sf-dump-str title=\"15 characters\">Kilau Indonesia</span>\"
    \"<span class=sf-dump-key>konten</span>\" => \"<span class=sf-dump-str title=\"2838 characters\">&lt;h2 class=&quot;ql-align-justify&quot;&gt;DPRD Kabupaten Sumedang Menjadi Titik Layanan Kesehatan, Mengapa Pemeriksaan TBC Justru Perlu Jadi Sorotan?&lt;/h2&gt;&lt;p class=&quot;ql-align-justify&quot;&gt;&lt;br&gt;&lt;/p&gt;&lt;p class=&quot;ql-align-justify&quot;&gt;&lt;img style=&quot;max-width:100%; height:auto;&quot; src=&quot;/storage/uploads/1778141498.jpg&quot;&gt;&lt;/p&gt;&lt;p class=&quot;ql-align-justify&quot;&gt;&lt;br&gt;&lt;/p&gt;&lt;p class=&quot;ql-align-justify&quot;&gt;&lt;strong&gt;Sumedang, 6 Mei 2026&lt;/strong&gt; &#8212; Apa maknanya ketika &lt;strong&gt;Kantor DPRD Kabupaten Sumedang&lt;/strong&gt; menjadi lokasi berlangsungnya pelayanan kesehatan bagi masyarakat? Lebih dari sekadar tempat kegiatan, momentum ini menegaskan bahwa isu kesehatan publik, termasuk &lt;strong&gt;pemeriksaan &lt;/strong&gt;&lt;a href=&quot;https://www.tiktok.com/@kilauonline/video/7491129251098381586?is_from_webapp=1&amp;amp;sender_device=pc&amp;amp;web_id=7383903573882947088&quot; target=&quot;_blank&quot;&gt;&lt;strong&gt;TBC&lt;/strong&gt;&lt;/a&gt;, perlu mendapat perhatian bersama.&lt;/p&gt;&lt;p class=&quot;ql-align-justify&quot;&gt;&lt;br&gt;&lt;/p&gt;&lt;p class=&quot;ql-align-justify&quot;&gt;Melalui kegiatan &lt;strong&gt;Aksi Berbagi Sehat&lt;/strong&gt;, Kilau bersama &lt;strong&gt;Dinas Kesehatan Kabupaten Sumedang&lt;/strong&gt; dan tim dari &lt;strong&gt;UPTD Puskesmas Sumedang Selatan&lt;/strong&gt; menghadirkan layanan kesehatan terpadu di Kantor DPRD Kabupaten Sumedang, Rabu, 6 Mei 2026. Sebanyak &lt;strong&gt;68 orang&lt;/strong&gt; pegawai menerima manfaat dari kegiatan ini.&lt;/p&gt;&lt;p class=&quot;ql-align-justify&quot;&gt;&lt;br&gt;&lt;/p&gt;&lt;h2 class=&quot;ql-align-justify&quot;&gt;Pemeriksaan TBC Menjadi Fokus Penting&lt;/h2&gt;&lt;p class=&quot;ql-align-justify&quot;&gt;Di antara berbagai layanan yang diberikan, pemeriksaan TBC menjadi salah satu yang paling penting. Hal ini karena TBC masih menjadi persoalan kesehatan yang membutuhkan kewaspadaan serius. Penyakit ini kerap tidak disadari sejak awal karena gejalanya sering dianggap batuk biasa, padahal bila terlambat dikenali dapat berdampak lebih luas.&lt;/p&gt;&lt;p class=&quot;ql-align-justify&quot;&gt;&lt;br&gt;&lt;/p&gt;&lt;p class=&quot;ql-align-justify&quot;&gt;&lt;img style=&quot;max-width:100%; height:auto;&quot; src=&quot;/storage/uploads/1778141531.jpg&quot;&gt;&lt;/p&gt;&lt;p class=&quot;ql-align-justify&quot;&gt;&lt;br&gt;&lt;/p&gt;&lt;p class=&quot;ql-align-justify&quot;&gt;Karena itu, kehadiran pemeriksaan TBC dalam kegiatan lapangan seperti ini menjadi langkah strategis. Masyarakat tidak hanya diberi akses layanan yang lebih dekat, tetapi juga didorong untuk lebih peka terhadap gejala yang selama ini mungkin diabaikan.&lt;/p&gt;&lt;p class=&quot;ql-align-justify&quot;&gt;&lt;br&gt;&lt;/p&gt;&lt;h2 class=&quot;ql-align-justify&quot;&gt;Pelayanan Kesehatan Lain Dikemas dalam CKG&lt;/h2&gt;&lt;p class=&quot;ql-align-justify&quot;&gt;Selain pemeriksaan TBC, kegiatan ini juga menghadirkan berbagai pelayanan kesehatan lain yang dikemas ke dalam &lt;a href=&quot; https://vt.tiktok.com/ZS9pS8BTh/&quot; target=&quot;_blank&quot;&gt;&lt;strong&gt;CKG&lt;/strong&gt;&lt;/a&gt;&lt;strong&gt; atau Cek Kesehatan Gratis&lt;/strong&gt;. Layanan tersebut meliputi &lt;strong&gt;penyuluhan kesehatan, pemeriksaan mata, pemeriksaan gigi dan mulut, pemeriksaan fisik, cek gula darah, asam urat dan kolesterol, konsultasi kesehatan, serta pemberian obat&lt;/strong&gt;.&lt;/p&gt;</span>\"
    \"<span class=sf-dump-key>tanggal</span>\" => \"<span class=sf-dump-str title=\"19 characters\">2026-05-06 08:14:10</span>\"
    \"<span class=sf-dump-key>foto</span>\" => \"<span class=sf-dump-str title=\"25 characters\">/storage/berita/797/1.jpg</span>\"
    \"<span class=sf-dump-key>foto2</span>\" => \"<span class=sf-dump-str title=\"25 characters\">/storage/berita/797/2.jpg</span>\"
    \"<span class=sf-dump-key>foto3</span>\" => \"<span class=sf-dump-str title=\"25 characters\">/storage/berita/797/3.jpg</span>\"
    \"<span class=sf-dump-key>views_berita</span>\" => <span class=sf-dump-num>531</span>
    \"<span class=sf-dump-key>likes_berita</span>\" => <span class=sf-dump-num>5</span>
    \"<span class=sf-dump-key>status_berita</span>\" => \"<span class=sf-dump-str title=\"5 characters\">Aktif</span>\"
    \"<span class=sf-dump-key>kategori</span>\" => <span class=sf-dump-note>array:2</span> [<samp data-depth=3 class=sf-dump-compact>
      \"<span class=sf-dump-key>id</span>\" => <span class=sf-dump-num>12</span>
      \"<span class=sf-dump-key>name_kategori</span>\" => \"<span class=sf-dump-str title=\"9 characters\">Kesehatan</span>\"
    </samp>]
    \"<span class=sf-dump-key>tags</span>\" => <span class=sf-dump-note>array:3</span> [<samp data-depth=3 class=sf-dump-compact>
      <span class=sf-dump-index>0</span> => <span class=sf-dump-note>array:3</span> [ &#8230;3]
      <span class=sf-dump-index>1</span> => <span class=sf-dump-note>array:3</span> [ &#8230;3]
      <span class=sf-dump-index>2</span> => <span class=sf-dump-note>array:3</span> [ &#8230;3]
    </samp>]
  </samp>]
  <span class=sf-dump-index>3</span> => <span class=sf-dump-note>array:13</span> [<samp data-depth=2 class=sf-dump-compact>
    \"<span class=sf-dump-key>id</span>\" => <span class=sf-dump-num>796</span>
    \"<span class=sf-dump-key>judul</span>\" => \"<span class=sf-dump-str title=\"56 characters\">CKG di Hari Jadi Kota Sumedang ke 448, Gratis untuk Umum</span>\"
    \"<span class=sf-dump-key>author</span>\" => \"<span class=sf-dump-str title=\"15 characters\">Kilau Indonesia</span>\"
    \"<span class=sf-dump-key>konten</span>\" => \"<span class=sf-dump-str title=\"2956 characters\">&lt;h2&gt;Dalam semangat memperingati &lt;strong&gt;Hari Jadi Kota Sumedang ke-448 tahun 2026&lt;/strong&gt;, Kilau melalui program &lt;strong&gt;Aksi &lt;/strong&gt;&lt;a href=&quot;https://www.tiktok.com/@kilauonline&quot; target=&quot;_blank&quot;&gt;&lt;strong&gt;Berbagi&lt;/strong&gt;&lt;/a&gt;&lt;strong&gt; Sehat&lt;/strong&gt; menggelar pelayanan kesehatan gratis bagi masyarakat di Kabupaten Sumedang. (29/4)&lt;/h2&gt;&lt;p class=&quot;ql-align-justify&quot;&gt;&lt;br&gt;&lt;/p&gt;&lt;p class=&quot;ql-align-justify&quot;&gt;&lt;img style=&quot;max-width:100%; height:auto;&quot; src=&quot;/storage/uploads/1777968838.jpg&quot;&gt;&lt;/p&gt;&lt;p class=&quot;ql-align-justify&quot;&gt;&lt;br&gt;&lt;/p&gt;&lt;p class=&quot;ql-align-justify&quot;&gt;Kegiatan ini sejalan dengan semangat Hari Jadi Sumedang tahun 2026 yang mengusung tema &lt;strong&gt;&#8220;Simpatina Kadeuleu, Karampa, Karasa&#8221;&lt;/strong&gt;, yakni menghadirkan manfaat yang dapat terlihat, diterima, dan dirasakan langsung oleh masyarakat.&lt;/p&gt;&lt;p class=&quot;ql-align-justify&quot;&gt;&lt;br&gt;&lt;/p&gt;&lt;p class=&quot;ql-align-justify&quot;&gt;Aksi Berbagi Sehat dilaksanakan di tiga lokasi, yaitu &lt;strong&gt;Aula Desa Baginda pada Selasa, 21 April 2026&lt;/strong&gt;, &lt;strong&gt;Aula Desa Cipancar pada Senin, 27 April 2026&lt;/strong&gt;, dan &lt;strong&gt;Aula Desa Gunasari pada Rabu, 29 April 2026&lt;/strong&gt;. Dari seluruh rangkaian kegiatan tersebut, sebanyak &lt;strong&gt;280 orang&lt;/strong&gt; dari kalangan lansia dan masyarakat umum menerima manfaat.&lt;/p&gt;&lt;p class=&quot;ql-align-justify&quot;&gt;&lt;br&gt;&lt;/p&gt;&lt;h2&gt;Program ini diselenggarakan dengan dukungan &lt;strong&gt;Dinas Kesehatan Kabupaten Sumedang, Puskesmas Sukagalih, Labkesda, dr. Endah Risky Gustiyanti&lt;/strong&gt;, serta &lt;strong&gt;Fakultas Ilmu Kesehatan UNSAP&lt;/strong&gt;.&lt;/h2&gt;&lt;p&gt;&lt;br&gt;&lt;/p&gt;&lt;p&gt;&lt;img style=&quot;max-width:100%; height:auto;&quot; src=&quot;/storage/uploads/1777968857.jpg&quot;&gt;&lt;/p&gt;&lt;p class=&quot;ql-align-justify&quot;&gt;&lt;br&gt;&lt;/p&gt;&lt;p class=&quot;ql-align-justify&quot;&gt;Layanan yang diberikan meliputi &lt;strong&gt;penyuluhan kesehatan, pemeriksaan mata, pemeriksaan gigi dan mulut, pemeriksaan TBC, pemeriksaan fisik, cek gula darah, asam urat, kolesterol, konsultasi kesehatan, serta pemberian obat&lt;/strong&gt;. Secara rinci, kegiatan di Desa Baginda melayani &lt;strong&gt;92 orang&lt;/strong&gt;, Desa Cipancar &lt;strong&gt;105 orang&lt;/strong&gt;, dan Desa Gunasari &lt;strong&gt;83 orang&lt;/strong&gt;.&lt;/p&gt;&lt;p class=&quot;ql-align-justify&quot;&gt;&lt;br&gt;&lt;/p&gt;&lt;p class=&quot;ql-align-justify&quot;&gt;Melalui kegiatan ini, Kilau ingin menjadikan momentum Hari Jadi Sumedang ke-448 sebagai ruang kolaborasi untuk memperluas akses layanan kesehatan dasar bagi masyarakat. Kegiatan ini juga menjadi ajakan agar warga semakin sadar pentingnya menjaga kesehatan dan melakukan pemeriksaan secara berkala.&lt;/p&gt;&lt;p class=&quot;ql-align-justify&quot;&gt;&lt;br&gt;&lt;/p&gt;&lt;p class=&quot;ql-align-justify&quot;&gt;&lt;img style=&quot;max-width:100%; height:auto;&quot; src=&quot;/storage/uploads/1777968875.jpg&quot;&gt;&lt;/p&gt;&lt;p class=&quot;ql-align-justify&quot;&gt;&lt;br&gt;&lt;/p&gt;&lt;p class=&quot;ql-align-justify&quot;&gt;Kilau menyampaikan apresiasi kepada seluruh pihak yang telah berkolaborasi. Ke depan, Kilau berkomitmen untuk terus menghadirkan program kemanusiaan yang berdampak langsung bagi masyarakat, khususnya di bidang kesehatan, &lt;a href=&quot;https://www.instagram.com/kilauonline/&quot; target=&quot;_blank&quot;&gt;sosial&lt;/a&gt;, dan pemberdayaan.&lt;/p&gt;</span>\"
    \"<span class=sf-dump-key>tanggal</span>\" => \"<span class=sf-dump-str title=\"19 characters\">2026-04-28 08:00:53</span>\"
    \"<span class=sf-dump-key>foto</span>\" => \"<span class=sf-dump-str title=\"25 characters\">/storage/berita/796/3.jpg</span>\"
    \"<span class=sf-dump-key>foto2</span>\" => \"<span class=sf-dump-str title=\"25 characters\">/storage/berita/796/2.jpg</span>\"
    \"<span class=sf-dump-key>foto3</span>\" => \"<span class=sf-dump-str title=\"25 characters\">/storage/berita/796/1.jpg</span>\"
    \"<span class=sf-dump-key>views_berita</span>\" => <span class=sf-dump-num>350</span>
    \"<span class=sf-dump-key>likes_berita</span>\" => <span class=sf-dump-num>4</span>
    \"<span class=sf-dump-key>status_berita</span>\" => \"<span class=sf-dump-str title=\"5 characters\">Aktif</span>\"
    \"<span class=sf-dump-key>kategori</span>\" => <span class=sf-dump-note>array:2</span> [<samp data-depth=3 class=sf-dump-compact>
      \"<span class=sf-dump-key>id</span>\" => <span class=sf-dump-num>10</span>
      \"<span class=sf-dump-key>name_kategori</span>\" => \"<span class=sf-dump-str title=\"6 characters\">Sosial</span>\"
    </samp>]
    \"<span class=sf-dump-key>tags</span>\" => <span class=sf-dump-note>array:3</span> [<samp data-depth=3 class=sf-dump-compact>
      <span class=sf-dump-index>0</span> => <span class=sf-dump-note>array:3</span> [ &#8230;3]
      <span class=sf-dump-index>1</span> => <span class=sf-dump-note>array:3</span> [ &#8230;3]
      <span class=sf-dump-index>2</span> => <span class=sf-dump-note>array:3</span> [ &#8230;3]
    </samp>]
  </samp>]
  <span class=sf-dump-index>4</span> => <span class=sf-dump-note>array:13</span> [<samp data-depth=2 class=sf-dump-compact>
    \"<span class=sf-dump-key>id</span>\" => <span class=sf-dump-num>795</span>
    \"<span class=sf-dump-key>judul</span>\" => \"<span class=sf-dump-str title=\"52 characters\">Orang Tua Anak Cerebral Palsy Terima Bantuan Nutrisi</span>\"
    \"<span class=sf-dump-key>author</span>\" => \"<span class=sf-dump-str title=\"15 characters\">Kilau Indonesia</span>\"
    \"<span class=sf-dump-key>konten</span>\" => \"<span class=sf-dump-str title=\"1904 characters\">&lt;p class=&quot;ql-align-justify&quot;&gt;Orang tua adinda Siti Rohimah mengaku sangat bersyukur atas bantuan yang diberikan oleh Kilau Indonesia. Pada &lt;strong&gt;Rabu, 29 April 2025, keluarga mereka menerima bantuan&lt;/strong&gt; nutrisi berupa susu, makanan, dan kebutuhan sehari-hari untuk Siti, anak istimewa dengan kondisi &lt;a href=&quot;https://www.tiktok.com/@kilauonline&quot; target=&quot;_blank&quot;&gt;&lt;strong&gt;Cerebral Palsy&lt;/strong&gt;&lt;/a&gt; yang tinggal di Desa Sidamulya, Indramayu.&lt;/p&gt;&lt;p class=&quot;ql-align-justify&quot;&gt;&lt;br&gt;&lt;/p&gt;&lt;p class=&quot;ql-align-justify&quot;&gt;&lt;img src=&quot;/storage/uploads/1777964430.jpg&quot;&gt;&lt;/p&gt;&lt;p class=&quot;ql-align-justify&quot;&gt;&lt;br&gt;&lt;/p&gt;&lt;p class=&quot;ql-align-justify&quot;&gt;Bagi orang tuanya, bantuan ini menjadi bentuk perhatian yang sangat berarti. Merawat anak dengan kondisi khusus tentu bukan hal yang gampang. Setiap hari ada banyak kebutuhan yang harus dipenuhi, mulai dari asupan nutrisi sampai kebutuhan harian lainnya. Karena itu, bantuan seperti ini terasa sangat membantu bagi keluarga.&lt;/p&gt;&lt;p class=&quot;ql-align-justify&quot;&gt;&lt;br&gt;&lt;/p&gt;&lt;p class=&quot;ql-align-justify&quot;&gt;Orang tua Siti juga merasa terharu karena masih ada yang peduli dengan kondisi anak mereka. Kehadiran Kilau membuat mereka merasa tidak sendirian dalam menjalani hari yang penuh perjuangan. &lt;a href=&quot;https://www.tiktok.com/@kilauonline/video/7602605167439056148?is_from_webapp=1&amp;amp;sender_device=pc&amp;amp;web_id=7383903573882947088&quot; target=&quot;_blank&quot;&gt;Bantuan&lt;/a&gt; tersebut juga menjadi penyemangat bagi keluarga untuk terus kuat, sabar, dan tetap ikhtiar dalam merawat Siti.&lt;/p&gt;&lt;p class=&quot;ql-align-justify&quot;&gt;&lt;br&gt;&lt;/p&gt;&lt;p class=&quot;ql-align-justify&quot;&gt;&lt;img src=&quot;/storage/uploads/1777964443.jpg&quot;&gt;&lt;/p&gt;&lt;p class=&quot;ql-align-justify&quot;&gt;&lt;br&gt;&lt;/p&gt;&lt;p class=&quot;ql-align-justify&quot;&gt;Lewat bantuan ini, orang tua Siti menyampaikan rasa terima kasih yang tulus kepada kepada semua pihak yang sudah ikut membantu. Mereka berharap segala kebaikan yang diberikan dibalas dengan keberkahan dan kemudahan dalam setiap urusan.&lt;/p&gt;</span>\"
    \"<span class=sf-dump-key>tanggal</span>\" => \"<span class=sf-dump-str title=\"19 characters\">2026-05-01 07:00:54</span>\"
    \"<span class=sf-dump-key>foto</span>\" => \"<span class=sf-dump-str title=\"25 characters\">/storage/berita/795/1.jpg</span>\"
    \"<span class=sf-dump-key>foto2</span>\" => <span class=sf-dump-const>null</span>
    \"<span class=sf-dump-key>foto3</span>\" => <span class=sf-dump-const>null</span>
    \"<span class=sf-dump-key>views_berita</span>\" => <span class=sf-dump-num>115</span>
    \"<span class=sf-dump-key>likes_berita</span>\" => <span class=sf-dump-num>6</span>
    \"<span class=sf-dump-key>status_berita</span>\" => \"<span class=sf-dump-str title=\"5 characters\">Aktif</span>\"
    \"<span class=sf-dump-key>kategori</span>\" => <span class=sf-dump-note>array:2</span> [<samp data-depth=3 class=sf-dump-compact>
      \"<span class=sf-dump-key>id</span>\" => <span class=sf-dump-num>12</span>
      \"<span class=sf-dump-key>name_kategori</span>\" => \"<span class=sf-dump-str title=\"9 characters\">Kesehatan</span>\"
    </samp>]
    \"<span class=sf-dump-key>tags</span>\" => <span class=sf-dump-note>array:3</span> [<samp data-depth=3 class=sf-dump-compact>
      <span class=sf-dump-index>0</span> => <span class=sf-dump-note>array:3</span> [ &#8230;3]
      <span class=sf-dump-index>1</span> => <span class=sf-dump-note>array:3</span> [ &#8230;3]
      <span class=sf-dump-index>2</span> => <span class=sf-dump-note>array:3</span> [ &#8230;3]
    </samp>]
  </samp>]
  <span class=sf-dump-index>5</span> => <span class=sf-dump-note>array:13</span> [<samp data-depth=2 class=sf-dump-compact>
    \"<span class=sf-dump-key>id</span>\" => <span class=sf-dump-num>794</span>
    \"<span class=sf-dump-key>judul</span>\" => \"<span class=sf-dump-str title=\"48 characters\">YBM PLN Kunjungi Bimbel Gratis Kilau di Sumedang</span>\"
    \"<span class=sf-dump-key>author</span>\" => \"<span class=sf-dump-str title=\"15 characters\">Kilau Indonesia</span>\"
    \"<span class=sf-dump-key>konten</span>\" => \"<span class=sf-dump-str title=\"3361 characters\">&lt;p class=&quot;ql-align-justify&quot;&gt;&lt;strong&gt;Sumedang, 23 April 2026&lt;/strong&gt; &#8212; Setiap anak memiliki mimpi yang layak dijaga. Namun, tidak semua anak memiliki akses belajar yang sama. Sebagian dari mereka membutuhkan ruang pendampingan yang lebih dekat, lebih hangat, dan lebih mudah dijangkau agar tetap percaya diri dalam menjalani pendidikan.&lt;/p&gt;&lt;p class=&quot;ql-align-justify&quot;&gt;&lt;br&gt;&lt;/p&gt;&lt;h2 class=&quot;ql-align-justify&quot;&gt;Kilau Konsisten Hadirkan &lt;a href=&quot;https://www.tiktok.com/@kilauonline/video/7626266124396629268?is_from_webapp=1&amp;amp;sender_device=pc&amp;amp;web_id=7383903573882947088&quot; target=&quot;_blank&quot;&gt;Bimbel&lt;/a&gt; Gratis di Tengah Maraknya Bimbel Berbayar&lt;/h2&gt;&lt;p class=&quot;ql-align-justify&quot;&gt;Semangat itulah yang terus dihadirkan Kilau Indonesia melalui program &lt;strong&gt;Bimbingan Belajar Gratis&lt;/strong&gt; bagi anak-anak binaan Shelter Pemberdayaan Terpadu. Program ini menjadi ruang tumbuh bagi anak-anak untuk belajar, bertanya, memahami pelajaran sekolah, sekaligus membangun kembali semangat mereka dalam meraih cita-cita.&lt;/p&gt;&lt;p class=&quot;ql-align-justify&quot;&gt;&lt;br&gt;&lt;/p&gt;&lt;p class=&quot;ql-align-justify&quot;&gt;Di ruang shelter, kegiatan belajar tidak hanya dimaknai sebagai proses mengejar nilai akademik. Lebih dari itu, bimbel gratis menjadi tempat bagi anak-anak untuk merasa didampingi, diperhatikan, dan diberi kesempatan yang sama untuk berkembang.&lt;/p&gt;&lt;p class=&quot;ql-align-justify&quot;&gt;&lt;br&gt;&lt;/p&gt;&lt;p class=&quot;ql-align-justify&quot;&gt;Melalui pendampingan belajar yang dilakukan secara berkelanjutan, Kilau Indonesia berupaya membantu anak-anak binaan agar tidak merasa tertinggal dalam pendidikan. Mereka diajak untuk belajar dengan suasana yang menyenangkan, sehingga proses memahami pelajaran menjadi lebih ringan dan tidak menakutkan.&lt;/p&gt;&lt;p class=&quot;ql-align-justify&quot;&gt;&lt;br&gt;&lt;/p&gt;&lt;h2 class=&quot;ql-align-justify&quot;&gt;YBM PLN Kunjungi Shelter Pemberdayaan Terpadu Kilau di Sumedang&lt;/h2&gt;&lt;p class=&quot;ql-align-justify&quot;&gt;Kamis, 23 April 2026, semangat tersebut semakin diperkuat melalui kolaborasi Kilau Indonesia bersama &lt;strong&gt;YBM PLN Sumedang&lt;/strong&gt; dalam kegiatan berbagi kebahagiaan bersama anak-anak binaan, yang salah satunya di Shelter Panyingkiran.&lt;/p&gt;&lt;p class=&quot;ql-align-justify&quot;&gt;&lt;br&gt;&lt;/p&gt;&lt;p class=&quot;ql-align-justify&quot;&gt;&lt;strong&gt;Sebanyak 20 anak binaan menerima &lt;/strong&gt;&lt;a href=&quot;https://www.tiktok.com/@kilauonline/video/7557277693612477717?is_from_webapp=1&amp;amp;sender_device=pc&amp;amp;web_id=7383903573882947088&quot; target=&quot;_blank&quot;&gt;&lt;strong&gt;santunan&lt;/strong&gt;&lt;/a&gt;&lt;strong&gt; pendidikan dari YBM PLN&lt;/strong&gt;. Bantuan ini diberikan sebagai bentuk dukungan terhadap kebutuhan &lt;a href=&quot;https://www.tiktok.com/@kilauonline&quot; target=&quot;_blank&quot;&gt;pendidikan&lt;/a&gt; anak-anak, sekaligus menjadi penyemangat agar mereka terus belajar dan tidak berhenti mengejar masa depan yang lebih baik.&lt;/p&gt;&lt;p class=&quot;ql-align-justify&quot;&gt;&lt;br&gt;&lt;/p&gt;&lt;p class=&quot;ql-align-justify&quot;&gt;Kehadiran YBM PLN dalam kegiatan ini menjadi bukti bahwa kepedulian terhadap pendidikan anak membutuhkan kolaborasi banyak pihak. Dukungan yang diberikan tidak hanya bernilai secara materi, tetapi juga menghadirkan pesan bahwa anak-anak binaan tidak berjalan sendiri dalam proses pendidikannya.&lt;/p&gt;&lt;p class=&quot;ql-align-justify&quot;&gt;&lt;br&gt;&lt;/p&gt;&lt;p class=&quot;ql-align-justify&quot;&gt;Kilau Indonesia berharap, melalui program Bimbel Gratis dan dukungan santunan pendidikan ini, anak-anak binaan Shelter Panyingkiran dapat terus tumbuh menjadi pribadi yang kuat, percaya diri, dan berani bermimpi lebih tinggi.&lt;/p&gt;</span>\"
    \"<span class=sf-dump-key>tanggal</span>\" => \"<span class=sf-dump-str title=\"19 characters\">2026-04-28 06:33:03</span>\"
    \"<span class=sf-dump-key>foto</span>\" => \"<span class=sf-dump-str title=\"25 characters\">/storage/berita/794/2.jpg</span>\"
    \"<span class=sf-dump-key>foto2</span>\" => \"<span class=sf-dump-str title=\"25 characters\">/storage/berita/794/3.jpg</span>\"
    \"<span class=sf-dump-key>foto3</span>\" => \"<span class=sf-dump-str title=\"25 characters\">/storage/berita/794/1.jpg</span>\"
    \"<span class=sf-dump-key>views_berita</span>\" => <span class=sf-dump-num>344</span>
    \"<span class=sf-dump-key>likes_berita</span>\" => <span class=sf-dump-num>10</span>
    \"<span class=sf-dump-key>status_berita</span>\" => \"<span class=sf-dump-str title=\"5 characters\">Aktif</span>\"
    \"<span class=sf-dump-key>kategori</span>\" => <span class=sf-dump-note>array:2</span> [<samp data-depth=3 class=sf-dump-compact>
      \"<span class=sf-dump-key>id</span>\" => <span class=sf-dump-num>5</span>
      \"<span class=sf-dump-key>name_kategori</span>\" => \"<span class=sf-dump-str title=\"10 characters\">Pendidikan</span>\"
    </samp>]
    \"<span class=sf-dump-key>tags</span>\" => <span class=sf-dump-note>array:3</span> [<samp data-depth=3 class=sf-dump-compact>
      <span class=sf-dump-index>0</span> => <span class=sf-dump-note>array:3</span> [ &#8230;3]
      <span class=sf-dump-index>1</span> => <span class=sf-dump-note>array:3</span> [ &#8230;3]
      <span class=sf-dump-index>2</span> => <span class=sf-dump-note>array:3</span> [ &#8230;3]
    </samp>]
  </samp>]
  <span class=sf-dump-index>6</span> => <span class=sf-dump-note>array:13</span> [<samp data-depth=2 class=sf-dump-compact>
    \"<span class=sf-dump-key>id</span>\" => <span class=sf-dump-num>793</span>
    \"<span class=sf-dump-key>judul</span>\" => \"<span class=sf-dump-str title=\"68 characters\">PT Corakwarna Promo Ikuti Layanan CKG, Smoke Analyzer Jadi Perhatian</span>\"
    \"<span class=sf-dump-key>author</span>\" => \"<span class=sf-dump-str title=\"15 characters\">Kilau Indonesia</span>\"
    \"<span class=sf-dump-key>konten</span>\" => \"<span class=sf-dump-str title=\"3640 characters\">&lt;p class=&quot;ql-align-justify&quot;&gt;BANDUNG, 27 April 2026 &#8212; Giliran PT Corakwarna Promo melalui pelaksanaan pelayanan pemeriksaan kesehatan gratis di lingkungan perusahaan, Senin, 27 April 2026. Kegiatan yang berlangsung di lokasi perusahaan, Jalan Soekarno Hatta No. 676, Cipamokolan, Kecamatan Rancasari, Kota Bandung ini menghadirkan berbagai jenis layanan kesehatan dasar hingga konsultasi dokter untuk para pekerja.&lt;/p&gt;&lt;p class=&quot;ql-align-justify&quot;&gt;&lt;br&gt;&lt;/p&gt;&lt;p class=&quot;ql-align-justify&quot;&gt;&lt;img style=&quot;max-width:100%; height:auto;&quot; src=&quot;/storage/uploads/1777349812.jpg&quot;&gt;&lt;/p&gt;&lt;p class=&quot;ql-align-justify&quot;&gt;&lt;br&gt;&lt;/p&gt;&lt;h2&gt;Kilau Ikut Bermitra, 43 Karyawan Peroleh 7 Jenis Layanan Kesehatan&lt;/h2&gt;&lt;p class=&quot;ql-align-justify&quot;&gt;Sebanyak 43 &lt;a href=&quot;https://www.tiktok.com/@kilauonline&quot; target=&quot;_blank&quot;&gt;karyawan&lt;/a&gt; PT Corakwarna Promo mengikuti pemeriksaan kesehatan yang dilaksanakan melalui &lt;strong&gt;kolaborasi bersama Dinas Kesehatan Kota Bandung melalui UPTD Puskesmas Cipamokolan, RS Hasna Purnama, dan tim kesehatan Akper Kebonjati&lt;/strong&gt;. Dalam kegiatan ini, para karyawan mendapatkan layanan pemeriksaan tekanan darah, antropometri, pemeriksaan mata, pemeriksaan gigi dan mulut, smoke analyzer, cek gula darah, serta konsultasi dokter.&lt;/p&gt;&lt;p class=&quot;ql-align-justify&quot;&gt;&lt;br&gt;&lt;/p&gt;&lt;h2&gt;Smoke Analyzer Juga Jadi Perhatian Pelayanan CKG di Hari Ini&lt;/h2&gt;&lt;p class=&quot;ql-align-justify&quot;&gt;Salah satu layanan yang paling menarik perhatian dalam kegiatan ini adalah &lt;strong&gt;smoke analyzer&lt;/strong&gt;. Pemeriksaan ini membantu melihat kadar karbon monoksida dari hembusan napas, yang dikenal sebagai salah satu indikator paparan asap &lt;a href=&quot;https://www.tiktok.com/@kilauonline/video/7584311147071851794?is_from_webapp=1&amp;amp;sender_device=pc&amp;amp;web_id=7383903573882947088&quot; target=&quot;_blank&quot;&gt;rokok&lt;/a&gt; dalam tubuh. Dalam layanan berhenti merokok NHS Inggris, tes napas ini digunakan untuk menunjukkan kadar karbon monoksida dalam tubuh. Sementara itu, sebuah studi yang dimuat jurnal WHO menunjukkan pengukuran karbon monoksida hembusan napas dapat membedakan kelompok perokok dan non perokok.&lt;/p&gt;&lt;p class=&quot;ql-align-justify&quot;&gt;&lt;br&gt;&lt;/p&gt;&lt;p class=&quot;ql-align-justify&quot;&gt;&lt;img style=&quot;max-width:100%; height:auto;&quot; src=&quot;/storage/uploads/1777349836.jpg&quot;&gt;&lt;/p&gt;&lt;p class=&quot;ql-align-justify&quot;&gt;&lt;br&gt;&lt;/p&gt;&lt;h2&gt;Dorongan CKG dari Pemerintah, Berbagi Sehat Optimal Ditargetkan untuk Karyawan&lt;/h2&gt;&lt;p class=&quot;ql-align-justify&quot;&gt;Dalam konteks yang lebih luas, pelaksanaan layanan kesehatan di lingkungan kerja seperti ini juga sejalan dengan semangat &lt;strong&gt;CKG atau Cek Kesehatan Gratis&lt;/strong&gt; yang terus didorong pemerintah untuk memperluas deteksi dini risiko penyakit dan membangun kebiasaan masyarakat dalam melakukan pemeriksaan kesehatan secara berkala. Kementerian Kesehatan menjelaskan bahwa CKG merupakan program pemerintah untuk identifikasi risiko penyakit, deteksi dini, dan mendorong masyarakat menerapkan pola hidup sehat. Dinas Kesehatan Kota Bandung juga telah mempublikasikan pelaksanaan CKG dalam kanal resminya. &lt;/p&gt;&lt;p class=&quot;ql-align-justify&quot;&gt;&lt;br&gt;&lt;/p&gt;&lt;p class=&quot;ql-align-justify&quot;&gt;&lt;img style=&quot;max-width:100%; height:auto;&quot; src=&quot;/storage/uploads/1777349861.jpg&quot;&gt;&lt;/p&gt;&lt;p class=&quot;ql-align-justify&quot;&gt;&lt;br&gt;&lt;/p&gt;&lt;p class=&quot;ql-align-justify&quot;&gt;Kehadiran layanan kesehatan di PT Corakwarna Promo menunjukkan bahwa tempat kerja dapat menjadi ruang strategis untuk memperkuat budaya hidup sehat. Ketika pemeriksaan dilakukan langsung di lingkungan perusahaan, karyawan tidak hanya lebih mudah menjangkau layanan, tetapi juga lebih terdorong untuk mengenali kondisi tubuhnya sedini mungkin. Hal ini penting, terutama di tengah aktivitas kerja yang padat dan sering membuat pemeriksaan kesehatan tertunda.&lt;/p&gt;</span>\"
    \"<span class=sf-dump-key>tanggal</span>\" => \"<span class=sf-dump-str title=\"19 characters\">2026-04-28 04:21:19</span>\"
    \"<span class=sf-dump-key>foto</span>\" => \"<span class=sf-dump-str title=\"25 characters\">/storage/berita/793/2.jpg</span>\"
    \"<span class=sf-dump-key>foto2</span>\" => \"<span class=sf-dump-str title=\"25 characters\">/storage/berita/793/1.jpg</span>\"
    \"<span class=sf-dump-key>foto3</span>\" => \"<span class=sf-dump-str title=\"25 characters\">/storage/berita/793/5.jpg</span>\"
    \"<span class=sf-dump-key>views_berita</span>\" => <span class=sf-dump-num>536</span>
    \"<span class=sf-dump-key>likes_berita</span>\" => <span class=sf-dump-num>21</span>
    \"<span class=sf-dump-key>status_berita</span>\" => \"<span class=sf-dump-str title=\"5 characters\">Aktif</span>\"
    \"<span class=sf-dump-key>kategori</span>\" => <span class=sf-dump-note>array:2</span> [<samp data-depth=3 class=sf-dump-compact>
      \"<span class=sf-dump-key>id</span>\" => <span class=sf-dump-num>12</span>
      \"<span class=sf-dump-key>name_kategori</span>\" => \"<span class=sf-dump-str title=\"9 characters\">Kesehatan</span>\"
    </samp>]
    \"<span class=sf-dump-key>tags</span>\" => <span class=sf-dump-note>array:3</span> [<samp data-depth=3 class=sf-dump-compact>
      <span class=sf-dump-index>0</span> => <span class=sf-dump-note>array:3</span> [ &#8230;3]
      <span class=sf-dump-index>1</span> => <span class=sf-dump-note>array:3</span> [ &#8230;3]
      <span class=sf-dump-index>2</span> => <span class=sf-dump-note>array:3</span> [ &#8230;3]
    </samp>]
  </samp>]
  <span class=sf-dump-index>7</span> => <span class=sf-dump-note>array:13</span> [<samp data-depth=2 class=sf-dump-compact>
    \"<span class=sf-dump-key>id</span>\" => <span class=sf-dump-num>792</span>
    \"<span class=sf-dump-key>judul</span>\" => \"<span class=sf-dump-str title=\"45 characters\">Kilau Hadirkan SLBN 2 Indramayu di Kantor PLN</span>\"
    \"<span class=sf-dump-key>author</span>\" => \"<span class=sf-dump-str title=\"15 characters\">Kilau Indonesia</span>\"
    \"<span class=sf-dump-key>konten</span>\" => \"<span class=sf-dump-str title=\"2972 characters\">&lt;p class=&quot;ql-align-justify&quot;&gt;Indramayu, 24 April 2026 &#8212; Anak penyandang disabilitas di &lt;a href=&quot;https://www.instagram.com/reel/Cw4eF9yhPte/?igsh=dGQ2YWZzd3dzNHU5&quot; target=&quot;_blank&quot;&gt;SLB&lt;/a&gt; Negeri 2 Indramayu menjadi pusat perhatian dalam kegiatan &lt;strong&gt;Berbagi Kebahagiaan&lt;/strong&gt; yang digelar oleh PLN UP3 Indramayu pada Jumat, 24 April 2026.&lt;/p&gt;&lt;p class=&quot;ql-align-justify&quot;&gt;&lt;br&gt;&lt;/p&gt;&lt;p class=&quot;ql-align-justify&quot;&gt;Dalam suasana penuh kehangatan, kegiatan tersebut menjadi ruang perjumpaan yang memperlihatkan bahwa setiap anak memiliki hak yang sama untuk merasa dihargai, diperhatikan, dan diberi kesempatan untuk tumbuh dengan penuh semangat. Anak &lt;a href=&quot;https://www.tiktok.com/@kilauonline&quot; target=&quot;_blank&quot;&gt;disabilitas&lt;/a&gt; yang hadir tampak mengikuti kegiatan dengan antusias, menghadirkan suasana haru sekaligus bahagia bagi semua pihak yang terlibat.&lt;/p&gt;&lt;p class=&quot;ql-align-justify&quot;&gt;&lt;br&gt;&lt;/p&gt;&lt;p class=&quot;ql-align-justify&quot;&gt;Bagi anak penyandang disabilitas, perhatian sederhana sering kali memiliki makna yang besar. Kehadiran berbagai pihak dalam kegiatan ini menjadi bentuk dukungan moral bahwa mereka tidak berjalan sendiri. Mereka adalah bagian penting dari masyarakat yang perlu terus diberi ruang untuk berkembang, belajar, dan meraih masa depan dengan percaya diri.&lt;/p&gt;&lt;p class=&quot;ql-align-justify&quot;&gt;&lt;br&gt;&lt;/p&gt;&lt;h2&gt;Bersama Kilau, SLBN 2 Indramayu Penuhi Undangan Berbagi Kebahagiaan&lt;/h2&gt;&lt;p class=&quot;ql-align-justify&quot;&gt;SLB Negeri 2 Indramayu menjadi tempat yang tidak hanya menghadirkan pendidikan, tetapi juga menjadi ruang tumbuh bagi anak anak dengan kebutuhan khusus. Di tempat ini, setiap anak belajar sesuai dengan kemampuan dan keunikan masing-masing. Mereka menunjukkan bahwa keterbatasan bukan penghalang untuk tetap tersenyum, berinteraksi, dan memiliki harapan.&lt;/p&gt;&lt;p class=&quot;ql-align-justify&quot;&gt;&lt;br&gt;&lt;/p&gt;&lt;p class=&quot;ql-align-justify&quot;&gt;&lt;img style=&quot;max-width:100%; height:auto;&quot; src=&quot;/storage/uploads/1777347845.jpg&quot;&gt;&lt;/p&gt;&lt;p class=&quot;ql-align-justify&quot;&gt;&lt;br&gt;&lt;/p&gt;&lt;p class=&quot;ql-align-justify&quot;&gt;Kegiatan Berbagi Kebahagiaan ini juga menjadi pengingat bahwa anak penyandang disabilitas membutuhkan lingkungan yang ramah, terbuka, dan mendukung. Bukan semata mata karena kondisi yang mereka alami, tetapi karena mereka memiliki potensi, perasaan, dan mimpi yang sama seperti anak anak lainnya.&lt;/p&gt;&lt;p class=&quot;ql-align-justify&quot;&gt;&lt;br&gt;&lt;/p&gt;&lt;h2&gt;PLN UP3 Indramayu Berikan Santunan untuk Anak Penyandang Disabilitas&lt;/h2&gt;&lt;p class=&quot;ql-align-justify&quot;&gt;Dalam kegiatan tersebut, PLN UP3 Indramayu turut memberikan santunan pendidikan kepada empat anak penyandang disabilitas. Kilau Indonesia hadir memenuhi undangan sebagai bagian dari dukungan terhadap terselenggaranya kegiatan tersebut.&lt;/p&gt;&lt;p class=&quot;ql-align-justify&quot;&gt;&lt;br&gt;&lt;/p&gt;&lt;p class=&quot;ql-align-justify&quot;&gt;Melalui kegiatan ini, diharapkan semakin banyak pihak yang memiliki kepedulian terhadap anak-anak penyandang disabilitas, terutama dalam menciptakan lingkungan yang lebih inklusif, hangat, dan memberi ruang bagi mereka untuk terus bertumbuh.&lt;/p&gt;</span>\"
    \"<span class=sf-dump-key>tanggal</span>\" => \"<span class=sf-dump-str title=\"19 characters\">2026-04-24 03:46:11</span>\"
    \"<span class=sf-dump-key>foto</span>\" => \"<span class=sf-dump-str title=\"25 characters\">/storage/berita/792/1.jpg</span>\"
    \"<span class=sf-dump-key>foto2</span>\" => <span class=sf-dump-const>null</span>
    \"<span class=sf-dump-key>foto3</span>\" => <span class=sf-dump-const>null</span>
    \"<span class=sf-dump-key>views_berita</span>\" => <span class=sf-dump-num>339</span>
    \"<span class=sf-dump-key>likes_berita</span>\" => <span class=sf-dump-num>18</span>
    \"<span class=sf-dump-key>status_berita</span>\" => \"<span class=sf-dump-str title=\"5 characters\">Aktif</span>\"
    \"<span class=sf-dump-key>kategori</span>\" => <span class=sf-dump-note>array:2</span> [<samp data-depth=3 class=sf-dump-compact>
      \"<span class=sf-dump-key>id</span>\" => <span class=sf-dump-num>10</span>
      \"<span class=sf-dump-key>name_kategori</span>\" => \"<span class=sf-dump-str title=\"6 characters\">Sosial</span>\"
    </samp>]
    \"<span class=sf-dump-key>tags</span>\" => <span class=sf-dump-note>array:3</span> [<samp data-depth=3 class=sf-dump-compact>
      <span class=sf-dump-index>0</span> => <span class=sf-dump-note>array:3</span> [ &#8230;3]
      <span class=sf-dump-index>1</span> => <span class=sf-dump-note>array:3</span> [ &#8230;3]
      <span class=sf-dump-index>2</span> => <span class=sf-dump-note>array:3</span> [ &#8230;3]
    </samp>]
  </samp>]
  <span class=sf-dump-index>8</span> => <span class=sf-dump-note>array:13</span> [<samp data-depth=2 class=sf-dump-compact>
    \"<span class=sf-dump-key>id</span>\" => <span class=sf-dump-num>791</span>
    \"<span class=sf-dump-key>judul</span>\" => \"<span class=sf-dump-str title=\"80 characters\">Semangat Kartini Hidup dalam Aksi Berbagi untuk Janda Lansia Dhuafa di Indramayu</span>\"
    \"<span class=sf-dump-key>author</span>\" => \"<span class=sf-dump-str title=\"15 characters\">Kilau Indonesia</span>\"
    \"<span class=sf-dump-key>konten</span>\" => \"<span class=sf-dump-str title=\"3375 characters\">&lt;p class=&quot;ql-align-justify&quot;&gt;&lt;em&gt;Nama Raden Ajeng Kartini selalu lekat dengan semangat perjuangan perempuan Indonesia. Melalui gagasan dan surat-suratnya, Kartini dikenal sebagai sosok yang mendorong kemajuan perempuan, pendidikan, serta kepedulian terhadap sesama. Di Indonesia, semangat itu terus dikenang melalui Hari Kartini yang diperingati setiap 21 April, sebagai pengingat bahwa perjuangan perempuan tidak hanya hadir dalam pikiran, tetapi juga dalam tindakan nyata yang membawa manfaat bagi masyarakat.&lt;/em&gt;&lt;/p&gt;&lt;p class=&quot;ql-align-justify&quot;&gt;&lt;br&gt;&lt;/p&gt;&lt;p class=&quot;ql-align-justify&quot;&gt;&lt;img src=&quot;/storage/uploads/1776844328.jpg&quot;&gt;&lt;/p&gt;&lt;p class=&quot;ql-align-justify&quot;&gt;&lt;br&gt;&lt;/p&gt;&lt;p class=&quot;ql-align-justify&quot;&gt;Nilai-nilai itu terasa selaras dengan kegiatan &lt;a href=&quot;https://home.kilauindonesia.org/berita/92-Warga-Ikut-Aksi-Berbagi-Sehat,-Kilau-Ajak-Wakil-Dekan-III-FIKes-Unpas&quot; target=&quot;_blank&quot;&gt;sosial&lt;/a&gt; yang digelar &lt;strong&gt;Kilau Indonesia bersama YBM PLN dan Srikandi PLN UP3 Indramayu pada Selasa, 21 Februari 2026&lt;/strong&gt;. Dalam kegiatan tersebut, para pihak menyalurkan bantuan sembako kepada &lt;a href=&quot;https://home.kilauindonesia.org/berita/Bahagiakan-Lansia-di-Hari-Listrik-Nasional&quot; target=&quot;_blank&quot;&gt;janda&lt;/a&gt; &lt;a href=&quot;https://home.kilauindonesia.org/berita/Kelurahan-di-Indramayu%2C-Bagikan-4-Kg-Beras-untuk-Lansia-Kilau&quot; target=&quot;_blank&quot;&gt;lansia&lt;/a&gt; dhuafa di wilayah Sindang dan Lemahmekar.&lt;/p&gt;&lt;p class=&quot;ql-align-justify&quot;&gt;&lt;br&gt;&lt;/p&gt;&lt;p class=&quot;ql-align-justify&quot;&gt;Kolaborasi ini menjadi gambaran bahwa semangat Kartini masih hidup dalam berbagai bentuk kebaikan hari ini. Bukan hanya tentang peran perempuan dalam ruang gagasan, tetapi juga tentang kehadiran mereka dalam aksi sosial yang menyentuh langsung masyarakat yang membutuhkan. Keterlibatan Srikandi PLN UP3 Indramayu turut memberi makna tersendiri, karena mencerminkan peran perempuan yang aktif, peduli, dan hadir di tengah persoalan sosial.&lt;/p&gt;&lt;p class=&quot;ql-align-justify&quot;&gt;&lt;br&gt;&lt;/p&gt;&lt;p class=&quot;ql-align-justify&quot;&gt;&lt;img src=&quot;/storage/uploads/1776844342.jpg&quot;&gt;&lt;/p&gt;&lt;p class=&quot;ql-align-justify&quot;&gt;&lt;br&gt;&lt;/p&gt;&lt;p class=&quot;ql-align-justify&quot;&gt;Sebanyak 21 paket bantuan &lt;a href=&quot;https://home.kilauindonesia.org/berita/Masih-Adakah-Tangan-yang-Datang-Membawa-Sembako-untuk-Lansia-Dhuafa&quot; target=&quot;_blank&quot;&gt;sembako&lt;/a&gt; disalurkan kepada para penerima manfaat. Bantuan ini ditujukan untuk membantu meringankan kebutuhan harian janda lansia dhuafa, sekaligus menjadi bentuk perhatian dan kepedulian kepada kelompok masyarakat yang membutuhkan dukungan.&lt;/p&gt;&lt;p class=&quot;ql-align-justify&quot;&gt;&lt;br&gt;&lt;/p&gt;&lt;p class=&quot;ql-align-justify&quot;&gt;Kegiatan ini juga menunjukkan bahwa kolaborasi antarlembaga dapat menghadirkan manfaat yang lebih luas ketika dijalankan dengan semangat kebersamaan. Kilau Indonesia, YBM PLN, dan Srikandi PLN UP3 Indramayu mengambil bagian dalam upaya sederhana namun bermakna, yakni menghadirkan bantuan langsung bagi masyarakat.&lt;/p&gt;&lt;p class=&quot;ql-align-justify&quot;&gt;&lt;br&gt;&lt;/p&gt;&lt;p class=&quot;ql-align-justify&quot;&gt;&lt;img src=&quot;/storage/uploads/1776844361.jpg&quot;&gt;&lt;/p&gt;&lt;p class=&quot;ql-align-justify&quot;&gt;&lt;br&gt;&lt;/p&gt;&lt;p class=&quot;ql-align-justify&quot;&gt;Melalui kegiatan ini, semangat Kartini tidak berhenti sebagai peringatan sejarah, tetapi hadir dalam wujud nyata melalui kepedulian sosial dan aksi berbagi. Diharapkan, langkah bersama ini dapat memberi manfaat bagi para janda lansia dhuafa sekaligus menumbuhkan semangat gotong-royong dan kepedulian yang terus hidup di tengah masyarakat.&lt;/p&gt;</span>\"
    \"<span class=sf-dump-key>tanggal</span>\" => \"<span class=sf-dump-str title=\"19 characters\">2026-04-21 07:52:46</span>\"
    \"<span class=sf-dump-key>foto</span>\" => \"<span class=sf-dump-str title=\"25 characters\">/storage/berita/791/2.jpg</span>\"
    \"<span class=sf-dump-key>foto2</span>\" => \"<span class=sf-dump-str title=\"25 characters\">/storage/berita/791/1.jpg</span>\"
    \"<span class=sf-dump-key>foto3</span>\" => <span class=sf-dump-const>null</span>
    \"<span class=sf-dump-key>views_berita</span>\" => <span class=sf-dump-num>119</span>
    \"<span class=sf-dump-key>likes_berita</span>\" => <span class=sf-dump-num>7</span>
    \"<span class=sf-dump-key>status_berita</span>\" => \"<span class=sf-dump-str title=\"5 characters\">Aktif</span>\"
    \"<span class=sf-dump-key>kategori</span>\" => <span class=sf-dump-note>array:2</span> [<samp data-depth=3 class=sf-dump-compact>
      \"<span class=sf-dump-key>id</span>\" => <span class=sf-dump-num>10</span>
      \"<span class=sf-dump-key>name_kategori</span>\" => \"<span class=sf-dump-str title=\"6 characters\">Sosial</span>\"
    </samp>]
    \"<span class=sf-dump-key>tags</span>\" => <span class=sf-dump-note>array:4</span> [<samp data-depth=3 class=sf-dump-compact>
      <span class=sf-dump-index>0</span> => <span class=sf-dump-note>array:3</span> [ &#8230;3]
      <span class=sf-dump-index>1</span> => <span class=sf-dump-note>array:3</span> [ &#8230;3]
      <span class=sf-dump-index>2</span> => <span class=sf-dump-note>array:3</span> [ &#8230;3]
      <span class=sf-dump-index>3</span> => <span class=sf-dump-note>array:3</span> [ &#8230;3]
    </samp>]
  </samp>]
  <span class=sf-dump-index>9</span> => <span class=sf-dump-note>array:13</span> [<samp data-depth=2 class=sf-dump-compact>
    \"<span class=sf-dump-key>id</span>\" => <span class=sf-dump-num>790</span>
    \"<span class=sf-dump-key>judul</span>\" => \"<span class=sf-dump-str title=\"72 characters\">92 Warga Ikut Aksi Berbagi Sehat, Kilau Ajak Wakil Dekan III FIKes Unsap</span>\"
    \"<span class=sf-dump-key>author</span>\" => \"<span class=sf-dump-str title=\"15 characters\">Kilau Indonesia</span>\"
    \"<span class=sf-dump-key>konten</span>\" => \"<span class=sf-dump-str title=\"1685 characters\">&lt;p class=&quot;ql-align-justify&quot;&gt;Pelayanan kesehatan yang dekat dan mudah dijangkau selalu jadi kebutuhan masyarakat. Karena itu, Kilau Indonesia mengadakan kegiatan Aksi Berbagi Sehat pada Selasa, 21 April 2026.&lt;/p&gt;&lt;p class=&quot;ql-align-justify&quot;&gt;&lt;br&gt;&lt;/p&gt;&lt;p class=&quot;ql-align-justify&quot;&gt;&lt;img style=&quot;max-width:100%; height:auto;&quot; src=&quot;/storage/uploads/1776835843.jpg&quot;&gt;&lt;/p&gt;&lt;p class=&quot;ql-align-justify&quot;&gt;&lt;br&gt;&lt;/p&gt;&lt;p class=&quot;ql-align-justify&quot;&gt;Kegiatan ini dilaksanakan bekerja sama dengan Puskesmas Sukagalih dan bertempat di Aula Desa Baginda. Sejak kegiatan dimulai, warga datang untuk mengikuti berbagai layanan kesehatan yang sudah disiapkan.&lt;/p&gt;&lt;p class=&quot;ql-align-justify&quot;&gt;&lt;br&gt;&lt;/p&gt;&lt;p class=&quot;ql-align-justify&quot;&gt;Pelayanan yang diberikan cukup lengkap. Mulai dari penyuluhan kesehatan, pemeriksaan gigi, pemeriksaan TBC, pemeriksaan fisik, cek gula darah dan asam urat, konsultasi, sampai pemberian obat.&lt;/p&gt;&lt;p class=&quot;ql-align-justify&quot;&gt;&lt;br&gt;&lt;/p&gt;&lt;p class=&quot;ql-align-justify&quot;&gt;&lt;img style=&quot;max-width:100%; height:auto;&quot; src=&quot;/storage/uploads/1776835875.jpg&quot;&gt;&lt;/p&gt;&lt;p class=&quot;ql-align-justify&quot;&gt;&lt;br&gt;&lt;/p&gt;&lt;p class=&quot;ql-align-justify&quot;&gt;Kegiatan ini juga dibantu oleh tenaga medis dr. Endah Risky Gustiyanti. Kehadiran tenaga medis membuat warga bisa memperoleh layanan pemeriksaan dan konsultasi dengan lebih nyaman.&lt;/p&gt;&lt;p class=&quot;ql-align-justify&quot;&gt;&lt;br&gt;&lt;/p&gt;&lt;p class=&quot;ql-align-justify&quot;&gt;&lt;img style=&quot;max-width:100%; height:auto;&quot; src=&quot;/storage/uploads/1776835864.jpg&quot;&gt;&lt;/p&gt;&lt;p class=&quot;ql-align-justify&quot;&gt;&lt;br&gt;&lt;/p&gt;&lt;p class=&quot;ql-align-justify&quot;&gt;Sebanyak 92 orang tercatat menerima manfaat dari kegiatan ini. Jumlah itu menunjukkan bahwa layanan kesehatan seperti ini benar benar dibutuhkan dan dirasakan langsung oleh masyarakat.&lt;/p&gt;</span>\"
    \"<span class=sf-dump-key>tanggal</span>\" => \"<span class=sf-dump-str title=\"19 characters\">2026-04-21 08:54:24</span>\"
    \"<span class=sf-dump-key>foto</span>\" => \"<span class=sf-dump-str title=\"25 characters\">/storage/berita/790/1.jpg</span>\"
    \"<span class=sf-dump-key>foto2</span>\" => \"<span class=sf-dump-str title=\"25 characters\">/storage/berita/790/2.jpg</span>\"
    \"<span class=sf-dump-key>foto3</span>\" => <span class=sf-dump-const>null</span>
    \"<span class=sf-dump-key>views_berita</span>\" => <span class=sf-dump-num>122</span>
    \"<span class=sf-dump-key>likes_berita</span>\" => <span class=sf-dump-num>8</span>
    \"<span class=sf-dump-key>status_berita</span>\" => \"<span class=sf-dump-str title=\"5 characters\">Aktif</span>\"
    \"<span class=sf-dump-key>kategori</span>\" => <span class=sf-dump-note>array:2</span> [<samp data-depth=3 class=sf-dump-compact>
      \"<span class=sf-dump-key>id</span>\" => <span class=sf-dump-num>12</span>
      \"<span class=sf-dump-key>name_kategori</span>\" => \"<span class=sf-dump-str title=\"9 characters\">Kesehatan</span>\"
    </samp>]
    \"<span class=sf-dump-key>tags</span>\" => <span class=sf-dump-note>array:1</span> [<samp data-depth=3 class=sf-dump-compact>
      <span class=sf-dump-index>0</span> => <span class=sf-dump-note>array:3</span> [ &#8230;3]
    </samp>]
  </samp>]
</samp>]
</pre><script>Sfdump(\"sf-dump-127302153\", {\"maxDepth\":3,\"maxStringLength\":160})</script>
","campaignMenu":"<pre class=sf-dump id=sf-dump-858469830 data-indent-pad=\"  \"><span class=sf-dump-note>App\\Models\\SettingsMenu</span> {<a class=sf-dump-ref>#695</a><samp data-depth=1 class=sf-dump-expanded>
  #<span class=sf-dump-protected title=\"Protected property\">connection</span>: \"<span class=sf-dump-str title=\"5 characters\">mysql</span>\"
  #<span class=sf-dump-protected title=\"Protected property\">table</span>: \"<span class=sf-dump-str title=\"13 characters\">settings_menu</span>\"
  #<span class=sf-dump-protected title=\"Protected property\">primaryKey</span>: \"<span class=sf-dump-str title=\"2 characters\">id</span>\"
  #<span class=sf-dump-protected title=\"Protected property\">keyType</span>: \"<span class=sf-dump-str title=\"3 characters\">int</span>\"
  +<span class=sf-dump-public title=\"Public property\">incrementing</span>: <span class=sf-dump-const>true</span>
  #<span class=sf-dump-protected title=\"Protected property\">with</span>: []
  #<span class=sf-dump-protected title=\"Protected property\">withCount</span>: []
  +<span class=sf-dump-public title=\"Public property\">preventsLazyLoading</span>: <span class=sf-dump-const>false</span>
  #<span class=sf-dump-protected title=\"Protected property\">perPage</span>: <span class=sf-dump-num>15</span>
  +<span class=sf-dump-public title=\"Public property\">exists</span>: <span class=sf-dump-const>true</span>
  +<span class=sf-dump-public title=\"Public property\">wasRecentlyCreated</span>: <span class=sf-dump-const>false</span>
  #<span class=sf-dump-protected title=\"Protected property\">escapeWhenCastingToString</span>: <span class=sf-dump-const>false</span>
  #<span class=sf-dump-protected title=\"Protected property\">attributes</span>: <span class=sf-dump-note>array:6</span> [<samp data-depth=2 class=sf-dump-compact>
    \"<span class=sf-dump-key>id</span>\" => <span class=sf-dump-num>16</span>
    \"<span class=sf-dump-key>judul</span>\" => \"<span class=sf-dump-str title=\"24 characters\">Campaign Kilau Indonesia</span>\"
    \"<span class=sf-dump-key>subjudul</span>\" => \"<span class=sf-dump-str title=\"40 characters\">Mengubah Kepedulian Jadi Perubahan Nyata</span>\"
    \"<span class=sf-dump-key>created_at</span>\" => \"<span class=sf-dump-str title=\"19 characters\">2025-04-24 03:01:47</span>\"
    \"<span class=sf-dump-key>updated_at</span>\" => \"<span class=sf-dump-str title=\"19 characters\">2025-04-24 03:01:47</span>\"
    \"<span class=sf-dump-key>status</span>\" => \"<span class=sf-dump-str>1</span>\"
  </samp>]
  #<span class=sf-dump-protected title=\"Protected property\">original</span>: <span class=sf-dump-note>array:6</span> [<samp data-depth=2 class=sf-dump-compact>
    \"<span class=sf-dump-key>id</span>\" => <span class=sf-dump-num>16</span>
    \"<span class=sf-dump-key>judul</span>\" => \"<span class=sf-dump-str title=\"24 characters\">Campaign Kilau Indonesia</span>\"
    \"<span class=sf-dump-key>subjudul</span>\" => \"<span class=sf-dump-str title=\"40 characters\">Mengubah Kepedulian Jadi Perubahan Nyata</span>\"
    \"<span class=sf-dump-key>created_at</span>\" => \"<span class=sf-dump-str title=\"19 characters\">2025-04-24 03:01:47</span>\"
    \"<span class=sf-dump-key>updated_at</span>\" => \"<span class=sf-dump-str title=\"19 characters\">2025-04-24 03:01:47</span>\"
    \"<span class=sf-dump-key>status</span>\" => \"<span class=sf-dump-str>1</span>\"
  </samp>]
  #<span class=sf-dump-protected title=\"Protected property\">changes</span>: []
  #<span class=sf-dump-protected title=\"Protected property\">casts</span>: []
  #<span class=sf-dump-protected title=\"Protected property\">classCastCache</span>: []
  #<span class=sf-dump-protected title=\"Protected property\">attributeCastCache</span>: []
  #<span class=sf-dump-protected title=\"Protected property\">dateFormat</span>: <span class=sf-dump-const>null</span>
  #<span class=sf-dump-protected title=\"Protected property\">appends</span>: []
  #<span class=sf-dump-protected title=\"Protected property\">dispatchesEvents</span>: []
  #<span class=sf-dump-protected title=\"Protected property\">observables</span>: []
  #<span class=sf-dump-protected title=\"Protected property\">relations</span>: []
  #<span class=sf-dump-protected title=\"Protected property\">touches</span>: []
  +<span class=sf-dump-public title=\"Public property\">timestamps</span>: <span class=sf-dump-const>true</span>
  +<span class=sf-dump-public title=\"Public property\">usesUniqueIds</span>: <span class=sf-dump-const>false</span>
  #<span class=sf-dump-protected title=\"Protected property\">hidden</span>: []
  #<span class=sf-dump-protected title=\"Protected property\">visible</span>: []
  #<span class=sf-dump-protected title=\"Protected property\">fillable</span>: <span class=sf-dump-note>array:3</span> [<samp data-depth=2 class=sf-dump-compact>
    <span class=sf-dump-index>0</span> => \"<span class=sf-dump-str title=\"5 characters\">judul</span>\"
    <span class=sf-dump-index>1</span> => \"<span class=sf-dump-str title=\"8 characters\">subjudul</span>\"
    <span class=sf-dump-index>2</span> => \"<span class=sf-dump-str title=\"6 characters\">status</span>\"
  </samp>]
  #<span class=sf-dump-protected title=\"Protected property\">guarded</span>: <span class=sf-dump-note>array:1</span> [<samp data-depth=2 class=sf-dump-compact>
    <span class=sf-dump-index>0</span> => \"<span class=sf-dump-str>*</span>\"
  </samp>]
</samp>}
</pre><script>Sfdump(\"sf-dump-858469830\", {\"maxDepth\":3,\"maxStringLength\":160})</script>
","campaigns":"<pre class=sf-dump id=sf-dump-37701716 data-indent-pad=\"  \"><span class=sf-dump-note>Illuminate\\Support\\Collection</span> {<a class=sf-dump-ref>#649</a><samp data-depth=1 class=sf-dump-expanded>
  #<span class=sf-dump-protected title=\"Protected property\">items</span>: <span class=sf-dump-note>array:5</span> [<samp data-depth=2 class=sf-dump-compact>
    <span class=sf-dump-index>0</span> => <span class=sf-dump-note>array:33</span> [<samp data-depth=3 class=sf-dump-compact>
      \"<span class=sf-dump-key>id_konten</span>\" => <span class=sf-dump-num>223</span>
      \"<span class=sf-dump-key>title</span>\" => \"<span class=sf-dump-str title=\"15 characters\">Bantuan ekonomi</span>\"
      \"<span class=sf-dump-key>kategori</span>\" => \"<span class=sf-dump-str title=\"14 characters\">NICO ROMADHONI</span>\"
      \"<span class=sf-dump-key>nama_kota</span>\" => \"<span class=sf-dump-str title=\"10 characters\">Banyuwangi</span>\"
      \"<span class=sf-dump-key>id_category</span>\" => \"<span class=sf-dump-str title=\"6 characters\">500000</span>\"
      \"<span class=sf-dump-key>id_users</span>\" => \"<span class=sf-dump-str title=\"3 characters\">290</span>\"
      \"<span class=sf-dump-key>user</span>\" => <span class=sf-dump-note>array:2</span> [ &#8230;2]
      \"<span class=sf-dump-key>id</span>\" => <span class=sf-dump-num>12</span>
      \"<span class=sf-dump-key>id_disclaimer</span>\" => <span class=sf-dump-num>1</span>
      \"<span class=sf-dump-key>id_camutama</span>\" => <span class=sf-dump-const>null</span>
      \"<span class=sf-dump-key>cam_utama</span>\" => <span class=sf-dump-const>null</span>
      \"<span class=sf-dump-key>dana_iklan</span>\" => <span class=sf-dump-const>null</span>
      \"<span class=sf-dump-key>terkumpul</span>\" => <span class=sf-dump-const>null</span>
      \"<span class=sf-dump-key>terkumpul_fnd</span>\" => <span class=sf-dump-num>0</span>
      \"<span class=sf-dump-key>terkumpul_clb</span>\" => <span class=sf-dump-const>null</span>
      \"<span class=sf-dump-key>end_date</span>\" => \"<span class=sf-dump-str title=\"10 characters\">2025-07-06</span>\"
      \"<span class=sf-dump-key>deskripsi</span>\" => \"<span class=sf-dump-str title=\"15 characters\">bantugalangdana</span>\"
      \"<span class=sf-dump-key>des_disclaimer</span>\" => <span class=sf-dump-const>null</span>
      \"<span class=sf-dump-key>gambar</span>\" => \"<span class=sf-dump-str title=\"17 characters\">1751752640299.jpg</span>\"
      \"<span class=sf-dump-key>rincian</span>\" => \"<span class=sf-dump-str title=\"17 characters\">1751752640299.jpg</span>\"
      \"<span class=sf-dump-key>rincian_dana</span>\" => <span class=sf-dump-const>null</span>
      \"<span class=sf-dump-key>dana</span>\" => <span class=sf-dump-const>null</span>
      \"<span class=sf-dump-key>keterangan_dokumen</span>\" => \"<span class=sf-dump-str>0</span>\"
      \"<span class=sf-dump-key>artikel</span>\" => \"\"\"
        <span class=sf-dump-str title=\"210 characters\">&lt;!DOCTYPE html PUBLIC &quot;-//W3C//DTD HTML 4.0 Transitional//EN&quot; &quot;http://www.w3.org/TR/REC-html40/loose.dtd&quot;&gt;<span class=\"sf-dump-default sf-dump-ns\">\\n</span></span>
        <span class=sf-dump-str title=\"210 characters\">&lt;html&gt;&lt;body&gt;&lt;p&gt;Ekonomi sulit pekerjaan buruh untuk cari biaya rumah sakit kakek saya&lt;/p&gt;&lt;/body&gt;&lt;/html&gt;<span class=\"sf-dump-default sf-dump-ns\">\\n</span></span>
        \"\"\"
      \"<span class=sf-dump-key>alamat</span>\" => \"<span class=sf-dump-str title=\"10 characters\">Banyuwangi</span>\"
      \"<span class=sf-dump-key>status</span>\" => <span class=sf-dump-num>0</span>
      \"<span class=sf-dump-key>campaign</span>\" => <span class=sf-dump-const>null</span>
      \"<span class=sf-dump-key>unggulan</span>\" => <span class=sf-dump-const>null</span>
      \"<span class=sf-dump-key>tanggal_acc</span>\" => <span class=sf-dump-const>null</span>
      \"<span class=sf-dump-key>created_at</span>\" => \"<span class=sf-dump-str title=\"27 characters\">2025-07-05T22:00:18.000000Z</span>\"
      \"<span class=sf-dump-key>updated_at</span>\" => \"<span class=sf-dump-str title=\"27 characters\">2025-07-05T22:06:22.000000Z</span>\"
      \"<span class=sf-dump-key>url_link</span>\" => \"<span class=sf-dump-str title=\"50 characters\">https://berbagibahagia.org/program/bantugalangdana</span>\"
      \"<span class=sf-dump-key>url_image</span>\" => \"<span class=sf-dump-str title=\"57 characters\">https://berbagibahagia.org/gambarUpload/1751752640299.jpg</span>\"
    </samp>]
    <span class=sf-dump-index>1</span> => <span class=sf-dump-note>array:33</span> [<samp data-depth=3 class=sf-dump-compact>
      \"<span class=sf-dump-key>id_konten</span>\" => <span class=sf-dump-num>213</span>
      \"<span class=sf-dump-key>title</span>\" => \"<span class=sf-dump-str title=\"27 characters\">Bangunkan Atap untuk Santri</span>\"
      \"<span class=sf-dump-key>kategori</span>\" => \"<span class=sf-dump-str title=\"14 characters\">berbagibahagia</span>\"
      \"<span class=sf-dump-key>nama_kota</span>\" => <span class=sf-dump-const>null</span>
      \"<span class=sf-dump-key>id_category</span>\" => \"<span class=sf-dump-str title=\"10 characters\">Open Goals</span>\"
      \"<span class=sf-dump-key>id_users</span>\" => \"<span class=sf-dump-str>2</span>\"
      \"<span class=sf-dump-key>user</span>\" => <span class=sf-dump-note>array:2</span> [ &#8230;2]
      \"<span class=sf-dump-key>id</span>\" => <span class=sf-dump-num>8</span>
      \"<span class=sf-dump-key>id_disclaimer</span>\" => <span class=sf-dump-const>null</span>
      \"<span class=sf-dump-key>id_camutama</span>\" => <span class=sf-dump-const>null</span>
      \"<span class=sf-dump-key>cam_utama</span>\" => <span class=sf-dump-num>1</span>
      \"<span class=sf-dump-key>dana_iklan</span>\" => <span class=sf-dump-num>5</span>
      \"<span class=sf-dump-key>terkumpul</span>\" => <span class=sf-dump-const>null</span>
      \"<span class=sf-dump-key>terkumpul_fnd</span>\" => <span class=sf-dump-num>0</span>
      \"<span class=sf-dump-key>terkumpul_clb</span>\" => <span class=sf-dump-const>null</span>
      \"<span class=sf-dump-key>end_date</span>\" => \"<span class=sf-dump-str title=\"10 characters\">2025-06-30</span>\"
      \"<span class=sf-dump-key>deskripsi</span>\" => \"<span class=sf-dump-str title=\"18 characters\">BangunAsramaSantri</span>\"
      \"<span class=sf-dump-key>des_disclaimer</span>\" => \"\"\"
        <span class=sf-dump-str title=\"460 characters\">Penggalangan dana ini diselenggarakan oleh Kilau Indonesia dengan persetujuan resmi dari Pondok Pesantren Roulotul Abidin.<span class=\"sf-dump-default sf-dump-ns\">\\r\\n</span></span>
        <span class=sf-dump-str title=\"460 characters\"><span class=\"sf-dump-default sf-dump-ns\">\\r\\n</span></span>
        <span class=sf-dump-str title=\"460 characters\">Seluruh donasi akan digunakan untuk pembangunan atap asrama santri.<span class=\"sf-dump-default sf-dump-ns\">\\r\\n</span></span>
        <span class=sf-dump-str title=\"460 characters\">Setiap penggunaan dana akan dilaporkan secara terbuka dan transparan. Jika terdapat kelebihan dana, akan dialihkan untuk kebutuhan pembangunan serupa.<span class=\"sf-dump-default sf-dump-ns\">\\r\\n</span></span>
        <span class=sf-dump-str title=\"460 characters\"><span class=\"sf-dump-default sf-dump-ns\">\\r\\n</span></span>
        <span class=sf-dump-str title=\"460 characters\">Donasi yang sudah masuk tidak dapat dikembalikan dan kampanye ini bersifat sosial dan tidak bersifat komersial.</span>
        \"\"\"
      \"<span class=sf-dump-key>gambar</span>\" => \"<span class=sf-dump-str title=\"20 characters\">Campaign Program.jpg</span>\"
      \"<span class=sf-dump-key>rincian</span>\" => <span class=sf-dump-const>null</span>
      \"<span class=sf-dump-key>rincian_dana</span>\" => <span class=sf-dump-const>null</span>
      \"<span class=sf-dump-key>dana</span>\" => <span class=sf-dump-const>null</span>
      \"<span class=sf-dump-key>keterangan_dokumen</span>\" => <span class=sf-dump-const>null</span>
      \"<span class=sf-dump-key>artikel</span>\" => \"<span class=sf-dump-str title=\"918 characters\">&lt;p&gt;&lt;b&gt;Ayo Bangun Asrama Layak untuk Para Santri&lt;/b&gt;&lt;p&gt;Pondok Pesantren Roulotul Abidin tengah berjuang menyediakan tempat tinggal yang aman dan nyaman bagi para santrinya.&lt;/p&gt;&lt;p&gt;&lt;img src=&quot;/upload/1749438412_0.png&quot; style=&quot;width: 100%;&quot; data-filename=&quot;1749386015_0.png&quot;&gt;&lt;br&gt;&lt;/p&gt;&lt;p&gt;&lt;/p&gt;&lt;p&gt;Namun hingga kini, pembangunan asrama untuk mereka masih terkendala biaya. Imbasnya, &lt;b&gt;asrama pun gak jadi-jadi&lt;/b&gt;.&lt;/p&gt;&lt;p&gt;&lt;img src=&quot;/upload/1749438412_1.png&quot; data-filename=&quot;1749386015_1.png&quot; style=&quot;width: 100%;&quot;&gt;&lt;br&gt;&lt;/p&gt;&lt;p&gt;&lt;/p&gt;&lt;p&gt;&lt;b&gt;Menyerah bukan pilihan&lt;/b&gt;. &lt;i&gt;Tapi harapan mereka untuk atap asrama yang layak, adalah panggilan untuk kita&lt;/i&gt;.&lt;/p&gt;&lt;p&gt;&lt;b&gt;Masalahnya&lt;/b&gt;:&lt;br&gt;Bangunan asrama yang mangkrak karena kurang biaya.&lt;br&gt;Santri terpaksa belajar di tempat seadanya.&lt;/p&gt;&lt;p&gt;&lt;b&gt;Solusinya&lt;/b&gt;:&lt;br&gt;Kita &lt;b&gt;bantu lanjutkan bangun atap asrama&lt;/b&gt;&amp;nbsp;yang kokoh dan aman untuk santri.&lt;/p&gt;&lt;p&gt;&lt;b&gt;MAU IKUT&lt;/b&gt;....???&lt;/p&gt;&lt;p&gt;&lt;/p&gt;&lt;/p&gt;<span class=\"sf-dump-default sf-dump-ns\">\\n</span></span>\"
      \"<span class=sf-dump-key>alamat</span>\" => \"<span class=sf-dump-str title=\"84 characters\">Dusun Cibiru RT. 05 RW. 07, Desa Jatimulya, Kec. Sumedang Utara, Kab. Sumedang 45321</span>\"
      \"<span class=sf-dump-key>status</span>\" => <span class=sf-dump-num>1</span>
      \"<span class=sf-dump-key>campaign</span>\" => <span class=sf-dump-const>null</span>
      \"<span class=sf-dump-key>unggulan</span>\" => <span class=sf-dump-const>null</span>
      \"<span class=sf-dump-key>tanggal_acc</span>\" => <span class=sf-dump-const>null</span>
      \"<span class=sf-dump-key>created_at</span>\" => \"<span class=sf-dump-str title=\"27 characters\">2025-06-04T08:46:17.000000Z</span>\"
      \"<span class=sf-dump-key>updated_at</span>\" => \"<span class=sf-dump-str title=\"27 characters\">2025-11-13T07:20:08.000000Z</span>\"
      \"<span class=sf-dump-key>url_link</span>\" => \"<span class=sf-dump-str title=\"53 characters\">https://berbagibahagia.org/program/BangunAsramaSantri</span>\"
      \"<span class=sf-dump-key>url_image</span>\" => \"<span class=sf-dump-str title=\"62 characters\">https://berbagibahagia.org/gambarUpload/Campaign%20Program.jpg</span>\"
    </samp>]
    <span class=sf-dump-index>2</span> => <span class=sf-dump-note>array:33</span> [<samp data-depth=3 class=sf-dump-compact>
      \"<span class=sf-dump-key>id_konten</span>\" => <span class=sf-dump-num>211</span>
      \"<span class=sf-dump-key>title</span>\" => \"<span class=sf-dump-str title=\"40 characters\">Qurban Sehat untuk Hidangan di Hari Raya</span>\"
      \"<span class=sf-dump-key>kategori</span>\" => \"<span class=sf-dump-str title=\"14 characters\">berbagibahagia</span>\"
      \"<span class=sf-dump-key>nama_kota</span>\" => \"<span class=sf-dump-str title=\"9 characters\">Indramayu</span>\"
      \"<span class=sf-dump-key>id_category</span>\" => \"<span class=sf-dump-str title=\"10 characters\">Open Goals</span>\"
      \"<span class=sf-dump-key>id_users</span>\" => \"<span class=sf-dump-str>2</span>\"
      \"<span class=sf-dump-key>user</span>\" => <span class=sf-dump-note>array:2</span> [ &#8230;2]
      \"<span class=sf-dump-key>id</span>\" => <span class=sf-dump-num>26</span>
      \"<span class=sf-dump-key>id_disclaimer</span>\" => <span class=sf-dump-const>null</span>
      \"<span class=sf-dump-key>id_camutama</span>\" => <span class=sf-dump-const>null</span>
      \"<span class=sf-dump-key>cam_utama</span>\" => <span class=sf-dump-num>1</span>
      \"<span class=sf-dump-key>dana_iklan</span>\" => <span class=sf-dump-num>0</span>
      \"<span class=sf-dump-key>terkumpul</span>\" => <span class=sf-dump-num>63433</span>
      \"<span class=sf-dump-key>terkumpul_fnd</span>\" => <span class=sf-dump-num>0</span>
      \"<span class=sf-dump-key>terkumpul_clb</span>\" => <span class=sf-dump-const>null</span>
      \"<span class=sf-dump-key>end_date</span>\" => \"<span class=sf-dump-str title=\"10 characters\">2025-05-31</span>\"
      \"<span class=sf-dump-key>deskripsi</span>\" => \"<span class=sf-dump-str title=\"15 characters\">QurbanSehat2025</span>\"
      \"<span class=sf-dump-key>des_disclaimer</span>\" => \"<span class=sf-dump-str title=\"660 characters\">Program Qurban Sehat untuk Hidangan di Hari Raya dikelola langsung oleh Kilau Indonesia&lt;/b&gt;. Seluruh donasi yang masuk akan digunakan sesuai dengan tujuan program, yaitu penyaluran daging qurban kepada anak-anak binaan dan keluarga prasejahtera di wilayah Indramayu, Sumedang, Majalengka, dan Bandung.&lt;/p&gt;&lt;p style=&quot;text-align: justify;&quot;&gt;&lt;b&gt;KILAU tidak memungut biaya tambahan apa pun dari donatur&lt;/b&gt;. Pastikan Anda berdonasi hanya melalui rekening dan kontak resmi Kilau Indonesia. &lt;i&gt;Waspadai pihak yang mengatasnamakan program ini untuk kepentingan pribadi&lt;/i&gt;.&lt;/p&gt;&lt;p style=&quot;text-align: justify;&quot;&gt;Terima kasih atas kepercayaan dan dukungan Sahabat Baik.&lt;/p&gt;</span>\"
      \"<span class=sf-dump-key>gambar</span>\" => \"<span class=sf-dump-str title=\"5 characters\">5.jpg</span>\"
      \"<span class=sf-dump-key>rincian</span>\" => <span class=sf-dump-const>null</span>
      \"<span class=sf-dump-key>rincian_dana</span>\" => <span class=sf-dump-const>null</span>
      \"<span class=sf-dump-key>dana</span>\" => <span class=sf-dump-const>null</span>
      \"<span class=sf-dump-key>keterangan_dokumen</span>\" => <span class=sf-dump-const>null</span>
      \"<span class=sf-dump-key>artikel</span>\" => \"\"\"
        <span class=sf-dump-str title=\"1996 characters\">&lt;!DOCTYPE html PUBLIC &quot;-//W3C//DTD HTML 4.0 Transitional//EN&quot; &quot;http://www.w3.org/TR/REC-html40/loose.dtd&quot;&gt;<span class=\"sf-dump-default sf-dump-ns\">\\n</span></span>
        <span class=sf-dump-str title=\"1996 characters\">&lt;html&gt;&lt;body&gt;&lt;p style=&quot;text-align: justify;&quot;&gt;Tahun ini, &lt;b&gt;KILAU siap bagiin 743 potong &lt;a href=&quot;https://home.kilauindonesia.org/berita/Qurban-Sehat-untuk-Hidangan-di-Hari-Raya,-KILAU-Siap-Bagi-Daging-Lagi&quot; target=&quot;_blank&quot;&gt;daging qurban&lt;/a&gt; buat anak-anak hebat &lt;/b&gt;dari keluarga prasejahtera yang jadi &lt;a href=&quot;https://home.kilauindonesia.org/?modal=14&quot; target=&quot;_blank&quot;&gt;peserta bimbel gratis&lt;/a&gt; di Indramayu, Sumedang, Majalengka, dan Bandung.&lt;/p&gt;&lt;p style=&quot;text-align: justify;&quot;&gt;Lewat program Qurban Sehat untuk Hidangan di Hari Raya, kita gak cuma pengen mereka senang di hari besar, tapi juga dapet asupan gizi bergizi yang selama ini sering terlewat.&lt;/p&gt;&lt;p style=&quot;text-align: justify;&quot;&gt;&lt;b&gt;Nah, Sahabat bisa ikut bantu dengan dua cara&lt;/b&gt;:&lt;/p&gt;&lt;p style=&quot;text-align: justify;&quot;&gt;Berbagi Kambing mulai dari Rp3.500.000&lt;/p&gt;&lt;p style=&quot;text-align: justify;&quot;&gt;Sedekah Daging cukup Rp100.000 untuk satu paket bergizi&lt;/p&gt;&lt;p style=&quot;text-align: justify;&quot;&gt;&lt;b&gt;Gak harus besar kok&lt;/b&gt;. Yang penting ikhlas dan bareng-bareng. Karena kalau digabung, bantuan kecil dari kita bisa jadi harapan besar buat mereka.<span class=\"sf-dump-default sf-dump-ns\">\\r\\n</span></span>
        <span class=sf-dump-str title=\"1996 characters\">&lt;/p&gt;&lt;p style=&quot;text-align: justify;&quot;&gt;&lt;b&gt;Kenapa Ini Penting?<span class=\"sf-dump-default sf-dump-ns\">\\r\\n</span></span>
        <span class=sf-dump-str title=\"1996 characters\">&lt;/b&gt;&lt;/p&gt;&lt;p style=&quot;text-align: justify;&quot;&gt;Nambahin gizi anak-anak yang lagi tumbuh<span class=\"sf-dump-default sf-dump-ns\">\\r\\n</span></span>
        <span class=sf-dump-str title=\"1996 characters\">&lt;/p&gt;&lt;p style=&quot;text-align: justify;&quot;&gt;Kurangin kesenjangan pangan<span class=\"sf-dump-default sf-dump-ns\">\\r\\n</span></span>
        <span class=sf-dump-str title=\"1996 characters\">&lt;/p&gt;&lt;p style=&quot;text-align: justify;&quot;&gt;Tanamin semangat berbagi ke lebih banyak orang<span class=\"sf-dump-default sf-dump-ns\">\\r\\n</span></span>
        <span class=sf-dump-str title=\"1996 characters\">&lt;/p&gt;&lt;p style=&quot;text-align: justify;&quot;&gt;&lt;b style=&quot;font-style: italic;&quot;&gt;Kami percaya makanan bergizi bukan kemewahan, tapi hak. Dan kamu bisa bantu wujudkan itu&lt;/b&gt;. Selengkapnya, &lt;b&gt;KLIK&lt;/b&gt; &lt;a href=&quot;https://home.kilauindonesia.org/berita/Qurban-Sehat-untuk-Hidangan-di-Hari-Raya,-KILAU-Siap-Bagi-Daging-Lagi&quot; target=&quot;_blank&quot;&gt;Berbagi Qurban Sehat&lt;/a&gt;.&lt;br&gt;&lt;/p&gt;&lt;p&gt;<span class=\"sf-dump-default sf-dump-ns\">\\r\\n</span></span>
        <span class=sf-dump-str title=\"1996 characters\">&lt;/p&gt;&lt;p&gt;<span class=\"sf-dump-default sf-dump-ns\">\\r\\n</span></span>
        <span class=sf-dump-str title=\"1996 characters\">&lt;/p&gt;&lt;p&gt;<span class=\"sf-dump-default sf-dump-ns\">\\r\\n</span></span>
        <span class=sf-dump-str title=\"1996 characters\">&lt;/p&gt;&lt;p&gt;<span class=\"sf-dump-default sf-dump-ns\">\\r\\n</span></span>
        <span class=sf-dump-str title=\"1996 characters\">&lt;/p&gt;&lt;p&gt;<span class=\"sf-dump-default sf-dump-ns\">\\r\\n</span></span>
        <span class=sf-dump-str title=\"1996 characters\">&lt;/p&gt;&lt;p&gt;<span class=\"sf-dump-default sf-dump-ns\">\\r\\n</span></span>
        <span class=sf-dump-str title=\"1996 characters\">&lt;/p&gt;&lt;p&gt;<span class=\"sf-dump-default sf-dump-ns\">\\r\\n</span></span>
        <span class=sf-dump-str title=\"1996 characters\">&lt;/p&gt;&lt;p&gt;<span class=\"sf-dump-default sf-dump-ns\">\\r\\n</span></span>
        <span class=sf-dump-str title=\"1996 characters\">&lt;/p&gt;&lt;p&gt;<span class=\"sf-dump-default sf-dump-ns\">\\r\\n</span></span>
        <span class=sf-dump-str title=\"1996 characters\">&lt;/p&gt;&lt;p&gt;<span class=\"sf-dump-default sf-dump-ns\">\\r\\n</span></span>
        <span class=sf-dump-str title=\"1996 characters\">&lt;/p&gt;&lt;p&gt;<span class=\"sf-dump-default sf-dump-ns\">\\r\\n</span></span>
        <span class=sf-dump-str title=\"1996 characters\">&lt;/p&gt;&lt;p&gt;<span class=\"sf-dump-default sf-dump-ns\">\\r\\n</span></span>
        <span class=sf-dump-str title=\"1996 characters\">&lt;/p&gt;&lt;p&gt;<span class=\"sf-dump-default sf-dump-ns\">\\r\\n</span></span>
        <span class=sf-dump-str title=\"1996 characters\">&lt;/p&gt;&lt;p&gt;<span class=\"sf-dump-default sf-dump-ns\">\\r\\n</span></span>
        <span class=sf-dump-str title=\"1996 characters\">&lt;/p&gt;&lt;p&gt;&lt;/p&gt;&lt;/body&gt;&lt;/html&gt;<span class=\"sf-dump-default sf-dump-ns\">\\n</span></span>
        \"\"\"
      \"<span class=sf-dump-key>alamat</span>\" => \"<span class=sf-dump-str title=\"29 characters\">Jl. Sudirman No.62 Lemahabang</span>\"
      \"<span class=sf-dump-key>status</span>\" => <span class=sf-dump-num>1</span>
      \"<span class=sf-dump-key>campaign</span>\" => <span class=sf-dump-const>null</span>
      \"<span class=sf-dump-key>unggulan</span>\" => <span class=sf-dump-const>null</span>
      \"<span class=sf-dump-key>tanggal_acc</span>\" => <span class=sf-dump-const>null</span>
      \"<span class=sf-dump-key>created_at</span>\" => \"<span class=sf-dump-str title=\"27 characters\">2025-05-05T04:00:07.000000Z</span>\"
      \"<span class=sf-dump-key>updated_at</span>\" => \"<span class=sf-dump-str title=\"27 characters\">2025-11-13T08:16:29.000000Z</span>\"
      \"<span class=sf-dump-key>url_link</span>\" => \"<span class=sf-dump-str title=\"50 characters\">https://berbagibahagia.org/program/QurbanSehat2025</span>\"
      \"<span class=sf-dump-key>url_image</span>\" => \"<span class=sf-dump-str title=\"45 characters\">https://berbagibahagia.org/gambarUpload/5.jpg</span>\"
    </samp>]
    <span class=sf-dump-index>3</span> => <span class=sf-dump-note>array:33</span> [<samp data-depth=3 class=sf-dump-compact>
      \"<span class=sf-dump-key>id_konten</span>\" => <span class=sf-dump-num>208</span>
      \"<span class=sf-dump-key>title</span>\" => \"<span class=sf-dump-str title=\"48 characters\">Pejuang Kecil yang Hanya Bisa Terbaring di Kasur</span>\"
      \"<span class=sf-dump-key>kategori</span>\" => \"<span class=sf-dump-str title=\"14 characters\">berbagibahagia</span>\"
      \"<span class=sf-dump-key>nama_kota</span>\" => \"<span class=sf-dump-str title=\"9 characters\">Indramayu</span>\"
      \"<span class=sf-dump-key>id_category</span>\" => \"<span class=sf-dump-str title=\"10 characters\">Open Goals</span>\"
      \"<span class=sf-dump-key>id_users</span>\" => \"<span class=sf-dump-str>2</span>\"
      \"<span class=sf-dump-key>user</span>\" => <span class=sf-dump-note>array:2</span> [ &#8230;2]
      \"<span class=sf-dump-key>id</span>\" => <span class=sf-dump-num>12</span>
      \"<span class=sf-dump-key>id_disclaimer</span>\" => <span class=sf-dump-const>null</span>
      \"<span class=sf-dump-key>id_camutama</span>\" => <span class=sf-dump-const>null</span>
      \"<span class=sf-dump-key>cam_utama</span>\" => <span class=sf-dump-num>1</span>
      \"<span class=sf-dump-key>dana_iklan</span>\" => <span class=sf-dump-num>0</span>
      \"<span class=sf-dump-key>terkumpul</span>\" => <span class=sf-dump-num>1954</span>
      \"<span class=sf-dump-key>terkumpul_fnd</span>\" => <span class=sf-dump-num>0</span>
      \"<span class=sf-dump-key>terkumpul_clb</span>\" => <span class=sf-dump-const>null</span>
      \"<span class=sf-dump-key>end_date</span>\" => \"<span class=sf-dump-str title=\"10 characters\">2025-02-28</span>\"
      \"<span class=sf-dump-key>deskripsi</span>\" => \"<span class=sf-dump-str title=\"16 characters\">BantuSitiRohimah</span>\"
      \"<span class=sf-dump-key>des_disclaimer</span>\" => \"<span class=sf-dump-str title=\"1009 characters\">&lt;p style=&quot;text-align: justify;&quot;&gt;&#128204; &lt;b&gt;Disclaimer Penggunaan Donasi&lt;/b&gt;&lt;/p&gt;&lt;p style=&quot;text-align: justify;&quot;&gt;Donasi yang Anda berikan untuk Siti Rohimah akan sepenuhnya digunakan untuk mendukung pengobatan, terapi, dan kebutuhan medisnya. Kami berkomitmen untuk memastikan bahwa setiap bantuan yang diterima dikelola dengan transparan dan tepat sasaran.&lt;/p&gt;&lt;p style=&quot;text-align: justify;&quot;&gt;&lt;i&gt;Namun, apabila dalam proses pendampingan terjadi kondisi seperti:&lt;/i&gt;&lt;/p&gt;&lt;p style=&quot;text-align: justify;&quot;&gt;&#128313; Pasien telah berpulang sebelum seluruh donasi disalurkan, atau&lt;/p&gt;&lt;p style=&quot;text-align: justify;&quot;&gt;&#128313; Keluarga pasien memutuskan untuk menghentikan pendampingan,&lt;/p&gt;&lt;p style=&quot;text-align: justify;&quot;&gt;Maka sisa donasi yang terkumpul akan dialihkan kepada pasien lain yang tentunya membutuhkan bantuan serupa.&lt;/p&gt;&lt;p style=&quot;text-align: justify;&quot;&gt;Kami mengutamakan akuntabilitas dalam setiap donasi yang dipercayakan kepada kami. Terima kasih atas kepercayaan dan kepedulian Anda dalam membantu mereka yang membutuhkan.&lt;/p&gt;</span>\"
      \"<span class=sf-dump-key>gambar</span>\" => \"<span class=sf-dump-str title=\"17 characters\">18-2-2025 (4).jpg</span>\"
      \"<span class=sf-dump-key>rincian</span>\" => <span class=sf-dump-const>null</span>
      \"<span class=sf-dump-key>rincian_dana</span>\" => <span class=sf-dump-const>null</span>
      \"<span class=sf-dump-key>dana</span>\" => <span class=sf-dump-const>null</span>
      \"<span class=sf-dump-key>keterangan_dokumen</span>\" => <span class=sf-dump-const>null</span>
      \"<span class=sf-dump-key>artikel</span>\" => \"\"\"
        <span class=sf-dump-str title=\"1673 characters\">&lt;!DOCTYPE html PUBLIC &quot;-//W3C//DTD HTML 4.0 Transitional//EN&quot; &quot;http://www.w3.org/TR/REC-html40/loose.dtd&quot;&gt;<span class=\"sf-dump-default sf-dump-ns\">\\n</span></span>
        <span class=sf-dump-str title=\"1673 characters\">&lt;html&gt;&lt;body&gt;&lt;p style=&quot;text-align: justify;&quot;&gt;Di sebuah rumah sederhana di Desa Bongas, Indramayu, seorang &lt;b&gt;anak kecil bernama Siti Rohimah (9 tahun)&lt;/b&gt; hanya bisa terbaring lemas di atas kasurnya. Ia adalah putri kedua dari tiga bersaudara, &lt;b&gt;anak dari seorang ayah yang bekerja sebagai marbot mushola setempat&lt;/b&gt;.&lt;/p&gt;&lt;p style=&quot;text-align: justify;&quot;&gt;Sejak berumur 1 tahun, hidup Siti berubah drastis. Setelah mengalami demam tinggi, tubuhnya kehilangan kekuatan. &lt;b&gt;Hingga kini, Siti belum bisa duduk&lt;/b&gt;, menegakkan kepala, bahkan sekadar bermain seperti anak-anak seusianya. &lt;b&gt;Ia mengalami Cerebral Palsy&lt;/b&gt;, gangguan yang membuatnya kesulitan mengontrol gerak tubuhnya.&lt;/p&gt;&lt;p style=&quot;text-align: justify;&quot;&gt;Meski tak bisa mengungkapkan rasa sakitnya dengan kata-kata, matanya menyiratkan harapan untuk bisa mendapat pengobatan yang lebih baik, terapi rutin, dan perawatan yang layak. &lt;b&gt;Namun, kondisi ekonomi keluarga membuat semuanya terasa begitu sulit&lt;/b&gt;.&lt;/p&gt;&lt;p style=&quot;text-align: justify;&quot;&gt;Hari ini, kita bisa hadir sebagai bagian dari perjuangan Siti. Setiap donasi yang Anda berikan adalah secercah harapan bagi Siti agar ia bisa mendapatkan terapi, perawatan medis, dan alat bantu yang dibutuhkannya.&lt;/p&gt;&lt;p style=&quot;text-align: justify;&quot;&gt;Mari bersama-sama bantu Siti agar ia tak lagi hanya terbaring tanpa daya. Sedekah terbaik Anda bisa menjadi jalan bagi Siti untuk mendapatkan kesempatan hidup yang lebih baik.&lt;/p&gt;&lt;p style=&quot;text-align: justify;&quot;&gt;&amp;#129330; &lt;b&gt;Klik tombol DONASI SEKARANG &lt;/b&gt;dan bantu Siti melawan keterbatasannya!&lt;/p&gt;&lt;/body&gt;&lt;/html&gt;<span class=\"sf-dump-default sf-dump-ns\">\\n</span></span>
        \"\"\"
      \"<span class=sf-dump-key>alamat</span>\" => \"<span class=sf-dump-str title=\"6 characters\">Bongas</span>\"
      \"<span class=sf-dump-key>status</span>\" => <span class=sf-dump-num>1</span>
      \"<span class=sf-dump-key>campaign</span>\" => <span class=sf-dump-const>null</span>
      \"<span class=sf-dump-key>unggulan</span>\" => <span class=sf-dump-num>1</span>
      \"<span class=sf-dump-key>tanggal_acc</span>\" => <span class=sf-dump-const>null</span>
      \"<span class=sf-dump-key>created_at</span>\" => \"<span class=sf-dump-str title=\"27 characters\">2025-02-18T04:01:51.000000Z</span>\"
      \"<span class=sf-dump-key>updated_at</span>\" => \"<span class=sf-dump-str title=\"27 characters\">2025-02-18T04:23:45.000000Z</span>\"
      \"<span class=sf-dump-key>url_link</span>\" => \"<span class=sf-dump-str title=\"51 characters\">https://berbagibahagia.org/program/BantuSitiRohimah</span>\"
      \"<span class=sf-dump-key>url_image</span>\" => \"<span class=sf-dump-str title=\"63 characters\">https://berbagibahagia.org/gambarUpload/18-2-2025%20%284%29.jpg</span>\"
    </samp>]
    <span class=sf-dump-index>4</span> => <span class=sf-dump-note>array:33</span> [<samp data-depth=3 class=sf-dump-compact>
      \"<span class=sf-dump-key>id_konten</span>\" => <span class=sf-dump-num>207</span>
      \"<span class=sf-dump-key>title</span>\" => \"<span class=sf-dump-str title=\"42 characters\">Aken, Pejuang Kecil yang Hanya Ingin Sehat</span>\"
      \"<span class=sf-dump-key>kategori</span>\" => \"<span class=sf-dump-str title=\"14 characters\">berbagibahagia</span>\"
      \"<span class=sf-dump-key>nama_kota</span>\" => \"<span class=sf-dump-str title=\"10 characters\">Majalengka</span>\"
      \"<span class=sf-dump-key>id_category</span>\" => \"<span class=sf-dump-str title=\"10 characters\">Open Goals</span>\"
      \"<span class=sf-dump-key>id_users</span>\" => \"<span class=sf-dump-str>2</span>\"
      \"<span class=sf-dump-key>user</span>\" => <span class=sf-dump-note>array:2</span> [ &#8230;2]
      \"<span class=sf-dump-key>id</span>\" => <span class=sf-dump-num>12</span>
      \"<span class=sf-dump-key>id_disclaimer</span>\" => <span class=sf-dump-const>null</span>
      \"<span class=sf-dump-key>id_camutama</span>\" => <span class=sf-dump-const>null</span>
      \"<span class=sf-dump-key>cam_utama</span>\" => <span class=sf-dump-num>0</span>
      \"<span class=sf-dump-key>dana_iklan</span>\" => <span class=sf-dump-num>0</span>
      \"<span class=sf-dump-key>terkumpul</span>\" => <span class=sf-dump-const>null</span>
      \"<span class=sf-dump-key>terkumpul_fnd</span>\" => <span class=sf-dump-num>0</span>
      \"<span class=sf-dump-key>terkumpul_clb</span>\" => <span class=sf-dump-const>null</span>
      \"<span class=sf-dump-key>end_date</span>\" => \"<span class=sf-dump-str title=\"10 characters\">2024-12-31</span>\"
      \"<span class=sf-dump-key>deskripsi</span>\" => \"<span class=sf-dump-str title=\"36 characters\">Aken,PejuangKecilyangHanyaInginSehat</span>\"
      \"<span class=sf-dump-key>des_disclaimer</span>\" => <span class=sf-dump-const>null</span>
      \"<span class=sf-dump-key>gambar</span>\" => \"<span class=sf-dump-str title=\"18 characters\">Pasien Shakeel.jpg</span>\"
      \"<span class=sf-dump-key>rincian</span>\" => <span class=sf-dump-const>null</span>
      \"<span class=sf-dump-key>rincian_dana</span>\" => <span class=sf-dump-const>null</span>
      \"<span class=sf-dump-key>dana</span>\" => <span class=sf-dump-const>null</span>
      \"<span class=sf-dump-key>keterangan_dokumen</span>\" => <span class=sf-dump-const>null</span>
      \"<span class=sf-dump-key>artikel</span>\" => \"\"\"
        <span class=sf-dump-str title=\"1949 characters\">&lt;!DOCTYPE html PUBLIC &quot;-//W3C//DTD HTML 4.0 Transitional//EN&quot; &quot;http://www.w3.org/TR/REC-html40/loose.dtd&quot;&gt;<span class=\"sf-dump-default sf-dump-ns\">\\n</span></span>
        <span class=sf-dump-str title=\"1949 characters\">&lt;html&gt;&lt;body&gt;&lt;p&gt;Aken, Pejuang Kecil yang Hanya Ingin Sehat<span class=\"sf-dump-default sf-dump-ns\">\\r\\n</span></span>
        <span class=sf-dump-str title=\"1949 characters\">&lt;/p&gt;&lt;p&gt;Bayangkan jadi Aken, anak 4 tahun dari Majalengka yang belum mengerti apa-apa tentang hidup, tapi harus melawan sakit Epilepsi dan kerusakan saraf otak sejak usianya 11 bulan. Setiap hari, tubuh mungilnya menghadapi perjuangan yang begitu berat, sesuatu yang bahkan orang dewasa pun sulit melaluinya.<span class=\"sf-dump-default sf-dump-ns\">\\r\\n</span></span>
        <span class=sf-dump-str title=\"1949 characters\">&lt;/p&gt;&lt;p&gt;Aken sering bertanya-tanya dalam diam, kenapa tubuhnya tidak bisa seperti anak-anak lain? Kenapa ia harus bolak-balik ke rumah sakit setiap minggu, menempuh perjalanan jauh ke Cirebon dengan biaya yang terasa berat bagi keluarganya?<span class=\"sf-dump-default sf-dump-ns\">\\r\\n</span></span>
        <span class=sf-dump-str title=\"1949 characters\">&lt;/p&gt;&lt;p&gt;Di rumah, saat kedua orang tuanya bekerja sebagai buruh pabrik, Aken hanya bisa pasrah dititipkan ke bibinya. Ia tak tahu bahwa kursi roda yang ia gunakan adalah hasil cicilan yang menyita penghasilan keluarganya. Ia juga tak paham bahwa setiap sendok makanan khusus yang ia butuhkan adalah hasil kerja keras tak kenal lelah dari orang tuanya yang selalu berharap, &amp;ldquo;Semoga Aken bisa sembuh.&amp;rdquo;<span class=\"sf-dump-default sf-dump-ns\">\\r\\n</span></span>
        <span class=sf-dump-str title=\"1949 characters\">&lt;/p&gt;&lt;p&gt;Aken hanya ingin satu hal: sehat. Ia ingin berhenti merasa sakit, ingin bermain seperti anak-anak lain, ingin melihat senyum lega di wajah kedua orang tuanya. Tapi perjuangan Aken dan keluarganya terlalu berat jika hanya dilakukan sendiri.<span class=\"sf-dump-default sf-dump-ns\">\\r\\n</span></span>
        <span class=sf-dump-str title=\"1949 characters\">&lt;/p&gt;&lt;p&gt;Teman-teman, kita bisa jadi bagian dari perjuangan ini. Setiap bantuan yang kita berikan, sekecil apa pun, adalah harapan besar untuk Aken agar ia bisa melanjutkan terapi, memenuhi kebutuhan nutrisinya, dan mendapatkan hidup yang lebih baik.<span class=\"sf-dump-default sf-dump-ns\">\\r\\n</span></span>
        <span class=sf-dump-str title=\"1949 characters\">&lt;/p&gt;&lt;p&gt;Yuk, bantu Aken berjuang untuk kembali tersenyum!<span class=\"sf-dump-default sf-dump-ns\">\\r\\n</span></span>
        <span class=sf-dump-str title=\"1949 characters\">&lt;/p&gt;&lt;p&gt;Klik untuk berdonasi atau sebarkan cerita ini ke orang-orang terdekatmu. Bersama, kita bisa memberikan harapan baru bagi Aken.<span class=\"sf-dump-default sf-dump-ns\">\\r\\n</span></span>
        <span class=sf-dump-str title=\"1949 characters\">&lt;/p&gt;&lt;p&gt;Karena setiap anak, seperti Aken, berhak untuk sehat dan bahagia. &amp;#10084;&amp;#65039;<span class=\"sf-dump-default sf-dump-ns\">\\r\\n</span></span>
        <span class=sf-dump-str title=\"1949 characters\">&lt;/p&gt;&lt;p&gt;&lt;br&gt;&lt;/p&gt;&lt;p&gt;<span class=\"sf-dump-default sf-dump-ns\">\\r\\n</span></span>
        <span class=sf-dump-str title=\"1949 characters\">&lt;/p&gt;&lt;/body&gt;&lt;/html&gt;<span class=\"sf-dump-default sf-dump-ns\">\\n</span></span>
        \"\"\"
      \"<span class=sf-dump-key>alamat</span>\" => \"<span class=sf-dump-str title=\"10 characters\">Majalengka</span>\"
      \"<span class=sf-dump-key>status</span>\" => <span class=sf-dump-num>1</span>
      \"<span class=sf-dump-key>campaign</span>\" => <span class=sf-dump-const>null</span>
      \"<span class=sf-dump-key>unggulan</span>\" => <span class=sf-dump-num>1</span>
      \"<span class=sf-dump-key>tanggal_acc</span>\" => <span class=sf-dump-const>null</span>
      \"<span class=sf-dump-key>created_at</span>\" => \"<span class=sf-dump-str title=\"27 characters\">2024-12-24T08:54:10.000000Z</span>\"
      \"<span class=sf-dump-key>updated_at</span>\" => \"<span class=sf-dump-str title=\"27 characters\">2025-01-08T09:41:59.000000Z</span>\"
      \"<span class=sf-dump-key>url_link</span>\" => \"<span class=sf-dump-str title=\"73 characters\">https://berbagibahagia.org/program/Aken%2CPejuangKecilyangHanyaInginSehat</span>\"
      \"<span class=sf-dump-key>url_image</span>\" => \"<span class=sf-dump-str title=\"60 characters\">https://berbagibahagia.org/gambarUpload/Pasien%20Shakeel.jpg</span>\"
    </samp>]
  </samp>]
  #<span class=sf-dump-protected title=\"Protected property\">escapeWhenCastingToString</span>: <span class=sf-dump-const>false</span>
</samp>}
</pre><script>Sfdump(\"sf-dump-37701716\", {\"maxDepth\":3,\"maxStringLength\":160})</script>
","timelineMenu":"<pre class=sf-dump id=sf-dump-1261603529 data-indent-pad=\"  \"><span class=sf-dump-note>App\\Models\\SettingsMenu</span> {<a class=sf-dump-ref>#665</a><samp data-depth=1 class=sf-dump-expanded>
  #<span class=sf-dump-protected title=\"Protected property\">connection</span>: \"<span class=sf-dump-str title=\"5 characters\">mysql</span>\"
  #<span class=sf-dump-protected title=\"Protected property\">table</span>: \"<span class=sf-dump-str title=\"13 characters\">settings_menu</span>\"
  #<span class=sf-dump-protected title=\"Protected property\">primaryKey</span>: \"<span class=sf-dump-str title=\"2 characters\">id</span>\"
  #<span class=sf-dump-protected title=\"Protected property\">keyType</span>: \"<span class=sf-dump-str title=\"3 characters\">int</span>\"
  +<span class=sf-dump-public title=\"Public property\">incrementing</span>: <span class=sf-dump-const>true</span>
  #<span class=sf-dump-protected title=\"Protected property\">with</span>: []
  #<span class=sf-dump-protected title=\"Protected property\">withCount</span>: []
  +<span class=sf-dump-public title=\"Public property\">preventsLazyLoading</span>: <span class=sf-dump-const>false</span>
  #<span class=sf-dump-protected title=\"Protected property\">perPage</span>: <span class=sf-dump-num>15</span>
  +<span class=sf-dump-public title=\"Public property\">exists</span>: <span class=sf-dump-const>true</span>
  +<span class=sf-dump-public title=\"Public property\">wasRecentlyCreated</span>: <span class=sf-dump-const>false</span>
  #<span class=sf-dump-protected title=\"Protected property\">escapeWhenCastingToString</span>: <span class=sf-dump-const>false</span>
  #<span class=sf-dump-protected title=\"Protected property\">attributes</span>: <span class=sf-dump-note>array:6</span> [<samp data-depth=2 class=sf-dump-compact>
    \"<span class=sf-dump-key>id</span>\" => <span class=sf-dump-num>14</span>
    \"<span class=sf-dump-key>judul</span>\" => \"<span class=sf-dump-str title=\"26 characters\">Perjalanan Kilau Indonesia</span>\"
    \"<span class=sf-dump-key>subjudul</span>\" => \"<span class=sf-dump-str title=\"102 characters\">Menggali Setiap Langkah yang Telah Membentuk Kami Menjadi Lebih Baik dalam Mewujudkan Misi Sosial Kami</span>\"
    \"<span class=sf-dump-key>created_at</span>\" => \"<span class=sf-dump-str title=\"19 characters\">2025-02-13 04:47:09</span>\"
    \"<span class=sf-dump-key>updated_at</span>\" => \"<span class=sf-dump-str title=\"19 characters\">2025-02-20 16:01:22</span>\"
    \"<span class=sf-dump-key>status</span>\" => \"<span class=sf-dump-str>1</span>\"
  </samp>]
  #<span class=sf-dump-protected title=\"Protected property\">original</span>: <span class=sf-dump-note>array:6</span> [<samp data-depth=2 class=sf-dump-compact>
    \"<span class=sf-dump-key>id</span>\" => <span class=sf-dump-num>14</span>
    \"<span class=sf-dump-key>judul</span>\" => \"<span class=sf-dump-str title=\"26 characters\">Perjalanan Kilau Indonesia</span>\"
    \"<span class=sf-dump-key>subjudul</span>\" => \"<span class=sf-dump-str title=\"102 characters\">Menggali Setiap Langkah yang Telah Membentuk Kami Menjadi Lebih Baik dalam Mewujudkan Misi Sosial Kami</span>\"
    \"<span class=sf-dump-key>created_at</span>\" => \"<span class=sf-dump-str title=\"19 characters\">2025-02-13 04:47:09</span>\"
    \"<span class=sf-dump-key>updated_at</span>\" => \"<span class=sf-dump-str title=\"19 characters\">2025-02-20 16:01:22</span>\"
    \"<span class=sf-dump-key>status</span>\" => \"<span class=sf-dump-str>1</span>\"
  </samp>]
  #<span class=sf-dump-protected title=\"Protected property\">changes</span>: []
  #<span class=sf-dump-protected title=\"Protected property\">casts</span>: []
  #<span class=sf-dump-protected title=\"Protected property\">classCastCache</span>: []
  #<span class=sf-dump-protected title=\"Protected property\">attributeCastCache</span>: []
  #<span class=sf-dump-protected title=\"Protected property\">dateFormat</span>: <span class=sf-dump-const>null</span>
  #<span class=sf-dump-protected title=\"Protected property\">appends</span>: []
  #<span class=sf-dump-protected title=\"Protected property\">dispatchesEvents</span>: []
  #<span class=sf-dump-protected title=\"Protected property\">observables</span>: []
  #<span class=sf-dump-protected title=\"Protected property\">relations</span>: []
  #<span class=sf-dump-protected title=\"Protected property\">touches</span>: []
  +<span class=sf-dump-public title=\"Public property\">timestamps</span>: <span class=sf-dump-const>true</span>
  +<span class=sf-dump-public title=\"Public property\">usesUniqueIds</span>: <span class=sf-dump-const>false</span>
  #<span class=sf-dump-protected title=\"Protected property\">hidden</span>: []
  #<span class=sf-dump-protected title=\"Protected property\">visible</span>: []
  #<span class=sf-dump-protected title=\"Protected property\">fillable</span>: <span class=sf-dump-note>array:3</span> [<samp data-depth=2 class=sf-dump-compact>
    <span class=sf-dump-index>0</span> => \"<span class=sf-dump-str title=\"5 characters\">judul</span>\"
    <span class=sf-dump-index>1</span> => \"<span class=sf-dump-str title=\"8 characters\">subjudul</span>\"
    <span class=sf-dump-index>2</span> => \"<span class=sf-dump-str title=\"6 characters\">status</span>\"
  </samp>]
  #<span class=sf-dump-protected title=\"Protected property\">guarded</span>: <span class=sf-dump-note>array:1</span> [<samp data-depth=2 class=sf-dump-compact>
    <span class=sf-dump-index>0</span> => \"<span class=sf-dump-str>*</span>\"
  </samp>]
</samp>}
</pre><script>Sfdump(\"sf-dump-1261603529\", {\"maxDepth\":3,\"maxStringLength\":160})</script>
","timelins":"<pre class=sf-dump id=sf-dump-1701394944 data-indent-pad=\"  \"><span class=sf-dump-note>Illuminate\\Database\\Eloquent\\Collection</span> {<a class=sf-dump-ref>#647</a><samp data-depth=1 class=sf-dump-expanded>
  #<span class=sf-dump-protected title=\"Protected property\">items</span>: <span class=sf-dump-note>array:5</span> [<samp data-depth=2 class=sf-dump-compact>
    <span class=sf-dump-index>0</span> => <span class=sf-dump-note title=\"App\\Models\\TimlineKilau
\"><span class=\"sf-dump-ellipsis sf-dump-ellipsis-note\">App\\Models</span><span class=\"sf-dump-ellipsis sf-dump-ellipsis-note\">\\</span>TimlineKilau</span> {<a class=sf-dump-ref>#646</a><samp data-depth=3 class=sf-dump-compact>
      #<span class=sf-dump-protected title=\"Protected property\">connection</span>: \"<span class=sf-dump-str title=\"5 characters\">mysql</span>\"
      #<span class=sf-dump-protected title=\"Protected property\">table</span>: \"<span class=sf-dump-str title=\"13 characters\">timline_kilau</span>\"
      #<span class=sf-dump-protected title=\"Protected property\">primaryKey</span>: \"<span class=sf-dump-str title=\"2 characters\">id</span>\"
      #<span class=sf-dump-protected title=\"Protected property\">keyType</span>: \"<span class=sf-dump-str title=\"3 characters\">int</span>\"
      +<span class=sf-dump-public title=\"Public property\">incrementing</span>: <span class=sf-dump-const>true</span>
      #<span class=sf-dump-protected title=\"Protected property\">with</span>: []
      #<span class=sf-dump-protected title=\"Protected property\">withCount</span>: []
      +<span class=sf-dump-public title=\"Public property\">preventsLazyLoading</span>: <span class=sf-dump-const>false</span>
      #<span class=sf-dump-protected title=\"Protected property\">perPage</span>: <span class=sf-dump-num>15</span>
      +<span class=sf-dump-public title=\"Public property\">exists</span>: <span class=sf-dump-const>true</span>
      +<span class=sf-dump-public title=\"Public property\">wasRecentlyCreated</span>: <span class=sf-dump-const>false</span>
      #<span class=sf-dump-protected title=\"Protected property\">escapeWhenCastingToString</span>: <span class=sf-dump-const>false</span>
      #<span class=sf-dump-protected title=\"Protected property\">attributes</span>: <span class=sf-dump-note>array:9</span> [ &#8230;9]
      #<span class=sf-dump-protected title=\"Protected property\">original</span>: <span class=sf-dump-note>array:9</span> [ &#8230;9]
      #<span class=sf-dump-protected title=\"Protected property\">changes</span>: []
      #<span class=sf-dump-protected title=\"Protected property\">casts</span>: <span class=sf-dump-note>array:1</span> [ &#8230;1]
      #<span class=sf-dump-protected title=\"Protected property\">classCastCache</span>: []
      #<span class=sf-dump-protected title=\"Protected property\">attributeCastCache</span>: []
      #<span class=sf-dump-protected title=\"Protected property\">dateFormat</span>: <span class=sf-dump-const>null</span>
      #<span class=sf-dump-protected title=\"Protected property\">appends</span>: []
      #<span class=sf-dump-protected title=\"Protected property\">dispatchesEvents</span>: []
      #<span class=sf-dump-protected title=\"Protected property\">observables</span>: []
      #<span class=sf-dump-protected title=\"Protected property\">relations</span>: []
      #<span class=sf-dump-protected title=\"Protected property\">touches</span>: []
      +<span class=sf-dump-public title=\"Public property\">timestamps</span>: <span class=sf-dump-const>true</span>
      +<span class=sf-dump-public title=\"Public property\">usesUniqueIds</span>: <span class=sf-dump-const>false</span>
      #<span class=sf-dump-protected title=\"Protected property\">hidden</span>: []
      #<span class=sf-dump-protected title=\"Protected property\">visible</span>: []
      #<span class=sf-dump-protected title=\"Protected property\">fillable</span>: <span class=sf-dump-note>array:6</span> [ &#8230;6]
      #<span class=sf-dump-protected title=\"Protected property\">guarded</span>: <span class=sf-dump-note>array:1</span> [ &#8230;1]
    </samp>}
    <span class=sf-dump-index>1</span> => <span class=sf-dump-note title=\"App\\Models\\TimlineKilau
\"><span class=\"sf-dump-ellipsis sf-dump-ellipsis-note\">App\\Models</span><span class=\"sf-dump-ellipsis sf-dump-ellipsis-note\">\\</span>TimlineKilau</span> {<a class=sf-dump-ref>#675</a><samp data-depth=3 class=sf-dump-compact>
      #<span class=sf-dump-protected title=\"Protected property\">connection</span>: \"<span class=sf-dump-str title=\"5 characters\">mysql</span>\"
      #<span class=sf-dump-protected title=\"Protected property\">table</span>: \"<span class=sf-dump-str title=\"13 characters\">timline_kilau</span>\"
      #<span class=sf-dump-protected title=\"Protected property\">primaryKey</span>: \"<span class=sf-dump-str title=\"2 characters\">id</span>\"
      #<span class=sf-dump-protected title=\"Protected property\">keyType</span>: \"<span class=sf-dump-str title=\"3 characters\">int</span>\"
      +<span class=sf-dump-public title=\"Public property\">incrementing</span>: <span class=sf-dump-const>true</span>
      #<span class=sf-dump-protected title=\"Protected property\">with</span>: []
      #<span class=sf-dump-protected title=\"Protected property\">withCount</span>: []
      +<span class=sf-dump-public title=\"Public property\">preventsLazyLoading</span>: <span class=sf-dump-const>false</span>
      #<span class=sf-dump-protected title=\"Protected property\">perPage</span>: <span class=sf-dump-num>15</span>
      +<span class=sf-dump-public title=\"Public property\">exists</span>: <span class=sf-dump-const>true</span>
      +<span class=sf-dump-public title=\"Public property\">wasRecentlyCreated</span>: <span class=sf-dump-const>false</span>
      #<span class=sf-dump-protected title=\"Protected property\">escapeWhenCastingToString</span>: <span class=sf-dump-const>false</span>
      #<span class=sf-dump-protected title=\"Protected property\">attributes</span>: <span class=sf-dump-note>array:9</span> [ &#8230;9]
      #<span class=sf-dump-protected title=\"Protected property\">original</span>: <span class=sf-dump-note>array:9</span> [ &#8230;9]
      #<span class=sf-dump-protected title=\"Protected property\">changes</span>: []
      #<span class=sf-dump-protected title=\"Protected property\">casts</span>: <span class=sf-dump-note>array:1</span> [ &#8230;1]
      #<span class=sf-dump-protected title=\"Protected property\">classCastCache</span>: []
      #<span class=sf-dump-protected title=\"Protected property\">attributeCastCache</span>: []
      #<span class=sf-dump-protected title=\"Protected property\">dateFormat</span>: <span class=sf-dump-const>null</span>
      #<span class=sf-dump-protected title=\"Protected property\">appends</span>: []
      #<span class=sf-dump-protected title=\"Protected property\">dispatchesEvents</span>: []
      #<span class=sf-dump-protected title=\"Protected property\">observables</span>: []
      #<span class=sf-dump-protected title=\"Protected property\">relations</span>: []
      #<span class=sf-dump-protected title=\"Protected property\">touches</span>: []
      +<span class=sf-dump-public title=\"Public property\">timestamps</span>: <span class=sf-dump-const>true</span>
      +<span class=sf-dump-public title=\"Public property\">usesUniqueIds</span>: <span class=sf-dump-const>false</span>
      #<span class=sf-dump-protected title=\"Protected property\">hidden</span>: []
      #<span class=sf-dump-protected title=\"Protected property\">visible</span>: []
      #<span class=sf-dump-protected title=\"Protected property\">fillable</span>: <span class=sf-dump-note>array:6</span> [ &#8230;6]
      #<span class=sf-dump-protected title=\"Protected property\">guarded</span>: <span class=sf-dump-note>array:1</span> [ &#8230;1]
    </samp>}
    <span class=sf-dump-index>2</span> => <span class=sf-dump-note title=\"App\\Models\\TimlineKilau
\"><span class=\"sf-dump-ellipsis sf-dump-ellipsis-note\">App\\Models</span><span class=\"sf-dump-ellipsis sf-dump-ellipsis-note\">\\</span>TimlineKilau</span> {<a class=sf-dump-ref>#643</a><samp data-depth=3 class=sf-dump-compact>
      #<span class=sf-dump-protected title=\"Protected property\">connection</span>: \"<span class=sf-dump-str title=\"5 characters\">mysql</span>\"
      #<span class=sf-dump-protected title=\"Protected property\">table</span>: \"<span class=sf-dump-str title=\"13 characters\">timline_kilau</span>\"
      #<span class=sf-dump-protected title=\"Protected property\">primaryKey</span>: \"<span class=sf-dump-str title=\"2 characters\">id</span>\"
      #<span class=sf-dump-protected title=\"Protected property\">keyType</span>: \"<span class=sf-dump-str title=\"3 characters\">int</span>\"
      +<span class=sf-dump-public title=\"Public property\">incrementing</span>: <span class=sf-dump-const>true</span>
      #<span class=sf-dump-protected title=\"Protected property\">with</span>: []
      #<span class=sf-dump-protected title=\"Protected property\">withCount</span>: []
      +<span class=sf-dump-public title=\"Public property\">preventsLazyLoading</span>: <span class=sf-dump-const>false</span>
      #<span class=sf-dump-protected title=\"Protected property\">perPage</span>: <span class=sf-dump-num>15</span>
      +<span class=sf-dump-public title=\"Public property\">exists</span>: <span class=sf-dump-const>true</span>
      +<span class=sf-dump-public title=\"Public property\">wasRecentlyCreated</span>: <span class=sf-dump-const>false</span>
      #<span class=sf-dump-protected title=\"Protected property\">escapeWhenCastingToString</span>: <span class=sf-dump-const>false</span>
      #<span class=sf-dump-protected title=\"Protected property\">attributes</span>: <span class=sf-dump-note>array:9</span> [ &#8230;9]
      #<span class=sf-dump-protected title=\"Protected property\">original</span>: <span class=sf-dump-note>array:9</span> [ &#8230;9]
      #<span class=sf-dump-protected title=\"Protected property\">changes</span>: []
      #<span class=sf-dump-protected title=\"Protected property\">casts</span>: <span class=sf-dump-note>array:1</span> [ &#8230;1]
      #<span class=sf-dump-protected title=\"Protected property\">classCastCache</span>: []
      #<span class=sf-dump-protected title=\"Protected property\">attributeCastCache</span>: []
      #<span class=sf-dump-protected title=\"Protected property\">dateFormat</span>: <span class=sf-dump-const>null</span>
      #<span class=sf-dump-protected title=\"Protected property\">appends</span>: []
      #<span class=sf-dump-protected title=\"Protected property\">dispatchesEvents</span>: []
      #<span class=sf-dump-protected title=\"Protected property\">observables</span>: []
      #<span class=sf-dump-protected title=\"Protected property\">relations</span>: []
      #<span class=sf-dump-protected title=\"Protected property\">touches</span>: []
      +<span class=sf-dump-public title=\"Public property\">timestamps</span>: <span class=sf-dump-const>true</span>
      +<span class=sf-dump-public title=\"Public property\">usesUniqueIds</span>: <span class=sf-dump-const>false</span>
      #<span class=sf-dump-protected title=\"Protected property\">hidden</span>: []
      #<span class=sf-dump-protected title=\"Protected property\">visible</span>: []
      #<span class=sf-dump-protected title=\"Protected property\">fillable</span>: <span class=sf-dump-note>array:6</span> [ &#8230;6]
      #<span class=sf-dump-protected title=\"Protected property\">guarded</span>: <span class=sf-dump-note>array:1</span> [ &#8230;1]
    </samp>}
    <span class=sf-dump-index>3</span> => <span class=sf-dump-note title=\"App\\Models\\TimlineKilau
\"><span class=\"sf-dump-ellipsis sf-dump-ellipsis-note\">App\\Models</span><span class=\"sf-dump-ellipsis sf-dump-ellipsis-note\">\\</span>TimlineKilau</span> {<a class=sf-dump-ref>#644</a><samp data-depth=3 class=sf-dump-compact>
      #<span class=sf-dump-protected title=\"Protected property\">connection</span>: \"<span class=sf-dump-str title=\"5 characters\">mysql</span>\"
      #<span class=sf-dump-protected title=\"Protected property\">table</span>: \"<span class=sf-dump-str title=\"13 characters\">timline_kilau</span>\"
      #<span class=sf-dump-protected title=\"Protected property\">primaryKey</span>: \"<span class=sf-dump-str title=\"2 characters\">id</span>\"
      #<span class=sf-dump-protected title=\"Protected property\">keyType</span>: \"<span class=sf-dump-str title=\"3 characters\">int</span>\"
      +<span class=sf-dump-public title=\"Public property\">incrementing</span>: <span class=sf-dump-const>true</span>
      #<span class=sf-dump-protected title=\"Protected property\">with</span>: []
      #<span class=sf-dump-protected title=\"Protected property\">withCount</span>: []
      +<span class=sf-dump-public title=\"Public property\">preventsLazyLoading</span>: <span class=sf-dump-const>false</span>
      #<span class=sf-dump-protected title=\"Protected property\">perPage</span>: <span class=sf-dump-num>15</span>
      +<span class=sf-dump-public title=\"Public property\">exists</span>: <span class=sf-dump-const>true</span>
      +<span class=sf-dump-public title=\"Public property\">wasRecentlyCreated</span>: <span class=sf-dump-const>false</span>
      #<span class=sf-dump-protected title=\"Protected property\">escapeWhenCastingToString</span>: <span class=sf-dump-const>false</span>
      #<span class=sf-dump-protected title=\"Protected property\">attributes</span>: <span class=sf-dump-note>array:9</span> [ &#8230;9]
      #<span class=sf-dump-protected title=\"Protected property\">original</span>: <span class=sf-dump-note>array:9</span> [ &#8230;9]
      #<span class=sf-dump-protected title=\"Protected property\">changes</span>: []
      #<span class=sf-dump-protected title=\"Protected property\">casts</span>: <span class=sf-dump-note>array:1</span> [ &#8230;1]
      #<span class=sf-dump-protected title=\"Protected property\">classCastCache</span>: []
      #<span class=sf-dump-protected title=\"Protected property\">attributeCastCache</span>: []
      #<span class=sf-dump-protected title=\"Protected property\">dateFormat</span>: <span class=sf-dump-const>null</span>
      #<span class=sf-dump-protected title=\"Protected property\">appends</span>: []
      #<span class=sf-dump-protected title=\"Protected property\">dispatchesEvents</span>: []
      #<span class=sf-dump-protected title=\"Protected property\">observables</span>: []
      #<span class=sf-dump-protected title=\"Protected property\">relations</span>: []
      #<span class=sf-dump-protected title=\"Protected property\">touches</span>: []
      +<span class=sf-dump-public title=\"Public property\">timestamps</span>: <span class=sf-dump-const>true</span>
      +<span class=sf-dump-public title=\"Public property\">usesUniqueIds</span>: <span class=sf-dump-const>false</span>
      #<span class=sf-dump-protected title=\"Protected property\">hidden</span>: []
      #<span class=sf-dump-protected title=\"Protected property\">visible</span>: []
      #<span class=sf-dump-protected title=\"Protected property\">fillable</span>: <span class=sf-dump-note>array:6</span> [ &#8230;6]
      #<span class=sf-dump-protected title=\"Protected property\">guarded</span>: <span class=sf-dump-note>array:1</span> [ &#8230;1]
    </samp>}
    <span class=sf-dump-index>4</span> => <span class=sf-dump-note title=\"App\\Models\\TimlineKilau
\"><span class=\"sf-dump-ellipsis sf-dump-ellipsis-note\">App\\Models</span><span class=\"sf-dump-ellipsis sf-dump-ellipsis-note\">\\</span>TimlineKilau</span> {<a class=sf-dump-ref>#658</a><samp data-depth=3 class=sf-dump-compact>
      #<span class=sf-dump-protected title=\"Protected property\">connection</span>: \"<span class=sf-dump-str title=\"5 characters\">mysql</span>\"
      #<span class=sf-dump-protected title=\"Protected property\">table</span>: \"<span class=sf-dump-str title=\"13 characters\">timline_kilau</span>\"
      #<span class=sf-dump-protected title=\"Protected property\">primaryKey</span>: \"<span class=sf-dump-str title=\"2 characters\">id</span>\"
      #<span class=sf-dump-protected title=\"Protected property\">keyType</span>: \"<span class=sf-dump-str title=\"3 characters\">int</span>\"
      +<span class=sf-dump-public title=\"Public property\">incrementing</span>: <span class=sf-dump-const>true</span>
      #<span class=sf-dump-protected title=\"Protected property\">with</span>: []
      #<span class=sf-dump-protected title=\"Protected property\">withCount</span>: []
      +<span class=sf-dump-public title=\"Public property\">preventsLazyLoading</span>: <span class=sf-dump-const>false</span>
      #<span class=sf-dump-protected title=\"Protected property\">perPage</span>: <span class=sf-dump-num>15</span>
      +<span class=sf-dump-public title=\"Public property\">exists</span>: <span class=sf-dump-const>true</span>
      +<span class=sf-dump-public title=\"Public property\">wasRecentlyCreated</span>: <span class=sf-dump-const>false</span>
      #<span class=sf-dump-protected title=\"Protected property\">escapeWhenCastingToString</span>: <span class=sf-dump-const>false</span>
      #<span class=sf-dump-protected title=\"Protected property\">attributes</span>: <span class=sf-dump-note>array:9</span> [ &#8230;9]
      #<span class=sf-dump-protected title=\"Protected property\">original</span>: <span class=sf-dump-note>array:9</span> [ &#8230;9]
      #<span class=sf-dump-protected title=\"Protected property\">changes</span>: []
      #<span class=sf-dump-protected title=\"Protected property\">casts</span>: <span class=sf-dump-note>array:1</span> [ &#8230;1]
      #<span class=sf-dump-protected title=\"Protected property\">classCastCache</span>: []
      #<span class=sf-dump-protected title=\"Protected property\">attributeCastCache</span>: []
      #<span class=sf-dump-protected title=\"Protected property\">dateFormat</span>: <span class=sf-dump-const>null</span>
      #<span class=sf-dump-protected title=\"Protected property\">appends</span>: []
      #<span class=sf-dump-protected title=\"Protected property\">dispatchesEvents</span>: []
      #<span class=sf-dump-protected title=\"Protected property\">observables</span>: []
      #<span class=sf-dump-protected title=\"Protected property\">relations</span>: []
      #<span class=sf-dump-protected title=\"Protected property\">touches</span>: []
      +<span class=sf-dump-public title=\"Public property\">timestamps</span>: <span class=sf-dump-const>true</span>
      +<span class=sf-dump-public title=\"Public property\">usesUniqueIds</span>: <span class=sf-dump-const>false</span>
      #<span class=sf-dump-protected title=\"Protected property\">hidden</span>: []
      #<span class=sf-dump-protected title=\"Protected property\">visible</span>: []
      #<span class=sf-dump-protected title=\"Protected property\">fillable</span>: <span class=sf-dump-note>array:6</span> [ &#8230;6]
      #<span class=sf-dump-protected title=\"Protected property\">guarded</span>: <span class=sf-dump-note>array:1</span> [ &#8230;1]
    </samp>}
  </samp>]
  #<span class=sf-dump-protected title=\"Protected property\">escapeWhenCastingToString</span>: <span class=sf-dump-const>false</span>
</samp>}
</pre><script>Sfdump(\"sf-dump-1701394944\", {\"maxDepth\":3,\"maxStringLength\":160})</script>
","tentangMenu":"<pre class=sf-dump id=sf-dump-456028072 data-indent-pad=\"  \"><span class=sf-dump-note>App\\Models\\SettingsMenu</span> {<a class=sf-dump-ref>#504</a><samp data-depth=1 class=sf-dump-expanded>
  #<span class=sf-dump-protected title=\"Protected property\">connection</span>: \"<span class=sf-dump-str title=\"5 characters\">mysql</span>\"
  #<span class=sf-dump-protected title=\"Protected property\">table</span>: \"<span class=sf-dump-str title=\"13 characters\">settings_menu</span>\"
  #<span class=sf-dump-protected title=\"Protected property\">primaryKey</span>: \"<span class=sf-dump-str title=\"2 characters\">id</span>\"
  #<span class=sf-dump-protected title=\"Protected property\">keyType</span>: \"<span class=sf-dump-str title=\"3 characters\">int</span>\"
  +<span class=sf-dump-public title=\"Public property\">incrementing</span>: <span class=sf-dump-const>true</span>
  #<span class=sf-dump-protected title=\"Protected property\">with</span>: []
  #<span class=sf-dump-protected title=\"Protected property\">withCount</span>: []
  +<span class=sf-dump-public title=\"Public property\">preventsLazyLoading</span>: <span class=sf-dump-const>false</span>
  #<span class=sf-dump-protected title=\"Protected property\">perPage</span>: <span class=sf-dump-num>15</span>
  +<span class=sf-dump-public title=\"Public property\">exists</span>: <span class=sf-dump-const>true</span>
  +<span class=sf-dump-public title=\"Public property\">wasRecentlyCreated</span>: <span class=sf-dump-const>false</span>
  #<span class=sf-dump-protected title=\"Protected property\">escapeWhenCastingToString</span>: <span class=sf-dump-const>false</span>
  #<span class=sf-dump-protected title=\"Protected property\">attributes</span>: <span class=sf-dump-note>array:6</span> [<samp data-depth=2 class=sf-dump-compact>
    \"<span class=sf-dump-key>id</span>\" => <span class=sf-dump-num>8</span>
    \"<span class=sf-dump-key>judul</span>\" => \"<span class=sf-dump-str title=\"15 characters\">Kilau Indonesia</span>\"
    \"<span class=sf-dump-key>subjudul</span>\" => \"<span class=sf-dump-str title=\"39 characters\">Menghidupkan Asa, Menyalakan Kepedulian</span>\"
    \"<span class=sf-dump-key>created_at</span>\" => \"<span class=sf-dump-str title=\"19 characters\">2025-02-04 03:35:19</span>\"
    \"<span class=sf-dump-key>updated_at</span>\" => \"<span class=sf-dump-str title=\"19 characters\">2025-04-23 04:12:30</span>\"
    \"<span class=sf-dump-key>status</span>\" => \"<span class=sf-dump-str>1</span>\"
  </samp>]
  #<span class=sf-dump-protected title=\"Protected property\">original</span>: <span class=sf-dump-note>array:6</span> [<samp data-depth=2 class=sf-dump-compact>
    \"<span class=sf-dump-key>id</span>\" => <span class=sf-dump-num>8</span>
    \"<span class=sf-dump-key>judul</span>\" => \"<span class=sf-dump-str title=\"15 characters\">Kilau Indonesia</span>\"
    \"<span class=sf-dump-key>subjudul</span>\" => \"<span class=sf-dump-str title=\"39 characters\">Menghidupkan Asa, Menyalakan Kepedulian</span>\"
    \"<span class=sf-dump-key>created_at</span>\" => \"<span class=sf-dump-str title=\"19 characters\">2025-02-04 03:35:19</span>\"
    \"<span class=sf-dump-key>updated_at</span>\" => \"<span class=sf-dump-str title=\"19 characters\">2025-04-23 04:12:30</span>\"
    \"<span class=sf-dump-key>status</span>\" => \"<span class=sf-dump-str>1</span>\"
  </samp>]
  #<span class=sf-dump-protected title=\"Protected property\">changes</span>: []
  #<span class=sf-dump-protected title=\"Protected property\">casts</span>: []
  #<span class=sf-dump-protected title=\"Protected property\">classCastCache</span>: []
  #<span class=sf-dump-protected title=\"Protected property\">attributeCastCache</span>: []
  #<span class=sf-dump-protected title=\"Protected property\">dateFormat</span>: <span class=sf-dump-const>null</span>
  #<span class=sf-dump-protected title=\"Protected property\">appends</span>: []
  #<span class=sf-dump-protected title=\"Protected property\">dispatchesEvents</span>: []
  #<span class=sf-dump-protected title=\"Protected property\">observables</span>: []
  #<span class=sf-dump-protected title=\"Protected property\">relations</span>: []
  #<span class=sf-dump-protected title=\"Protected property\">touches</span>: []
  +<span class=sf-dump-public title=\"Public property\">timestamps</span>: <span class=sf-dump-const>true</span>
  +<span class=sf-dump-public title=\"Public property\">usesUniqueIds</span>: <span class=sf-dump-const>false</span>
  #<span class=sf-dump-protected title=\"Protected property\">hidden</span>: []
  #<span class=sf-dump-protected title=\"Protected property\">visible</span>: []
  #<span class=sf-dump-protected title=\"Protected property\">fillable</span>: <span class=sf-dump-note>array:3</span> [<samp data-depth=2 class=sf-dump-compact>
    <span class=sf-dump-index>0</span> => \"<span class=sf-dump-str title=\"5 characters\">judul</span>\"
    <span class=sf-dump-index>1</span> => \"<span class=sf-dump-str title=\"8 characters\">subjudul</span>\"
    <span class=sf-dump-index>2</span> => \"<span class=sf-dump-str title=\"6 characters\">status</span>\"
  </samp>]
  #<span class=sf-dump-protected title=\"Protected property\">guarded</span>: <span class=sf-dump-note>array:1</span> [<samp data-depth=2 class=sf-dump-compact>
    <span class=sf-dump-index>0</span> => \"<span class=sf-dump-str>*</span>\"
  </samp>]
</samp>}
</pre><script>Sfdump(\"sf-dump-456028072\", {\"maxDepth\":3,\"maxStringLength\":160})</script>
","tentangs":"<pre class=sf-dump id=sf-dump-769528287 data-indent-pad=\"  \"><span class=sf-dump-note>Illuminate\\Database\\Eloquent\\Collection</span> {<a class=sf-dump-ref>#506</a><samp data-depth=1 class=sf-dump-expanded>
  #<span class=sf-dump-protected title=\"Protected property\">items</span>: <span class=sf-dump-note>array:1</span> [<samp data-depth=2 class=sf-dump-compact>
    <span class=sf-dump-index>0</span> => <span class=sf-dump-note title=\"App\\Models\\TentangKami
\"><span class=\"sf-dump-ellipsis sf-dump-ellipsis-note\">App\\Models</span><span class=\"sf-dump-ellipsis sf-dump-ellipsis-note\">\\</span>TentangKami</span> {<a class=sf-dump-ref>#507</a><samp data-depth=3 class=sf-dump-compact>
      #<span class=sf-dump-protected title=\"Protected property\">connection</span>: \"<span class=sf-dump-str title=\"5 characters\">mysql</span>\"
      #<span class=sf-dump-protected title=\"Protected property\">table</span>: \"<span class=sf-dump-str title=\"12 characters\">tentang_kami</span>\"
      #<span class=sf-dump-protected title=\"Protected property\">primaryKey</span>: \"<span class=sf-dump-str title=\"2 characters\">id</span>\"
      #<span class=sf-dump-protected title=\"Protected property\">keyType</span>: \"<span class=sf-dump-str title=\"3 characters\">int</span>\"
      +<span class=sf-dump-public title=\"Public property\">incrementing</span>: <span class=sf-dump-const>true</span>
      #<span class=sf-dump-protected title=\"Protected property\">with</span>: []
      #<span class=sf-dump-protected title=\"Protected property\">withCount</span>: []
      +<span class=sf-dump-public title=\"Public property\">preventsLazyLoading</span>: <span class=sf-dump-const>false</span>
      #<span class=sf-dump-protected title=\"Protected property\">perPage</span>: <span class=sf-dump-num>15</span>
      +<span class=sf-dump-public title=\"Public property\">exists</span>: <span class=sf-dump-const>true</span>
      +<span class=sf-dump-public title=\"Public property\">wasRecentlyCreated</span>: <span class=sf-dump-const>false</span>
      #<span class=sf-dump-protected title=\"Protected property\">escapeWhenCastingToString</span>: <span class=sf-dump-const>false</span>
      #<span class=sf-dump-protected title=\"Protected property\">attributes</span>: <span class=sf-dump-note>array:7</span> [ &#8230;7]
      #<span class=sf-dump-protected title=\"Protected property\">original</span>: <span class=sf-dump-note>array:7</span> [ &#8230;7]
      #<span class=sf-dump-protected title=\"Protected property\">changes</span>: []
      #<span class=sf-dump-protected title=\"Protected property\">casts</span>: []
      #<span class=sf-dump-protected title=\"Protected property\">classCastCache</span>: []
      #<span class=sf-dump-protected title=\"Protected property\">attributeCastCache</span>: []
      #<span class=sf-dump-protected title=\"Protected property\">dateFormat</span>: <span class=sf-dump-const>null</span>
      #<span class=sf-dump-protected title=\"Protected property\">appends</span>: []
      #<span class=sf-dump-protected title=\"Protected property\">dispatchesEvents</span>: []
      #<span class=sf-dump-protected title=\"Protected property\">observables</span>: []
      #<span class=sf-dump-protected title=\"Protected property\">relations</span>: []
      #<span class=sf-dump-protected title=\"Protected property\">touches</span>: []
      +<span class=sf-dump-public title=\"Public property\">timestamps</span>: <span class=sf-dump-const>true</span>
      +<span class=sf-dump-public title=\"Public property\">usesUniqueIds</span>: <span class=sf-dump-const>false</span>
      #<span class=sf-dump-protected title=\"Protected property\">hidden</span>: []
      #<span class=sf-dump-protected title=\"Protected property\">visible</span>: []
      #<span class=sf-dump-protected title=\"Protected property\">fillable</span>: <span class=sf-dump-note>array:4</span> [ &#8230;4]
      #<span class=sf-dump-protected title=\"Protected property\">guarded</span>: <span class=sf-dump-note>array:1</span> [ &#8230;1]
    </samp>}
  </samp>]
  #<span class=sf-dump-protected title=\"Protected property\">escapeWhenCastingToString</span>: <span class=sf-dump-const>false</span>
</samp>}
</pre><script>Sfdump(\"sf-dump-769528287\", {\"maxDepth\":3,\"maxStringLength\":160})</script>
","homeKilau":"<pre class=sf-dump id=sf-dump-242864894 data-indent-pad=\"  \"><span class=sf-dump-note>Illuminate\\Database\\Eloquent\\Collection</span> {<a class=sf-dump-ref>#699</a><samp data-depth=1 class=sf-dump-expanded>
  #<span class=sf-dump-protected title=\"Protected property\">items</span>: <span class=sf-dump-note>array:4</span> [<samp data-depth=2 class=sf-dump-compact>
    <span class=sf-dump-index>0</span> => <span class=sf-dump-note title=\"App\\Models\\HomeKilau
\"><span class=\"sf-dump-ellipsis sf-dump-ellipsis-note\">App\\Models</span><span class=\"sf-dump-ellipsis sf-dump-ellipsis-note\">\\</span>HomeKilau</span> {<a class=sf-dump-ref>#661</a><samp data-depth=3 class=sf-dump-compact>
      #<span class=sf-dump-protected title=\"Protected property\">connection</span>: \"<span class=sf-dump-str title=\"5 characters\">mysql</span>\"
      #<span class=sf-dump-protected title=\"Protected property\">table</span>: \"<span class=sf-dump-str title=\"10 characters\">home_kilau</span>\"
      #<span class=sf-dump-protected title=\"Protected property\">primaryKey</span>: \"<span class=sf-dump-str title=\"2 characters\">id</span>\"
      #<span class=sf-dump-protected title=\"Protected property\">keyType</span>: \"<span class=sf-dump-str title=\"3 characters\">int</span>\"
      +<span class=sf-dump-public title=\"Public property\">incrementing</span>: <span class=sf-dump-const>true</span>
      #<span class=sf-dump-protected title=\"Protected property\">with</span>: []
      #<span class=sf-dump-protected title=\"Protected property\">withCount</span>: []
      +<span class=sf-dump-public title=\"Public property\">preventsLazyLoading</span>: <span class=sf-dump-const>false</span>
      #<span class=sf-dump-protected title=\"Protected property\">perPage</span>: <span class=sf-dump-num>15</span>
      +<span class=sf-dump-public title=\"Public property\">exists</span>: <span class=sf-dump-const>true</span>
      +<span class=sf-dump-public title=\"Public property\">wasRecentlyCreated</span>: <span class=sf-dump-const>false</span>
      #<span class=sf-dump-protected title=\"Protected property\">escapeWhenCastingToString</span>: <span class=sf-dump-const>false</span>
      #<span class=sf-dump-protected title=\"Protected property\">attributes</span>: <span class=sf-dump-note>array:6</span> [ &#8230;6]
      #<span class=sf-dump-protected title=\"Protected property\">original</span>: <span class=sf-dump-note>array:6</span> [ &#8230;6]
      #<span class=sf-dump-protected title=\"Protected property\">changes</span>: []
      #<span class=sf-dump-protected title=\"Protected property\">casts</span>: []
      #<span class=sf-dump-protected title=\"Protected property\">classCastCache</span>: []
      #<span class=sf-dump-protected title=\"Protected property\">attributeCastCache</span>: []
      #<span class=sf-dump-protected title=\"Protected property\">dateFormat</span>: <span class=sf-dump-const>null</span>
      #<span class=sf-dump-protected title=\"Protected property\">appends</span>: []
      #<span class=sf-dump-protected title=\"Protected property\">dispatchesEvents</span>: []
      #<span class=sf-dump-protected title=\"Protected property\">observables</span>: []
      #<span class=sf-dump-protected title=\"Protected property\">relations</span>: []
      #<span class=sf-dump-protected title=\"Protected property\">touches</span>: []
      +<span class=sf-dump-public title=\"Public property\">timestamps</span>: <span class=sf-dump-const>true</span>
      +<span class=sf-dump-public title=\"Public property\">usesUniqueIds</span>: <span class=sf-dump-const>false</span>
      #<span class=sf-dump-protected title=\"Protected property\">hidden</span>: []
      #<span class=sf-dump-protected title=\"Protected property\">visible</span>: []
      #<span class=sf-dump-protected title=\"Protected property\">fillable</span>: <span class=sf-dump-note>array:3</span> [ &#8230;3]
      #<span class=sf-dump-protected title=\"Protected property\">guarded</span>: <span class=sf-dump-note>array:1</span> [ &#8230;1]
    </samp>}
    <span class=sf-dump-index>1</span> => <span class=sf-dump-note title=\"App\\Models\\HomeKilau
\"><span class=\"sf-dump-ellipsis sf-dump-ellipsis-note\">App\\Models</span><span class=\"sf-dump-ellipsis sf-dump-ellipsis-note\">\\</span>HomeKilau</span> {<a class=sf-dump-ref>#704</a><samp data-depth=3 class=sf-dump-compact>
      #<span class=sf-dump-protected title=\"Protected property\">connection</span>: \"<span class=sf-dump-str title=\"5 characters\">mysql</span>\"
      #<span class=sf-dump-protected title=\"Protected property\">table</span>: \"<span class=sf-dump-str title=\"10 characters\">home_kilau</span>\"
      #<span class=sf-dump-protected title=\"Protected property\">primaryKey</span>: \"<span class=sf-dump-str title=\"2 characters\">id</span>\"
      #<span class=sf-dump-protected title=\"Protected property\">keyType</span>: \"<span class=sf-dump-str title=\"3 characters\">int</span>\"
      +<span class=sf-dump-public title=\"Public property\">incrementing</span>: <span class=sf-dump-const>true</span>
      #<span class=sf-dump-protected title=\"Protected property\">with</span>: []
      #<span class=sf-dump-protected title=\"Protected property\">withCount</span>: []
      +<span class=sf-dump-public title=\"Public property\">preventsLazyLoading</span>: <span class=sf-dump-const>false</span>
      #<span class=sf-dump-protected title=\"Protected property\">perPage</span>: <span class=sf-dump-num>15</span>
      +<span class=sf-dump-public title=\"Public property\">exists</span>: <span class=sf-dump-const>true</span>
      +<span class=sf-dump-public title=\"Public property\">wasRecentlyCreated</span>: <span class=sf-dump-const>false</span>
      #<span class=sf-dump-protected title=\"Protected property\">escapeWhenCastingToString</span>: <span class=sf-dump-const>false</span>
      #<span class=sf-dump-protected title=\"Protected property\">attributes</span>: <span class=sf-dump-note>array:6</span> [ &#8230;6]
      #<span class=sf-dump-protected title=\"Protected property\">original</span>: <span class=sf-dump-note>array:6</span> [ &#8230;6]
      #<span class=sf-dump-protected title=\"Protected property\">changes</span>: []
      #<span class=sf-dump-protected title=\"Protected property\">casts</span>: []
      #<span class=sf-dump-protected title=\"Protected property\">classCastCache</span>: []
      #<span class=sf-dump-protected title=\"Protected property\">attributeCastCache</span>: []
      #<span class=sf-dump-protected title=\"Protected property\">dateFormat</span>: <span class=sf-dump-const>null</span>
      #<span class=sf-dump-protected title=\"Protected property\">appends</span>: []
      #<span class=sf-dump-protected title=\"Protected property\">dispatchesEvents</span>: []
      #<span class=sf-dump-protected title=\"Protected property\">observables</span>: []
      #<span class=sf-dump-protected title=\"Protected property\">relations</span>: []
      #<span class=sf-dump-protected title=\"Protected property\">touches</span>: []
      +<span class=sf-dump-public title=\"Public property\">timestamps</span>: <span class=sf-dump-const>true</span>
      +<span class=sf-dump-public title=\"Public property\">usesUniqueIds</span>: <span class=sf-dump-const>false</span>
      #<span class=sf-dump-protected title=\"Protected property\">hidden</span>: []
      #<span class=sf-dump-protected title=\"Protected property\">visible</span>: []
      #<span class=sf-dump-protected title=\"Protected property\">fillable</span>: <span class=sf-dump-note>array:3</span> [ &#8230;3]
      #<span class=sf-dump-protected title=\"Protected property\">guarded</span>: <span class=sf-dump-note>array:1</span> [ &#8230;1]
    </samp>}
    <span class=sf-dump-index>2</span> => <span class=sf-dump-note title=\"App\\Models\\HomeKilau
\"><span class=\"sf-dump-ellipsis sf-dump-ellipsis-note\">App\\Models</span><span class=\"sf-dump-ellipsis sf-dump-ellipsis-note\">\\</span>HomeKilau</span> {<a class=sf-dump-ref>#652</a><samp data-depth=3 class=sf-dump-compact>
      #<span class=sf-dump-protected title=\"Protected property\">connection</span>: \"<span class=sf-dump-str title=\"5 characters\">mysql</span>\"
      #<span class=sf-dump-protected title=\"Protected property\">table</span>: \"<span class=sf-dump-str title=\"10 characters\">home_kilau</span>\"
      #<span class=sf-dump-protected title=\"Protected property\">primaryKey</span>: \"<span class=sf-dump-str title=\"2 characters\">id</span>\"
      #<span class=sf-dump-protected title=\"Protected property\">keyType</span>: \"<span class=sf-dump-str title=\"3 characters\">int</span>\"
      +<span class=sf-dump-public title=\"Public property\">incrementing</span>: <span class=sf-dump-const>true</span>
      #<span class=sf-dump-protected title=\"Protected property\">with</span>: []
      #<span class=sf-dump-protected title=\"Protected property\">withCount</span>: []
      +<span class=sf-dump-public title=\"Public property\">preventsLazyLoading</span>: <span class=sf-dump-const>false</span>
      #<span class=sf-dump-protected title=\"Protected property\">perPage</span>: <span class=sf-dump-num>15</span>
      +<span class=sf-dump-public title=\"Public property\">exists</span>: <span class=sf-dump-const>true</span>
      +<span class=sf-dump-public title=\"Public property\">wasRecentlyCreated</span>: <span class=sf-dump-const>false</span>
      #<span class=sf-dump-protected title=\"Protected property\">escapeWhenCastingToString</span>: <span class=sf-dump-const>false</span>
      #<span class=sf-dump-protected title=\"Protected property\">attributes</span>: <span class=sf-dump-note>array:6</span> [ &#8230;6]
      #<span class=sf-dump-protected title=\"Protected property\">original</span>: <span class=sf-dump-note>array:6</span> [ &#8230;6]
      #<span class=sf-dump-protected title=\"Protected property\">changes</span>: []
      #<span class=sf-dump-protected title=\"Protected property\">casts</span>: []
      #<span class=sf-dump-protected title=\"Protected property\">classCastCache</span>: []
      #<span class=sf-dump-protected title=\"Protected property\">attributeCastCache</span>: []
      #<span class=sf-dump-protected title=\"Protected property\">dateFormat</span>: <span class=sf-dump-const>null</span>
      #<span class=sf-dump-protected title=\"Protected property\">appends</span>: []
      #<span class=sf-dump-protected title=\"Protected property\">dispatchesEvents</span>: []
      #<span class=sf-dump-protected title=\"Protected property\">observables</span>: []
      #<span class=sf-dump-protected title=\"Protected property\">relations</span>: []
      #<span class=sf-dump-protected title=\"Protected property\">touches</span>: []
      +<span class=sf-dump-public title=\"Public property\">timestamps</span>: <span class=sf-dump-const>true</span>
      +<span class=sf-dump-public title=\"Public property\">usesUniqueIds</span>: <span class=sf-dump-const>false</span>
      #<span class=sf-dump-protected title=\"Protected property\">hidden</span>: []
      #<span class=sf-dump-protected title=\"Protected property\">visible</span>: []
      #<span class=sf-dump-protected title=\"Protected property\">fillable</span>: <span class=sf-dump-note>array:3</span> [ &#8230;3]
      #<span class=sf-dump-protected title=\"Protected property\">guarded</span>: <span class=sf-dump-note>array:1</span> [ &#8230;1]
    </samp>}
    <span class=sf-dump-index>3</span> => <span class=sf-dump-note title=\"App\\Models\\HomeKilau
\"><span class=\"sf-dump-ellipsis sf-dump-ellipsis-note\">App\\Models</span><span class=\"sf-dump-ellipsis sf-dump-ellipsis-note\">\\</span>HomeKilau</span> {<a class=sf-dump-ref>#651</a><samp data-depth=3 class=sf-dump-compact>
      #<span class=sf-dump-protected title=\"Protected property\">connection</span>: \"<span class=sf-dump-str title=\"5 characters\">mysql</span>\"
      #<span class=sf-dump-protected title=\"Protected property\">table</span>: \"<span class=sf-dump-str title=\"10 characters\">home_kilau</span>\"
      #<span class=sf-dump-protected title=\"Protected property\">primaryKey</span>: \"<span class=sf-dump-str title=\"2 characters\">id</span>\"
      #<span class=sf-dump-protected title=\"Protected property\">keyType</span>: \"<span class=sf-dump-str title=\"3 characters\">int</span>\"
      +<span class=sf-dump-public title=\"Public property\">incrementing</span>: <span class=sf-dump-const>true</span>
      #<span class=sf-dump-protected title=\"Protected property\">with</span>: []
      #<span class=sf-dump-protected title=\"Protected property\">withCount</span>: []
      +<span class=sf-dump-public title=\"Public property\">preventsLazyLoading</span>: <span class=sf-dump-const>false</span>
      #<span class=sf-dump-protected title=\"Protected property\">perPage</span>: <span class=sf-dump-num>15</span>
      +<span class=sf-dump-public title=\"Public property\">exists</span>: <span class=sf-dump-const>true</span>
      +<span class=sf-dump-public title=\"Public property\">wasRecentlyCreated</span>: <span class=sf-dump-const>false</span>
      #<span class=sf-dump-protected title=\"Protected property\">escapeWhenCastingToString</span>: <span class=sf-dump-const>false</span>
      #<span class=sf-dump-protected title=\"Protected property\">attributes</span>: <span class=sf-dump-note>array:6</span> [ &#8230;6]
      #<span class=sf-dump-protected title=\"Protected property\">original</span>: <span class=sf-dump-note>array:6</span> [ &#8230;6]
      #<span class=sf-dump-protected title=\"Protected property\">changes</span>: []
      #<span class=sf-dump-protected title=\"Protected property\">casts</span>: []
      #<span class=sf-dump-protected title=\"Protected property\">classCastCache</span>: []
      #<span class=sf-dump-protected title=\"Protected property\">attributeCastCache</span>: []
      #<span class=sf-dump-protected title=\"Protected property\">dateFormat</span>: <span class=sf-dump-const>null</span>
      #<span class=sf-dump-protected title=\"Protected property\">appends</span>: []
      #<span class=sf-dump-protected title=\"Protected property\">dispatchesEvents</span>: []
      #<span class=sf-dump-protected title=\"Protected property\">observables</span>: []
      #<span class=sf-dump-protected title=\"Protected property\">relations</span>: []
      #<span class=sf-dump-protected title=\"Protected property\">touches</span>: []
      +<span class=sf-dump-public title=\"Public property\">timestamps</span>: <span class=sf-dump-const>true</span>
      +<span class=sf-dump-public title=\"Public property\">usesUniqueIds</span>: <span class=sf-dump-const>false</span>
      #<span class=sf-dump-protected title=\"Protected property\">hidden</span>: []
      #<span class=sf-dump-protected title=\"Protected property\">visible</span>: []
      #<span class=sf-dump-protected title=\"Protected property\">fillable</span>: <span class=sf-dump-note>array:3</span> [ &#8230;3]
      #<span class=sf-dump-protected title=\"Protected property\">guarded</span>: <span class=sf-dump-note>array:1</span> [ &#8230;1]
    </samp>}
  </samp>]
  #<span class=sf-dump-protected title=\"Protected property\">escapeWhenCastingToString</span>: <span class=sf-dump-const>false</span>
</samp>}
</pre><script>Sfdump(\"sf-dump-242864894\", {\"maxDepth\":3,\"maxStringLength\":160})</script>
","iklanKilau":"<pre class=sf-dump id=sf-dump-448030944 data-indent-pad=\"  \"><span class=sf-dump-note>Illuminate\\Database\\Eloquent\\Collection</span> {<a class=sf-dump-ref>#650</a><samp data-depth=1 class=sf-dump-expanded>
  #<span class=sf-dump-protected title=\"Protected property\">items</span>: <span class=sf-dump-note>array:1</span> [<samp data-depth=2 class=sf-dump-compact>
    <span class=sf-dump-index>0</span> => <span class=sf-dump-note title=\"App\\Models\\IklanKilau
\"><span class=\"sf-dump-ellipsis sf-dump-ellipsis-note\">App\\Models</span><span class=\"sf-dump-ellipsis sf-dump-ellipsis-note\">\\</span>IklanKilau</span> {<a class=sf-dump-ref>#721</a><samp data-depth=3 class=sf-dump-compact>
      #<span class=sf-dump-protected title=\"Protected property\">connection</span>: \"<span class=sf-dump-str title=\"5 characters\">mysql</span>\"
      #<span class=sf-dump-protected title=\"Protected property\">table</span>: \"<span class=sf-dump-str title=\"11 characters\">iklan_kilau</span>\"
      #<span class=sf-dump-protected title=\"Protected property\">primaryKey</span>: \"<span class=sf-dump-str title=\"2 characters\">id</span>\"
      #<span class=sf-dump-protected title=\"Protected property\">keyType</span>: \"<span class=sf-dump-str title=\"3 characters\">int</span>\"
      +<span class=sf-dump-public title=\"Public property\">incrementing</span>: <span class=sf-dump-const>true</span>
      #<span class=sf-dump-protected title=\"Protected property\">with</span>: []
      #<span class=sf-dump-protected title=\"Protected property\">withCount</span>: []
      +<span class=sf-dump-public title=\"Public property\">preventsLazyLoading</span>: <span class=sf-dump-const>false</span>
      #<span class=sf-dump-protected title=\"Protected property\">perPage</span>: <span class=sf-dump-num>15</span>
      +<span class=sf-dump-public title=\"Public property\">exists</span>: <span class=sf-dump-const>true</span>
      +<span class=sf-dump-public title=\"Public property\">wasRecentlyCreated</span>: <span class=sf-dump-const>false</span>
      #<span class=sf-dump-protected title=\"Protected property\">escapeWhenCastingToString</span>: <span class=sf-dump-const>false</span>
      #<span class=sf-dump-protected title=\"Protected property\">attributes</span>: <span class=sf-dump-note>array:9</span> [ &#8230;9]
      #<span class=sf-dump-protected title=\"Protected property\">original</span>: <span class=sf-dump-note>array:9</span> [ &#8230;9]
      #<span class=sf-dump-protected title=\"Protected property\">changes</span>: []
      #<span class=sf-dump-protected title=\"Protected property\">casts</span>: []
      #<span class=sf-dump-protected title=\"Protected property\">classCastCache</span>: []
      #<span class=sf-dump-protected title=\"Protected property\">attributeCastCache</span>: []
      #<span class=sf-dump-protected title=\"Protected property\">dateFormat</span>: <span class=sf-dump-const>null</span>
      #<span class=sf-dump-protected title=\"Protected property\">appends</span>: []
      #<span class=sf-dump-protected title=\"Protected property\">dispatchesEvents</span>: []
      #<span class=sf-dump-protected title=\"Protected property\">observables</span>: []
      #<span class=sf-dump-protected title=\"Protected property\">relations</span>: <span class=sf-dump-note>array:1</span> [ &#8230;1]
      #<span class=sf-dump-protected title=\"Protected property\">touches</span>: []
      +<span class=sf-dump-public title=\"Public property\">timestamps</span>: <span class=sf-dump-const>true</span>
      +<span class=sf-dump-public title=\"Public property\">usesUniqueIds</span>: <span class=sf-dump-const>false</span>
      #<span class=sf-dump-protected title=\"Protected property\">hidden</span>: []
      #<span class=sf-dump-protected title=\"Protected property\">visible</span>: []
      #<span class=sf-dump-protected title=\"Protected property\">fillable</span>: <span class=sf-dump-note>array:6</span> [ &#8230;6]
      #<span class=sf-dump-protected title=\"Protected property\">guarded</span>: <span class=sf-dump-note>array:1</span> [ &#8230;1]
    </samp>}
  </samp>]
  #<span class=sf-dump-protected title=\"Protected property\">escapeWhenCastingToString</span>: <span class=sf-dump-const>false</span>
</samp>}
</pre><script>Sfdump(\"sf-dump-448030944\", {\"maxDepth\":3,\"maxStringLength\":160})</script>
","selectedProgram":"<pre class=sf-dump id=sf-dump-1697087544 data-indent-pad=\"  \"><span class=sf-dump-const>null</span>
</pre><script>Sfdump(\"sf-dump-1697087544\", {\"maxDepth\":3,\"maxStringLength\":160})</script>
","page":"<pre class=sf-dump id=sf-dump-408624381 data-indent-pad=\"  \"><span class=sf-dump-num>1</span>
</pre><script>Sfdump(\"sf-dump-408624381\", {\"maxDepth\":3,\"maxStringLength\":160})</script>
","perPage":"<pre class=sf-dump id=sf-dump-1701657401 data-indent-pad=\"  \"><span class=sf-dump-num>5</span>
</pre><script>Sfdump(\"sf-dump-1701657401\", {\"maxDepth\":3,\"maxStringLength\":160})</script>
","lastPage":"<pre class=sf-dump id=sf-dump-1077345171 data-indent-pad=\"  \"><span class=sf-dump-num>5</span>
</pre><script>Sfdump(\"sf-dump-1077345171\", {\"maxDepth\":3,\"maxStringLength\":160})</script>
","jumlahViewLanding":"<pre class=sf-dump id=sf-dump-2109257241 data-indent-pad=\"  \"><span class=sf-dump-num>131295</span>
</pre><script>Sfdump(\"sf-dump-2109257241\", {\"maxDepth\":3,\"maxStringLength\":160})</script>
","__currentLoopData":"<pre class=sf-dump id=sf-dump-884095203 data-indent-pad=\"  \"><span class=sf-dump-note>Illuminate\\Database\\Eloquent\\Collection</span> {<a class=sf-dump-ref>#656</a><samp data-depth=1 class=sf-dump-expanded>
  #<span class=sf-dump-protected title=\"Protected property\">items</span>: <span class=sf-dump-note>array:4</span> [<samp data-depth=2 class=sf-dump-compact>
    <span class=sf-dump-index>0</span> => <span class=sf-dump-note title=\"App\\Models\\IklanKilauList
\"><span class=\"sf-dump-ellipsis sf-dump-ellipsis-note\">App\\Models</span><span class=\"sf-dump-ellipsis sf-dump-ellipsis-note\">\\</span>IklanKilauList</span> {<a class=sf-dump-ref>#719</a><samp data-depth=3 class=sf-dump-compact>
      #<span class=sf-dump-protected title=\"Protected property\">connection</span>: \"<span class=sf-dump-str title=\"5 characters\">mysql</span>\"
      #<span class=sf-dump-protected title=\"Protected property\">table</span>: \"<span class=sf-dump-str title=\"16 characters\">iklan_kilau_list</span>\"
      #<span class=sf-dump-protected title=\"Protected property\">primaryKey</span>: \"<span class=sf-dump-str title=\"2 characters\">id</span>\"
      #<span class=sf-dump-protected title=\"Protected property\">keyType</span>: \"<span class=sf-dump-str title=\"3 characters\">int</span>\"
      +<span class=sf-dump-public title=\"Public property\">incrementing</span>: <span class=sf-dump-const>true</span>
      #<span class=sf-dump-protected title=\"Protected property\">with</span>: []
      #<span class=sf-dump-protected title=\"Protected property\">withCount</span>: []
      +<span class=sf-dump-public title=\"Public property\">preventsLazyLoading</span>: <span class=sf-dump-const>false</span>
      #<span class=sf-dump-protected title=\"Protected property\">perPage</span>: <span class=sf-dump-num>15</span>
      +<span class=sf-dump-public title=\"Public property\">exists</span>: <span class=sf-dump-const>true</span>
      +<span class=sf-dump-public title=\"Public property\">wasRecentlyCreated</span>: <span class=sf-dump-const>false</span>
      #<span class=sf-dump-protected title=\"Protected property\">escapeWhenCastingToString</span>: <span class=sf-dump-const>false</span>
      #<span class=sf-dump-protected title=\"Protected property\">attributes</span>: <span class=sf-dump-note>array:6</span> [ &#8230;6]
      #<span class=sf-dump-protected title=\"Protected property\">original</span>: <span class=sf-dump-note>array:6</span> [ &#8230;6]
      #<span class=sf-dump-protected title=\"Protected property\">changes</span>: []
      #<span class=sf-dump-protected title=\"Protected property\">casts</span>: []
      #<span class=sf-dump-protected title=\"Protected property\">classCastCache</span>: []
      #<span class=sf-dump-protected title=\"Protected property\">attributeCastCache</span>: []
      #<span class=sf-dump-protected title=\"Protected property\">dateFormat</span>: <span class=sf-dump-const>null</span>
      #<span class=sf-dump-protected title=\"Protected property\">appends</span>: []
      #<span class=sf-dump-protected title=\"Protected property\">dispatchesEvents</span>: []
      #<span class=sf-dump-protected title=\"Protected property\">observables</span>: []
      #<span class=sf-dump-protected title=\"Protected property\">relations</span>: []
      #<span class=sf-dump-protected title=\"Protected property\">touches</span>: []
      +<span class=sf-dump-public title=\"Public property\">timestamps</span>: <span class=sf-dump-const>true</span>
      +<span class=sf-dump-public title=\"Public property\">usesUniqueIds</span>: <span class=sf-dump-const>false</span>
      #<span class=sf-dump-protected title=\"Protected property\">hidden</span>: []
      #<span class=sf-dump-protected title=\"Protected property\">visible</span>: []
      #<span class=sf-dump-protected title=\"Protected property\">fillable</span>: <span class=sf-dump-note>array:3</span> [ &#8230;3]
      #<span class=sf-dump-protected title=\"Protected property\">guarded</span>: <span class=sf-dump-note>array:1</span> [ &#8230;1]
    </samp>}
    <span class=sf-dump-index>1</span> => <span class=sf-dump-note title=\"App\\Models\\IklanKilauList
\"><span class=\"sf-dump-ellipsis sf-dump-ellipsis-note\">App\\Models</span><span class=\"sf-dump-ellipsis sf-dump-ellipsis-note\">\\</span>IklanKilauList</span> {<a class=sf-dump-ref>#717</a><samp data-depth=3 class=sf-dump-compact>
      #<span class=sf-dump-protected title=\"Protected property\">connection</span>: \"<span class=sf-dump-str title=\"5 characters\">mysql</span>\"
      #<span class=sf-dump-protected title=\"Protected property\">table</span>: \"<span class=sf-dump-str title=\"16 characters\">iklan_kilau_list</span>\"
      #<span class=sf-dump-protected title=\"Protected property\">primaryKey</span>: \"<span class=sf-dump-str title=\"2 characters\">id</span>\"
      #<span class=sf-dump-protected title=\"Protected property\">keyType</span>: \"<span class=sf-dump-str title=\"3 characters\">int</span>\"
      +<span class=sf-dump-public title=\"Public property\">incrementing</span>: <span class=sf-dump-const>true</span>
      #<span class=sf-dump-protected title=\"Protected property\">with</span>: []
      #<span class=sf-dump-protected title=\"Protected property\">withCount</span>: []
      +<span class=sf-dump-public title=\"Public property\">preventsLazyLoading</span>: <span class=sf-dump-const>false</span>
      #<span class=sf-dump-protected title=\"Protected property\">perPage</span>: <span class=sf-dump-num>15</span>
      +<span class=sf-dump-public title=\"Public property\">exists</span>: <span class=sf-dump-const>true</span>
      +<span class=sf-dump-public title=\"Public property\">wasRecentlyCreated</span>: <span class=sf-dump-const>false</span>
      #<span class=sf-dump-protected title=\"Protected property\">escapeWhenCastingToString</span>: <span class=sf-dump-const>false</span>
      #<span class=sf-dump-protected title=\"Protected property\">attributes</span>: <span class=sf-dump-note>array:6</span> [ &#8230;6]
      #<span class=sf-dump-protected title=\"Protected property\">original</span>: <span class=sf-dump-note>array:6</span> [ &#8230;6]
      #<span class=sf-dump-protected title=\"Protected property\">changes</span>: []
      #<span class=sf-dump-protected title=\"Protected property\">casts</span>: []
      #<span class=sf-dump-protected title=\"Protected property\">classCastCache</span>: []
      #<span class=sf-dump-protected title=\"Protected property\">attributeCastCache</span>: []
      #<span class=sf-dump-protected title=\"Protected property\">dateFormat</span>: <span class=sf-dump-const>null</span>
      #<span class=sf-dump-protected title=\"Protected property\">appends</span>: []
      #<span class=sf-dump-protected title=\"Protected property\">dispatchesEvents</span>: []
      #<span class=sf-dump-protected title=\"Protected property\">observables</span>: []
      #<span class=sf-dump-protected title=\"Protected property\">relations</span>: []
      #<span class=sf-dump-protected title=\"Protected property\">touches</span>: []
      +<span class=sf-dump-public title=\"Public property\">timestamps</span>: <span class=sf-dump-const>true</span>
      +<span class=sf-dump-public title=\"Public property\">usesUniqueIds</span>: <span class=sf-dump-const>false</span>
      #<span class=sf-dump-protected title=\"Protected property\">hidden</span>: []
      #<span class=sf-dump-protected title=\"Protected property\">visible</span>: []
      #<span class=sf-dump-protected title=\"Protected property\">fillable</span>: <span class=sf-dump-note>array:3</span> [ &#8230;3]
      #<span class=sf-dump-protected title=\"Protected property\">guarded</span>: <span class=sf-dump-note>array:1</span> [ &#8230;1]
    </samp>}
    <span class=sf-dump-index>2</span> => <span class=sf-dump-note title=\"App\\Models\\IklanKilauList
\"><span class=\"sf-dump-ellipsis sf-dump-ellipsis-note\">App\\Models</span><span class=\"sf-dump-ellipsis sf-dump-ellipsis-note\">\\</span>IklanKilauList</span> {<a class=sf-dump-ref>#716</a><samp data-depth=3 class=sf-dump-compact>
      #<span class=sf-dump-protected title=\"Protected property\">connection</span>: \"<span class=sf-dump-str title=\"5 characters\">mysql</span>\"
      #<span class=sf-dump-protected title=\"Protected property\">table</span>: \"<span class=sf-dump-str title=\"16 characters\">iklan_kilau_list</span>\"
      #<span class=sf-dump-protected title=\"Protected property\">primaryKey</span>: \"<span class=sf-dump-str title=\"2 characters\">id</span>\"
      #<span class=sf-dump-protected title=\"Protected property\">keyType</span>: \"<span class=sf-dump-str title=\"3 characters\">int</span>\"
      +<span class=sf-dump-public title=\"Public property\">incrementing</span>: <span class=sf-dump-const>true</span>
      #<span class=sf-dump-protected title=\"Protected property\">with</span>: []
      #<span class=sf-dump-protected title=\"Protected property\">withCount</span>: []
      +<span class=sf-dump-public title=\"Public property\">preventsLazyLoading</span>: <span class=sf-dump-const>false</span>
      #<span class=sf-dump-protected title=\"Protected property\">perPage</span>: <span class=sf-dump-num>15</span>
      +<span class=sf-dump-public title=\"Public property\">exists</span>: <span class=sf-dump-const>true</span>
      +<span class=sf-dump-public title=\"Public property\">wasRecentlyCreated</span>: <span class=sf-dump-const>false</span>
      #<span class=sf-dump-protected title=\"Protected property\">escapeWhenCastingToString</span>: <span class=sf-dump-const>false</span>
      #<span class=sf-dump-protected title=\"Protected property\">attributes</span>: <span class=sf-dump-note>array:6</span> [ &#8230;6]
      #<span class=sf-dump-protected title=\"Protected property\">original</span>: <span class=sf-dump-note>array:6</span> [ &#8230;6]
      #<span class=sf-dump-protected title=\"Protected property\">changes</span>: []
      #<span class=sf-dump-protected title=\"Protected property\">casts</span>: []
      #<span class=sf-dump-protected title=\"Protected property\">classCastCache</span>: []
      #<span class=sf-dump-protected title=\"Protected property\">attributeCastCache</span>: []
      #<span class=sf-dump-protected title=\"Protected property\">dateFormat</span>: <span class=sf-dump-const>null</span>
      #<span class=sf-dump-protected title=\"Protected property\">appends</span>: []
      #<span class=sf-dump-protected title=\"Protected property\">dispatchesEvents</span>: []
      #<span class=sf-dump-protected title=\"Protected property\">observables</span>: []
      #<span class=sf-dump-protected title=\"Protected property\">relations</span>: []
      #<span class=sf-dump-protected title=\"Protected property\">touches</span>: []
      +<span class=sf-dump-public title=\"Public property\">timestamps</span>: <span class=sf-dump-const>true</span>
      +<span class=sf-dump-public title=\"Public property\">usesUniqueIds</span>: <span class=sf-dump-const>false</span>
      #<span class=sf-dump-protected title=\"Protected property\">hidden</span>: []
      #<span class=sf-dump-protected title=\"Protected property\">visible</span>: []
      #<span class=sf-dump-protected title=\"Protected property\">fillable</span>: <span class=sf-dump-note>array:3</span> [ &#8230;3]
      #<span class=sf-dump-protected title=\"Protected property\">guarded</span>: <span class=sf-dump-note>array:1</span> [ &#8230;1]
    </samp>}
    <span class=sf-dump-index>3</span> => <span class=sf-dump-note title=\"App\\Models\\IklanKilauList
\"><span class=\"sf-dump-ellipsis sf-dump-ellipsis-note\">App\\Models</span><span class=\"sf-dump-ellipsis sf-dump-ellipsis-note\">\\</span>IklanKilauList</span> {<a class=sf-dump-ref>#702</a><samp data-depth=3 class=sf-dump-compact>
      #<span class=sf-dump-protected title=\"Protected property\">connection</span>: \"<span class=sf-dump-str title=\"5 characters\">mysql</span>\"
      #<span class=sf-dump-protected title=\"Protected property\">table</span>: \"<span class=sf-dump-str title=\"16 characters\">iklan_kilau_list</span>\"
      #<span class=sf-dump-protected title=\"Protected property\">primaryKey</span>: \"<span class=sf-dump-str title=\"2 characters\">id</span>\"
      #<span class=sf-dump-protected title=\"Protected property\">keyType</span>: \"<span class=sf-dump-str title=\"3 characters\">int</span>\"
      +<span class=sf-dump-public title=\"Public property\">incrementing</span>: <span class=sf-dump-const>true</span>
      #<span class=sf-dump-protected title=\"Protected property\">with</span>: []
      #<span class=sf-dump-protected title=\"Protected property\">withCount</span>: []
      +<span class=sf-dump-public title=\"Public property\">preventsLazyLoading</span>: <span class=sf-dump-const>false</span>
      #<span class=sf-dump-protected title=\"Protected property\">perPage</span>: <span class=sf-dump-num>15</span>
      +<span class=sf-dump-public title=\"Public property\">exists</span>: <span class=sf-dump-const>true</span>
      +<span class=sf-dump-public title=\"Public property\">wasRecentlyCreated</span>: <span class=sf-dump-const>false</span>
      #<span class=sf-dump-protected title=\"Protected property\">escapeWhenCastingToString</span>: <span class=sf-dump-const>false</span>
      #<span class=sf-dump-protected title=\"Protected property\">attributes</span>: <span class=sf-dump-note>array:6</span> [ &#8230;6]
      #<span class=sf-dump-protected title=\"Protected property\">original</span>: <span class=sf-dump-note>array:6</span> [ &#8230;6]
      #<span class=sf-dump-protected title=\"Protected property\">changes</span>: []
      #<span class=sf-dump-protected title=\"Protected property\">casts</span>: []
      #<span class=sf-dump-protected title=\"Protected property\">classCastCache</span>: []
      #<span class=sf-dump-protected title=\"Protected property\">attributeCastCache</span>: []
      #<span class=sf-dump-protected title=\"Protected property\">dateFormat</span>: <span class=sf-dump-const>null</span>
      #<span class=sf-dump-protected title=\"Protected property\">appends</span>: []
      #<span class=sf-dump-protected title=\"Protected property\">dispatchesEvents</span>: []
      #<span class=sf-dump-protected title=\"Protected property\">observables</span>: []
      #<span class=sf-dump-protected title=\"Protected property\">relations</span>: []
      #<span class=sf-dump-protected title=\"Protected property\">touches</span>: []
      +<span class=sf-dump-public title=\"Public property\">timestamps</span>: <span class=sf-dump-const>true</span>
      +<span class=sf-dump-public title=\"Public property\">usesUniqueIds</span>: <span class=sf-dump-const>false</span>
      #<span class=sf-dump-protected title=\"Protected property\">hidden</span>: []
      #<span class=sf-dump-protected title=\"Protected property\">visible</span>: []
      #<span class=sf-dump-protected title=\"Protected property\">fillable</span>: <span class=sf-dump-note>array:3</span> [ &#8230;3]
      #<span class=sf-dump-protected title=\"Protected property\">guarded</span>: <span class=sf-dump-note>array:1</span> [ &#8230;1]
    </samp>}
  </samp>]
  #<span class=sf-dump-protected title=\"Protected property\">escapeWhenCastingToString</span>: <span class=sf-dump-const>false</span>
</samp>}
</pre><script>Sfdump(\"sf-dump-884095203\", {\"maxDepth\":3,\"maxStringLength\":160})</script>
","item":"<pre class=sf-dump id=sf-dump-1181203522 data-indent-pad=\"  \"><span class=sf-dump-note>App\\Models\\IklanKilau</span> {<a class=sf-dump-ref>#721</a><samp data-depth=1 class=sf-dump-expanded>
  #<span class=sf-dump-protected title=\"Protected property\">connection</span>: \"<span class=sf-dump-str title=\"5 characters\">mysql</span>\"
  #<span class=sf-dump-protected title=\"Protected property\">table</span>: \"<span class=sf-dump-str title=\"11 characters\">iklan_kilau</span>\"
  #<span class=sf-dump-protected title=\"Protected property\">primaryKey</span>: \"<span class=sf-dump-str title=\"2 characters\">id</span>\"
  #<span class=sf-dump-protected title=\"Protected property\">keyType</span>: \"<span class=sf-dump-str title=\"3 characters\">int</span>\"
  +<span class=sf-dump-public title=\"Public property\">incrementing</span>: <span class=sf-dump-const>true</span>
  #<span class=sf-dump-protected title=\"Protected property\">with</span>: []
  #<span class=sf-dump-protected title=\"Protected property\">withCount</span>: []
  +<span class=sf-dump-public title=\"Public property\">preventsLazyLoading</span>: <span class=sf-dump-const>false</span>
  #<span class=sf-dump-protected title=\"Protected property\">perPage</span>: <span class=sf-dump-num>15</span>
  +<span class=sf-dump-public title=\"Public property\">exists</span>: <span class=sf-dump-const>true</span>
  +<span class=sf-dump-public title=\"Public property\">wasRecentlyCreated</span>: <span class=sf-dump-const>false</span>
  #<span class=sf-dump-protected title=\"Protected property\">escapeWhenCastingToString</span>: <span class=sf-dump-const>false</span>
  #<span class=sf-dump-protected title=\"Protected property\">attributes</span>: <span class=sf-dump-note>array:9</span> [<samp data-depth=2 class=sf-dump-compact>
    \"<span class=sf-dump-key>id</span>\" => <span class=sf-dump-num>19</span>
    \"<span class=sf-dump-key>judul</span>\" => \"<span class=sf-dump-str title=\"70 characters\">Kilau Indonesia : Bekerja Bersama Membangun Masa Depan Yang Lebih Baik</span>\"
    \"<span class=sf-dump-key>deskripsi</span>\" => \"<span class=sf-dump-str title=\"359 characters\">Kilau Indonesia adalah lembaga kemanusiaan yang berkomitmen untuk turut aktif memberikan solusi terhadap permasalahan sosial melalui program kesehatan, pendidikan, ekonomi dan pemberdayaan masyarakat. Dengan dukungan mitra program, donatur dan relawan, kami terus fokus dalam mewujudkan visi misi lembaga untuk melakukan pelayanan yang unggul dan berkualitas.</span>\"
    \"<span class=sf-dump-key>file</span>\" => <span class=sf-dump-const>null</span>
    \"<span class=sf-dump-key>jumlah_yayasan</span>\" => <span class=sf-dump-num>4</span>
    \"<span class=sf-dump-key>jumlah_donatur</span>\" => <span class=sf-dump-const>null</span>
    \"<span class=sf-dump-key>created_at</span>\" => \"<span class=sf-dump-str title=\"19 characters\">2025-02-04 06:53:28</span>\"
    \"<span class=sf-dump-key>updated_at</span>\" => \"<span class=sf-dump-str title=\"19 characters\">2025-02-28 07:23:28</span>\"
    \"<span class=sf-dump-key>status_kilau</span>\" => \"<span class=sf-dump-str>1</span>\"
  </samp>]
  #<span class=sf-dump-protected title=\"Protected property\">original</span>: <span class=sf-dump-note>array:9</span> [<samp data-depth=2 class=sf-dump-compact>
    \"<span class=sf-dump-key>id</span>\" => <span class=sf-dump-num>19</span>
    \"<span class=sf-dump-key>judul</span>\" => \"<span class=sf-dump-str title=\"70 characters\">Kilau Indonesia : Bekerja Bersama Membangun Masa Depan Yang Lebih Baik</span>\"
    \"<span class=sf-dump-key>deskripsi</span>\" => \"<span class=sf-dump-str title=\"359 characters\">Kilau Indonesia adalah lembaga kemanusiaan yang berkomitmen untuk turut aktif memberikan solusi terhadap permasalahan sosial melalui program kesehatan, pendidikan, ekonomi dan pemberdayaan masyarakat. Dengan dukungan mitra program, donatur dan relawan, kami terus fokus dalam mewujudkan visi misi lembaga untuk melakukan pelayanan yang unggul dan berkualitas.</span>\"
    \"<span class=sf-dump-key>file</span>\" => <span class=sf-dump-const>null</span>
    \"<span class=sf-dump-key>jumlah_yayasan</span>\" => <span class=sf-dump-num>4</span>
    \"<span class=sf-dump-key>jumlah_donatur</span>\" => <span class=sf-dump-const>null</span>
    \"<span class=sf-dump-key>created_at</span>\" => \"<span class=sf-dump-str title=\"19 characters\">2025-02-04 06:53:28</span>\"
    \"<span class=sf-dump-key>updated_at</span>\" => \"<span class=sf-dump-str title=\"19 characters\">2025-02-28 07:23:28</span>\"
    \"<span class=sf-dump-key>status_kilau</span>\" => \"<span class=sf-dump-str>1</span>\"
  </samp>]
  #<span class=sf-dump-protected title=\"Protected property\">changes</span>: []
  #<span class=sf-dump-protected title=\"Protected property\">casts</span>: []
  #<span class=sf-dump-protected title=\"Protected property\">classCastCache</span>: []
  #<span class=sf-dump-protected title=\"Protected property\">attributeCastCache</span>: []
  #<span class=sf-dump-protected title=\"Protected property\">dateFormat</span>: <span class=sf-dump-const>null</span>
  #<span class=sf-dump-protected title=\"Protected property\">appends</span>: []
  #<span class=sf-dump-protected title=\"Protected property\">dispatchesEvents</span>: []
  #<span class=sf-dump-protected title=\"Protected property\">observables</span>: []
  #<span class=sf-dump-protected title=\"Protected property\">relations</span>: <span class=sf-dump-note>array:1</span> [<samp data-depth=2 class=sf-dump-compact>
    \"<span class=sf-dump-key>iklanKilauLists</span>\" => <span class=sf-dump-note title=\"Illuminate\\Database\\Eloquent\\Collection
\"><span class=\"sf-dump-ellipsis sf-dump-ellipsis-note\">Illuminate\\Database\\Eloquent</span><span class=\"sf-dump-ellipsis sf-dump-ellipsis-note\">\\</span>Collection</span> {<a class=sf-dump-ref>#656</a><samp data-depth=3 class=sf-dump-compact>
      #<span class=sf-dump-protected title=\"Protected property\">items</span>: <span class=sf-dump-note>array:4</span> [ &#8230;4]
      #<span class=sf-dump-protected title=\"Protected property\">escapeWhenCastingToString</span>: <span class=sf-dump-const>false</span>
    </samp>}
  </samp>]
  #<span class=sf-dump-protected title=\"Protected property\">touches</span>: []
  +<span class=sf-dump-public title=\"Public property\">timestamps</span>: <span class=sf-dump-const>true</span>
  +<span class=sf-dump-public title=\"Public property\">usesUniqueIds</span>: <span class=sf-dump-const>false</span>
  #<span class=sf-dump-protected title=\"Protected property\">hidden</span>: []
  #<span class=sf-dump-protected title=\"Protected property\">visible</span>: []
  #<span class=sf-dump-protected title=\"Protected property\">fillable</span>: <span class=sf-dump-note>array:6</span> [<samp data-depth=2 class=sf-dump-compact>
    <span class=sf-dump-index>0</span> => \"<span class=sf-dump-str title=\"5 characters\">judul</span>\"
    <span class=sf-dump-index>1</span> => \"<span class=sf-dump-str title=\"9 characters\">deskripsi</span>\"
    <span class=sf-dump-index>2</span> => \"<span class=sf-dump-str title=\"4 characters\">file</span>\"
    <span class=sf-dump-index>3</span> => \"<span class=sf-dump-str title=\"14 characters\">jumlah_yayasan</span>\"
    <span class=sf-dump-index>4</span> => \"<span class=sf-dump-str title=\"14 characters\">jumlah_donatur</span>\"
    <span class=sf-dump-index>5</span> => \"<span class=sf-dump-str title=\"12 characters\">status_kilau</span>\"
  </samp>]
  #<span class=sf-dump-protected title=\"Protected property\">guarded</span>: <span class=sf-dump-note>array:1</span> [<samp data-depth=2 class=sf-dump-compact>
    <span class=sf-dump-index>0</span> => \"<span class=sf-dump-str>*</span>\"
  </samp>]
</samp>}
</pre><script>Sfdump(\"sf-dump-1181203522\", {\"maxDepth\":3,\"maxStringLength\":160})</script>
","idx":"<pre class=sf-dump id=sf-dump-1627212592 data-indent-pad=\"  \"><span class=sf-dump-num>0</span>
</pre><script>Sfdump(\"sf-dump-1627212592\", {\"maxDepth\":3,\"maxStringLength\":160})</script>
","loop":"<pre class=sf-dump id=sf-dump-1388101884 data-indent-pad=\"  \"><span class=sf-dump-const>null</span>
</pre><script>Sfdump(\"sf-dump-1388101884\", {\"maxDepth\":3,\"maxStringLength\":160})</script>
","isPng":"<pre class=sf-dump id=sf-dump-859830515 data-indent-pad=\"  \"><span class=sf-dump-const>true</span>
</pre><script>Sfdump(\"sf-dump-859830515\", {\"maxDepth\":3,\"maxStringLength\":160})</script>
","link":"<pre class=sf-dump id=sf-dump-1445257797 data-indent-pad=\"  \">\"\"
</pre><script>Sfdump(\"sf-dump-1445257797\", {\"maxDepth\":3,\"maxStringLength\":160})</script>
","label":"<pre class=sf-dump id=sf-dump-2142878194 data-indent-pad=\"  \">\"<span class=sf-dump-str title=\"16 characters\">Berbagi Sekarang</span>\"
</pre><script>Sfdump(\"sf-dump-2142878194\", {\"maxDepth\":3,\"maxStringLength\":160})</script>
","icon":"<pre class=sf-dump id=sf-dump-213178503 data-indent-pad=\"  \">\"<span class=sf-dump-str title=\"7 characters\">fa-star</span>\"
</pre><script>Sfdump(\"sf-dump-213178503\", {\"maxDepth\":3,\"maxStringLength\":160})</script>
","first":"<pre class=sf-dump id=sf-dump-2104505746 data-indent-pad=\"  \"><span class=sf-dump-note>App\\Models\\KilauIklan</span> {<a class=sf-dump-ref>#660</a><samp data-depth=1 class=sf-dump-expanded>
  #<span class=sf-dump-protected title=\"Protected property\">connection</span>: \"<span class=sf-dump-str title=\"5 characters\">mysql</span>\"
  #<span class=sf-dump-protected title=\"Protected property\">table</span>: \"<span class=sf-dump-str title=\"10 characters\">kilauiklan</span>\"
  #<span class=sf-dump-protected title=\"Protected property\">primaryKey</span>: \"<span class=sf-dump-str title=\"2 characters\">id</span>\"
  #<span class=sf-dump-protected title=\"Protected property\">keyType</span>: \"<span class=sf-dump-str title=\"3 characters\">int</span>\"
  +<span class=sf-dump-public title=\"Public property\">incrementing</span>: <span class=sf-dump-const>true</span>
  #<span class=sf-dump-protected title=\"Protected property\">with</span>: []
  #<span class=sf-dump-protected title=\"Protected property\">withCount</span>: []
  +<span class=sf-dump-public title=\"Public property\">preventsLazyLoading</span>: <span class=sf-dump-const>false</span>
  #<span class=sf-dump-protected title=\"Protected property\">perPage</span>: <span class=sf-dump-num>15</span>
  +<span class=sf-dump-public title=\"Public property\">exists</span>: <span class=sf-dump-const>true</span>
  +<span class=sf-dump-public title=\"Public property\">wasRecentlyCreated</span>: <span class=sf-dump-const>false</span>
  #<span class=sf-dump-protected title=\"Protected property\">escapeWhenCastingToString</span>: <span class=sf-dump-const>false</span>
  #<span class=sf-dump-protected title=\"Protected property\">attributes</span>: <span class=sf-dump-note>array:9</span> [<samp data-depth=2 class=sf-dump-compact>
    \"<span class=sf-dump-key>id</span>\" => <span class=sf-dump-num>8</span>
    \"<span class=sf-dump-key>file</span>\" => \"<span class=sf-dump-str title=\"63 characters\">berbagidonasiiklan/7ARIYbV26REWGhTYKiqtKkAfVKSm1a699f0DgYeJ.png</span>\"
    \"<span class=sf-dump-key>nama</span>\" => \"<span class=sf-dump-str title=\"16 characters\">Waktunya Berbagi</span>\"
    \"<span class=sf-dump-key>statuskilauiklan</span>\" => \"<span class=sf-dump-str>1</span>\"
    \"<span class=sf-dump-key>icon_iklan</span>\" => \"<span class=sf-dump-str title=\"7 characters\">fa-star</span>\"
    \"<span class=sf-dump-key>name_button_iklan</span>\" => <span class=sf-dump-const>null</span>
    \"<span class=sf-dump-key>link</span>\" => <span class=sf-dump-const>null</span>
    \"<span class=sf-dump-key>created_at</span>\" => \"<span class=sf-dump-str title=\"19 characters\">2025-04-16 08:06:06</span>\"
    \"<span class=sf-dump-key>updated_at</span>\" => \"<span class=sf-dump-str title=\"19 characters\">2025-05-09 02:35:19</span>\"
  </samp>]
  #<span class=sf-dump-protected title=\"Protected property\">original</span>: <span class=sf-dump-note>array:9</span> [<samp data-depth=2 class=sf-dump-compact>
    \"<span class=sf-dump-key>id</span>\" => <span class=sf-dump-num>8</span>
    \"<span class=sf-dump-key>file</span>\" => \"<span class=sf-dump-str title=\"63 characters\">berbagidonasiiklan/7ARIYbV26REWGhTYKiqtKkAfVKSm1a699f0DgYeJ.png</span>\"
    \"<span class=sf-dump-key>nama</span>\" => \"<span class=sf-dump-str title=\"16 characters\">Waktunya Berbagi</span>\"
    \"<span class=sf-dump-key>statuskilauiklan</span>\" => \"<span class=sf-dump-str>1</span>\"
    \"<span class=sf-dump-key>icon_iklan</span>\" => \"<span class=sf-dump-str title=\"7 characters\">fa-star</span>\"
    \"<span class=sf-dump-key>name_button_iklan</span>\" => <span class=sf-dump-const>null</span>
    \"<span class=sf-dump-key>link</span>\" => <span class=sf-dump-const>null</span>
    \"<span class=sf-dump-key>created_at</span>\" => \"<span class=sf-dump-str title=\"19 characters\">2025-04-16 08:06:06</span>\"
    \"<span class=sf-dump-key>updated_at</span>\" => \"<span class=sf-dump-str title=\"19 characters\">2025-05-09 02:35:19</span>\"
  </samp>]
  #<span class=sf-dump-protected title=\"Protected property\">changes</span>: []
  #<span class=sf-dump-protected title=\"Protected property\">casts</span>: []
  #<span class=sf-dump-protected title=\"Protected property\">classCastCache</span>: []
  #<span class=sf-dump-protected title=\"Protected property\">attributeCastCache</span>: []
  #<span class=sf-dump-protected title=\"Protected property\">dateFormat</span>: <span class=sf-dump-const>null</span>
  #<span class=sf-dump-protected title=\"Protected property\">appends</span>: []
  #<span class=sf-dump-protected title=\"Protected property\">dispatchesEvents</span>: []
  #<span class=sf-dump-protected title=\"Protected property\">observables</span>: []
  #<span class=sf-dump-protected title=\"Protected property\">relations</span>: []
  #<span class=sf-dump-protected title=\"Protected property\">touches</span>: []
  +<span class=sf-dump-public title=\"Public property\">timestamps</span>: <span class=sf-dump-const>true</span>
  +<span class=sf-dump-public title=\"Public property\">usesUniqueIds</span>: <span class=sf-dump-const>false</span>
  #<span class=sf-dump-protected title=\"Protected property\">hidden</span>: []
  #<span class=sf-dump-protected title=\"Protected property\">visible</span>: []
  #<span class=sf-dump-protected title=\"Protected property\">fillable</span>: <span class=sf-dump-note>array:6</span> [<samp data-depth=2 class=sf-dump-compact>
    <span class=sf-dump-index>0</span> => \"<span class=sf-dump-str title=\"4 characters\">file</span>\"
    <span class=sf-dump-index>1</span> => \"<span class=sf-dump-str title=\"4 characters\">nama</span>\"
    <span class=sf-dump-index>2</span> => \"<span class=sf-dump-str title=\"16 characters\">statuskilauiklan</span>\"
    <span class=sf-dump-index>3</span> => \"<span class=sf-dump-str title=\"10 characters\">icon_iklan</span>\"
    <span class=sf-dump-index>4</span> => \"<span class=sf-dump-str title=\"17 characters\">name_button_iklan</span>\"
    <span class=sf-dump-index>5</span> => \"<span class=sf-dump-str title=\"4 characters\">link</span>\"
  </samp>]
  #<span class=sf-dump-protected title=\"Protected property\">guarded</span>: <span class=sf-dump-note>array:1</span> [<samp data-depth=2 class=sf-dump-compact>
    <span class=sf-dump-index>0</span> => \"<span class=sf-dump-str>*</span>\"
  </samp>]
</samp>}
</pre><script>Sfdump(\"sf-dump-2104505746\", {\"maxDepth\":3,\"maxStringLength\":160})</script>
","ikon":"<pre class=sf-dump id=sf-dump-2055723086 data-indent-pad=\"  \">\"<span class=sf-dump-str title=\"7 characters\">fa-star</span>\"
</pre><script>Sfdump(\"sf-dump-2055723086\", {\"maxDepth\":3,\"maxStringLength\":160})</script>
","program":"<pre class=sf-dump id=sf-dump-2010674881 data-indent-pad=\"  \"><span class=sf-dump-note>App\\Models\\Program</span> {<a class=sf-dump-ref>#589</a><samp data-depth=1 class=sf-dump-expanded>
  #<span class=sf-dump-protected title=\"Protected property\">connection</span>: \"<span class=sf-dump-str title=\"5 characters\">mysql</span>\"
  #<span class=sf-dump-protected title=\"Protected property\">table</span>: \"<span class=sf-dump-str title=\"8 characters\">programs</span>\"
  #<span class=sf-dump-protected title=\"Protected property\">primaryKey</span>: \"<span class=sf-dump-str title=\"2 characters\">id</span>\"
  #<span class=sf-dump-protected title=\"Protected property\">keyType</span>: \"<span class=sf-dump-str title=\"3 characters\">int</span>\"
  +<span class=sf-dump-public title=\"Public property\">incrementing</span>: <span class=sf-dump-const>true</span>
  #<span class=sf-dump-protected title=\"Protected property\">with</span>: []
  #<span class=sf-dump-protected title=\"Protected property\">withCount</span>: []
  +<span class=sf-dump-public title=\"Public property\">preventsLazyLoading</span>: <span class=sf-dump-const>false</span>
  #<span class=sf-dump-protected title=\"Protected property\">perPage</span>: <span class=sf-dump-num>15</span>
  +<span class=sf-dump-public title=\"Public property\">exists</span>: <span class=sf-dump-const>true</span>
  +<span class=sf-dump-public title=\"Public property\">wasRecentlyCreated</span>: <span class=sf-dump-const>false</span>
  #<span class=sf-dump-protected title=\"Protected property\">escapeWhenCastingToString</span>: <span class=sf-dump-const>false</span>
  #<span class=sf-dump-protected title=\"Protected property\">attributes</span>: <span class=sf-dump-note>array:10</span> [<samp data-depth=2 class=sf-dump-compact>
    \"<span class=sf-dump-key>id</span>\" => <span class=sf-dump-num>30</span>
    \"<span class=sf-dump-key>judul</span>\" => \"<span class=sf-dump-str title=\"47 characters\">Barra, 8 Tahun, Terus Berjuang Melawan Leukemia</span>\"
    \"<span class=sf-dump-key>deskripsi</span>\" => \"\"\"
      <span class=sf-dump-str title=\"1647 characters\">&lt;p&gt;Di usia ketika anak-anak lain masih bebas berlari, bermain, dan tertawa, Barra harus belajar kuat di ruang pengobatan.&lt;/p&gt;<span class=\"sf-dump-default sf-dump-ns\">\\r\\n</span></span>
      <span class=sf-dump-str title=\"1647 characters\"><span class=\"sf-dump-default sf-dump-ns\">\\r\\n</span></span>
      <span class=sf-dump-str title=\"1647 characters\">&lt;p&gt;&lt;strong&gt;Barra asal Sumedang&lt;/strong&gt;, &lt;strong&gt;baru berusia 8 tahun&lt;/strong&gt;. Sejak usianya 7 tahun 6 bulan, tubuh kecilnya mulai berjuang melawan leukemia. Hari-harinya tidak lagi sama. Ada pemeriksaan rutin, obat-obatan, dan kemoterapi yang harus terus ia jalani.&lt;/p&gt;<span class=\"sf-dump-default sf-dump-ns\">\\r\\n</span></span>
      <span class=sf-dump-str title=\"1647 characters\"><span class=\"sf-dump-default sf-dump-ns\">\\r\\n</span></span>
      <span class=sf-dump-str title=\"1647 characters\">&lt;p&gt;Rambut yang mulai rontok, tubuh yang sering lemah, dan rasa sakit yang datang berkali-kali tentu bukan hal mudah untuk anak seusianya. Namun, Barra tetap berusaha bertahan.&lt;/p&gt;<span class=\"sf-dump-default sf-dump-ns\">\\r\\n</span></span>
      <span class=sf-dump-str title=\"1647 characters\"><span class=\"sf-dump-default sf-dump-ns\">\\r\\n</span></span>
      <span class=sf-dump-str title=\"1647 characters\">&lt;p&gt;Di setiap langkah pengobatan, ada ibunya yang setia mendampingi. Mereka tinggal di rumah milik nenek. Sementara ayah Barra bekerja sebagai pedagang di Bogor, berusaha mencari nafkah agar keluarganya tetap bisa bertahan.&lt;/p&gt;<span class=\"sf-dump-default sf-dump-ns\">\\r\\n</span></span>
      <span class=sf-dump-str title=\"1647 characters\"><span class=\"sf-dump-default sf-dump-ns\">\\r\\n</span></span>
      <span class=sf-dump-str title=\"1647 characters\">&lt;p&gt;Namun, perjuangan melawan leukemia bukan hanya soal keberanian. Ada &lt;strong&gt;biaya transportasi untuk kontrol dan kemoterapi&lt;/strong&gt;, kebutuhan makan selama pengobatan, obat pendamping, nutrisi, serta kebutuhan harian lain yang terus datang.&lt;/p&gt;<span class=\"sf-dump-default sf-dump-ns\">\\r\\n</span></span>
      <span class=sf-dump-str title=\"1647 characters\"><span class=\"sf-dump-default sf-dump-ns\">\\r\\n</span></span>
      <span class=sf-dump-str title=\"1647 characters\">&lt;p&gt;Bagi keluarga Barra, setiap jadwal pengobatan adalah perjuangan. Mereka hanya berharap pengobatan ini bisa terus berjalan, agar Barra punya kesempatan untuk kembali kuat dan menikmati masa kecilnya.&lt;/p&gt;<span class=\"sf-dump-default sf-dump-ns\">\\r\\n</span></span>
      <span class=sf-dump-str title=\"1647 characters\"><span class=\"sf-dump-default sf-dump-ns\">\\r\\n</span></span>
      <span class=sf-dump-str title=\"1647 characters\">&lt;p&gt;&lt;strong&gt;Mari Bantu Ringankan Perjuangan Barra!!!&lt;/strong&gt;&amp;nbsp;Bantuan Sahabat dapat membantu kebutuhan transportasi, nutrisi, obat pendamping, dan kebutuhan harian Barra selama menjalani pengobatan.&lt;/p&gt;<span class=\"sf-dump-default sf-dump-ns\">\\r\\n</span></span>
      <span class=sf-dump-str title=\"1647 characters\"><span class=\"sf-dump-default sf-dump-ns\">\\r\\n</span></span>
      <span class=sf-dump-str title=\"1647 characters\">&lt;p&gt;&lt;strong&gt;Bantu Barra Terus Berjuang Melawan Leukemia!!!&lt;/strong&gt;&amp;nbsp;Karena setiap anak berhak mendapatkan kesempatan menjalani pengobatan dengan layak.&lt;/p&gt;</span>
      \"\"\"
    \"<span class=sf-dump-key>program_yang_berhasil_dijalankan</span>\" => \"<span class=sf-dump-str>1</span>\"
    \"<span class=sf-dump-key>foto_image</span>\" => <span class=sf-dump-const>null</span>
    \"<span class=sf-dump-key>thumbnail_image</span>\" => <span class=sf-dump-const>null</span>
    \"<span class=sf-dump-key>status_program</span>\" => \"<span class=sf-dump-str>1</span>\"
    \"<span class=sf-dump-key>created_at</span>\" => \"<span class=sf-dump-str title=\"19 characters\">2026-05-19 06:40:22</span>\"
    \"<span class=sf-dump-key>updated_at</span>\" => \"<span class=sf-dump-str title=\"19 characters\">2026-05-19 06:40:22</span>\"
    \"<span class=sf-dump-key>jumlah_target_tercapai</span>\" => \"<span class=sf-dump-str>1</span>\"
  </samp>]
  #<span class=sf-dump-protected title=\"Protected property\">original</span>: <span class=sf-dump-note>array:10</span> [<samp data-depth=2 class=sf-dump-compact>
    \"<span class=sf-dump-key>id</span>\" => <span class=sf-dump-num>30</span>
    \"<span class=sf-dump-key>judul</span>\" => \"<span class=sf-dump-str title=\"47 characters\">Barra, 8 Tahun, Terus Berjuang Melawan Leukemia</span>\"
    \"<span class=sf-dump-key>deskripsi</span>\" => \"\"\"
      <span class=sf-dump-str title=\"1647 characters\">&lt;p&gt;Di usia ketika anak-anak lain masih bebas berlari, bermain, dan tertawa, Barra harus belajar kuat di ruang pengobatan.&lt;/p&gt;<span class=\"sf-dump-default sf-dump-ns\">\\r\\n</span></span>
      <span class=sf-dump-str title=\"1647 characters\"><span class=\"sf-dump-default sf-dump-ns\">\\r\\n</span></span>
      <span class=sf-dump-str title=\"1647 characters\">&lt;p&gt;&lt;strong&gt;Barra asal Sumedang&lt;/strong&gt;, &lt;strong&gt;baru berusia 8 tahun&lt;/strong&gt;. Sejak usianya 7 tahun 6 bulan, tubuh kecilnya mulai berjuang melawan leukemia. Hari-harinya tidak lagi sama. Ada pemeriksaan rutin, obat-obatan, dan kemoterapi yang harus terus ia jalani.&lt;/p&gt;<span class=\"sf-dump-default sf-dump-ns\">\\r\\n</span></span>
      <span class=sf-dump-str title=\"1647 characters\"><span class=\"sf-dump-default sf-dump-ns\">\\r\\n</span></span>
      <span class=sf-dump-str title=\"1647 characters\">&lt;p&gt;Rambut yang mulai rontok, tubuh yang sering lemah, dan rasa sakit yang datang berkali-kali tentu bukan hal mudah untuk anak seusianya. Namun, Barra tetap berusaha bertahan.&lt;/p&gt;<span class=\"sf-dump-default sf-dump-ns\">\\r\\n</span></span>
      <span class=sf-dump-str title=\"1647 characters\"><span class=\"sf-dump-default sf-dump-ns\">\\r\\n</span></span>
      <span class=sf-dump-str title=\"1647 characters\">&lt;p&gt;Di setiap langkah pengobatan, ada ibunya yang setia mendampingi. Mereka tinggal di rumah milik nenek. Sementara ayah Barra bekerja sebagai pedagang di Bogor, berusaha mencari nafkah agar keluarganya tetap bisa bertahan.&lt;/p&gt;<span class=\"sf-dump-default sf-dump-ns\">\\r\\n</span></span>
      <span class=sf-dump-str title=\"1647 characters\"><span class=\"sf-dump-default sf-dump-ns\">\\r\\n</span></span>
      <span class=sf-dump-str title=\"1647 characters\">&lt;p&gt;Namun, perjuangan melawan leukemia bukan hanya soal keberanian. Ada &lt;strong&gt;biaya transportasi untuk kontrol dan kemoterapi&lt;/strong&gt;, kebutuhan makan selama pengobatan, obat pendamping, nutrisi, serta kebutuhan harian lain yang terus datang.&lt;/p&gt;<span class=\"sf-dump-default sf-dump-ns\">\\r\\n</span></span>
      <span class=sf-dump-str title=\"1647 characters\"><span class=\"sf-dump-default sf-dump-ns\">\\r\\n</span></span>
      <span class=sf-dump-str title=\"1647 characters\">&lt;p&gt;Bagi keluarga Barra, setiap jadwal pengobatan adalah perjuangan. Mereka hanya berharap pengobatan ini bisa terus berjalan, agar Barra punya kesempatan untuk kembali kuat dan menikmati masa kecilnya.&lt;/p&gt;<span class=\"sf-dump-default sf-dump-ns\">\\r\\n</span></span>
      <span class=sf-dump-str title=\"1647 characters\"><span class=\"sf-dump-default sf-dump-ns\">\\r\\n</span></span>
      <span class=sf-dump-str title=\"1647 characters\">&lt;p&gt;&lt;strong&gt;Mari Bantu Ringankan Perjuangan Barra!!!&lt;/strong&gt;&amp;nbsp;Bantuan Sahabat dapat membantu kebutuhan transportasi, nutrisi, obat pendamping, dan kebutuhan harian Barra selama menjalani pengobatan.&lt;/p&gt;<span class=\"sf-dump-default sf-dump-ns\">\\r\\n</span></span>
      <span class=sf-dump-str title=\"1647 characters\"><span class=\"sf-dump-default sf-dump-ns\">\\r\\n</span></span>
      <span class=sf-dump-str title=\"1647 characters\">&lt;p&gt;&lt;strong&gt;Bantu Barra Terus Berjuang Melawan Leukemia!!!&lt;/strong&gt;&amp;nbsp;Karena setiap anak berhak mendapatkan kesempatan menjalani pengobatan dengan layak.&lt;/p&gt;</span>
      \"\"\"
    \"<span class=sf-dump-key>program_yang_berhasil_dijalankan</span>\" => \"<span class=sf-dump-str>1</span>\"
    \"<span class=sf-dump-key>foto_image</span>\" => <span class=sf-dump-const>null</span>
    \"<span class=sf-dump-key>thumbnail_image</span>\" => <span class=sf-dump-const>null</span>
    \"<span class=sf-dump-key>status_program</span>\" => \"<span class=sf-dump-str>1</span>\"
    \"<span class=sf-dump-key>created_at</span>\" => \"<span class=sf-dump-str title=\"19 characters\">2026-05-19 06:40:22</span>\"
    \"<span class=sf-dump-key>updated_at</span>\" => \"<span class=sf-dump-str title=\"19 characters\">2026-05-19 06:40:22</span>\"
    \"<span class=sf-dump-key>jumlah_target_tercapai</span>\" => \"<span class=sf-dump-str>1</span>\"
  </samp>]
  #<span class=sf-dump-protected title=\"Protected property\">changes</span>: []
  #<span class=sf-dump-protected title=\"Protected property\">casts</span>: <span class=sf-dump-note>array:1</span> [<samp data-depth=2 class=sf-dump-compact>
    \"<span class=sf-dump-key>foto_image</span>\" => \"<span class=sf-dump-str title=\"5 characters\">array</span>\"
  </samp>]
  #<span class=sf-dump-protected title=\"Protected property\">classCastCache</span>: []
  #<span class=sf-dump-protected title=\"Protected property\">attributeCastCache</span>: []
  #<span class=sf-dump-protected title=\"Protected property\">dateFormat</span>: <span class=sf-dump-const>null</span>
  #<span class=sf-dump-protected title=\"Protected property\">appends</span>: []
  #<span class=sf-dump-protected title=\"Protected property\">dispatchesEvents</span>: []
  #<span class=sf-dump-protected title=\"Protected property\">observables</span>: []
  #<span class=sf-dump-protected title=\"Protected property\">relations</span>: <span class=sf-dump-note>array:2</span> [<samp data-depth=2 class=sf-dump-compact>
    \"<span class=sf-dump-key>mitras</span>\" => <span class=sf-dump-note title=\"Illuminate\\Database\\Eloquent\\Collection
\"><span class=\"sf-dump-ellipsis sf-dump-ellipsis-note\">Illuminate\\Database\\Eloquent</span><span class=\"sf-dump-ellipsis sf-dump-ellipsis-note\">\\</span>Collection</span> {<a class=sf-dump-ref>#593</a><samp data-depth=3 class=sf-dump-compact>
      #<span class=sf-dump-protected title=\"Protected property\">items</span>: <span class=sf-dump-note>array:2</span> [ &#8230;2]
      #<span class=sf-dump-protected title=\"Protected property\">escapeWhenCastingToString</span>: <span class=sf-dump-const>false</span>
    </samp>}
    \"<span class=sf-dump-key>feedbacks</span>\" => <span class=sf-dump-note title=\"Illuminate\\Database\\Eloquent\\Collection
\"><span class=\"sf-dump-ellipsis sf-dump-ellipsis-note\">Illuminate\\Database\\Eloquent</span><span class=\"sf-dump-ellipsis sf-dump-ellipsis-note\">\\</span>Collection</span> {<a class=sf-dump-ref>#594</a><samp data-depth=3 class=sf-dump-compact>
      #<span class=sf-dump-protected title=\"Protected property\">items</span>: []
      #<span class=sf-dump-protected title=\"Protected property\">escapeWhenCastingToString</span>: <span class=sf-dump-const>false</span>
    </samp>}
  </samp>]
  #<span class=sf-dump-protected title=\"Protected property\">touches</span>: []
  +<span class=sf-dump-public title=\"Public property\">timestamps</span>: <span class=sf-dump-const>true</span>
  +<span class=sf-dump-public title=\"Public property\">usesUniqueIds</span>: <span class=sf-dump-const>false</span>
  #<span class=sf-dump-protected title=\"Protected property\">hidden</span>: []
  #<span class=sf-dump-protected title=\"Protected property\">visible</span>: []
  #<span class=sf-dump-protected title=\"Protected property\">fillable</span>: <span class=sf-dump-note>array:7</span> [<samp data-depth=2 class=sf-dump-compact>
    <span class=sf-dump-index>0</span> => \"<span class=sf-dump-str title=\"5 characters\">judul</span>\"
    <span class=sf-dump-index>1</span> => \"<span class=sf-dump-str title=\"9 characters\">deskripsi</span>\"
    <span class=sf-dump-index>2</span> => \"<span class=sf-dump-str title=\"32 characters\">program_yang_berhasil_dijalankan</span>\"
    <span class=sf-dump-index>3</span> => \"<span class=sf-dump-str title=\"10 characters\">foto_image</span>\"
    <span class=sf-dump-index>4</span> => \"<span class=sf-dump-str title=\"14 characters\">status_program</span>\"
    <span class=sf-dump-index>5</span> => \"<span class=sf-dump-str title=\"15 characters\">thumbnail_image</span>\"
    <span class=sf-dump-index>6</span> => \"<span class=sf-dump-str title=\"22 characters\">jumlah_target_tercapai</span>\"
  </samp>]
  #<span class=sf-dump-protected title=\"Protected property\">guarded</span>: <span class=sf-dump-note>array:1</span> [<samp data-depth=2 class=sf-dump-compact>
    <span class=sf-dump-index>0</span> => \"<span class=sf-dump-str>*</span>\"
  </samp>]
</samp>}
</pre><script>Sfdump(\"sf-dump-2010674881\", {\"maxDepth\":3,\"maxStringLength\":160})</script>
","amount":"<pre class=sf-dump id=sf-dump-1625114711 data-indent-pad=\"  \"><span class=sf-dump-num>100000</span>
</pre><script>Sfdump(\"sf-dump-1625114711\", {\"maxDepth\":3,\"maxStringLength\":160})</script>
","index":"<pre class=sf-dump id=sf-dump-1815009772 data-indent-pad=\"  \"><span class=sf-dump-num>3</span>
</pre><script>Sfdump(\"sf-dump-1815009772\", {\"maxDepth\":3,\"maxStringLength\":160})</script>
","tentang":"<pre class=sf-dump id=sf-dump-97909108 data-indent-pad=\"  \"><span class=sf-dump-note>App\\Models\\TentangKami</span> {<a class=sf-dump-ref>#507</a><samp data-depth=1 class=sf-dump-expanded>
  #<span class=sf-dump-protected title=\"Protected property\">connection</span>: \"<span class=sf-dump-str title=\"5 characters\">mysql</span>\"
  #<span class=sf-dump-protected title=\"Protected property\">table</span>: \"<span class=sf-dump-str title=\"12 characters\">tentang_kami</span>\"
  #<span class=sf-dump-protected title=\"Protected property\">primaryKey</span>: \"<span class=sf-dump-str title=\"2 characters\">id</span>\"
  #<span class=sf-dump-protected title=\"Protected property\">keyType</span>: \"<span class=sf-dump-str title=\"3 characters\">int</span>\"
  +<span class=sf-dump-public title=\"Public property\">incrementing</span>: <span class=sf-dump-const>true</span>
  #<span class=sf-dump-protected title=\"Protected property\">with</span>: []
  #<span class=sf-dump-protected title=\"Protected property\">withCount</span>: []
  +<span class=sf-dump-public title=\"Public property\">preventsLazyLoading</span>: <span class=sf-dump-const>false</span>
  #<span class=sf-dump-protected title=\"Protected property\">perPage</span>: <span class=sf-dump-num>15</span>
  +<span class=sf-dump-public title=\"Public property\">exists</span>: <span class=sf-dump-const>true</span>
  +<span class=sf-dump-public title=\"Public property\">wasRecentlyCreated</span>: <span class=sf-dump-const>false</span>
  #<span class=sf-dump-protected title=\"Protected property\">escapeWhenCastingToString</span>: <span class=sf-dump-const>false</span>
  #<span class=sf-dump-protected title=\"Protected property\">attributes</span>: <span class=sf-dump-note>array:7</span> [<samp data-depth=2 class=sf-dump-compact>
    \"<span class=sf-dump-key>id</span>\" => <span class=sf-dump-num>7</span>
    \"<span class=sf-dump-key>judul_tentang_kami</span>\" => \"<span class=sf-dump-str title=\"28 characters\">Mari Lebih Dekat dengan Kami</span>\"
    \"<span class=sf-dump-key>deskripsi</span>\" => \"\"\"
      <span class=sf-dump-str title=\"615 characters\">Sebagai lembaga yang fokus pada pelayanan Kesehatan melalui program unggulan Berbagi Sehat, Kilau Indonesia menyediakan berbagai layanan seperti pendampingan advokasi kesehatan pasien, pelayanan pengobatan gratis, dan mini Medical Check-Up (MCU). Selain itu, Kilau Indonesia juga mengelola program pendampingan di bidang Pendidikan (Berbagi Pendidikan), pangan (Berbagi Makan), dan pemberdayaan ekonomi (Berbagi Sejahtera).<span class=\"sf-dump-default sf-dump-ns\">\\r\\n</span></span>
      <span class=sf-dump-str title=\"615 characters\"><span class=\"sf-dump-default sf-dump-ns\">\\r\\n</span></span>
      <span class=sf-dump-str title=\"615 characters\">Keberhasilan program-program tersebut sangat bergantung pada strategi komunikasi dan pemasaran yang efektif untuk menjangkau  masyarakat luas serta menggalang dukungan dari berbagai pihak.</span>
      \"\"\"
    \"<span class=sf-dump-key>file</span>\" => \"<span class=sf-dump-str title=\"57 characters\">tentang_kami/ecUPTaHlKgP3QIWXNhAqQPbdYkRNu5LHbcTpmehM.png</span>\"
    \"<span class=sf-dump-key>status_tentang_kami</span>\" => \"<span class=sf-dump-str>1</span>\"
    \"<span class=sf-dump-key>created_at</span>\" => \"<span class=sf-dump-str title=\"19 characters\">2025-02-28 04:31:41</span>\"
    \"<span class=sf-dump-key>updated_at</span>\" => \"<span class=sf-dump-str title=\"19 characters\">2025-02-28 04:51:28</span>\"
  </samp>]
  #<span class=sf-dump-protected title=\"Protected property\">original</span>: <span class=sf-dump-note>array:7</span> [<samp data-depth=2 class=sf-dump-compact>
    \"<span class=sf-dump-key>id</span>\" => <span class=sf-dump-num>7</span>
    \"<span class=sf-dump-key>judul_tentang_kami</span>\" => \"<span class=sf-dump-str title=\"28 characters\">Mari Lebih Dekat dengan Kami</span>\"
    \"<span class=sf-dump-key>deskripsi</span>\" => \"\"\"
      <span class=sf-dump-str title=\"615 characters\">Sebagai lembaga yang fokus pada pelayanan Kesehatan melalui program unggulan Berbagi Sehat, Kilau Indonesia menyediakan berbagai layanan seperti pendampingan advokasi kesehatan pasien, pelayanan pengobatan gratis, dan mini Medical Check-Up (MCU). Selain itu, Kilau Indonesia juga mengelola program pendampingan di bidang Pendidikan (Berbagi Pendidikan), pangan (Berbagi Makan), dan pemberdayaan ekonomi (Berbagi Sejahtera).<span class=\"sf-dump-default sf-dump-ns\">\\r\\n</span></span>
      <span class=sf-dump-str title=\"615 characters\"><span class=\"sf-dump-default sf-dump-ns\">\\r\\n</span></span>
      <span class=sf-dump-str title=\"615 characters\">Keberhasilan program-program tersebut sangat bergantung pada strategi komunikasi dan pemasaran yang efektif untuk menjangkau  masyarakat luas serta menggalang dukungan dari berbagai pihak.</span>
      \"\"\"
    \"<span class=sf-dump-key>file</span>\" => \"<span class=sf-dump-str title=\"57 characters\">tentang_kami/ecUPTaHlKgP3QIWXNhAqQPbdYkRNu5LHbcTpmehM.png</span>\"
    \"<span class=sf-dump-key>status_tentang_kami</span>\" => \"<span class=sf-dump-str>1</span>\"
    \"<span class=sf-dump-key>created_at</span>\" => \"<span class=sf-dump-str title=\"19 characters\">2025-02-28 04:31:41</span>\"
    \"<span class=sf-dump-key>updated_at</span>\" => \"<span class=sf-dump-str title=\"19 characters\">2025-02-28 04:51:28</span>\"
  </samp>]
  #<span class=sf-dump-protected title=\"Protected property\">changes</span>: []
  #<span class=sf-dump-protected title=\"Protected property\">casts</span>: []
  #<span class=sf-dump-protected title=\"Protected property\">classCastCache</span>: []
  #<span class=sf-dump-protected title=\"Protected property\">attributeCastCache</span>: []
  #<span class=sf-dump-protected title=\"Protected property\">dateFormat</span>: <span class=sf-dump-const>null</span>
  #<span class=sf-dump-protected title=\"Protected property\">appends</span>: []
  #<span class=sf-dump-protected title=\"Protected property\">dispatchesEvents</span>: []
  #<span class=sf-dump-protected title=\"Protected property\">observables</span>: []
  #<span class=sf-dump-protected title=\"Protected property\">relations</span>: []
  #<span class=sf-dump-protected title=\"Protected property\">touches</span>: []
  +<span class=sf-dump-public title=\"Public property\">timestamps</span>: <span class=sf-dump-const>true</span>
  +<span class=sf-dump-public title=\"Public property\">usesUniqueIds</span>: <span class=sf-dump-const>false</span>
  #<span class=sf-dump-protected title=\"Protected property\">hidden</span>: []
  #<span class=sf-dump-protected title=\"Protected property\">visible</span>: []
  #<span class=sf-dump-protected title=\"Protected property\">fillable</span>: <span class=sf-dump-note>array:4</span> [<samp data-depth=2 class=sf-dump-compact>
    <span class=sf-dump-index>0</span> => \"<span class=sf-dump-str title=\"18 characters\">judul_tentang_kami</span>\"
    <span class=sf-dump-index>1</span> => \"<span class=sf-dump-str title=\"9 characters\">deskripsi</span>\"
    <span class=sf-dump-index>2</span> => \"<span class=sf-dump-str title=\"4 characters\">file</span>\"
    <span class=sf-dump-index>3</span> => \"<span class=sf-dump-str title=\"19 characters\">status_tentang_kami</span>\"
  </samp>]
  #<span class=sf-dump-protected title=\"Protected property\">guarded</span>: <span class=sf-dump-note>array:1</span> [<samp data-depth=2 class=sf-dump-compact>
    <span class=sf-dump-index>0</span> => \"<span class=sf-dump-str>*</span>\"
  </samp>]
</samp>}
</pre><script>Sfdump(\"sf-dump-97909108\", {\"maxDepth\":3,\"maxStringLength\":160})</script>
","iklanList":"<pre class=sf-dump id=sf-dump-532690024 data-indent-pad=\"  \"><span class=sf-dump-note>App\\Models\\IklanKilauList</span> {<a class=sf-dump-ref>#702</a><samp data-depth=1 class=sf-dump-expanded>
  #<span class=sf-dump-protected title=\"Protected property\">connection</span>: \"<span class=sf-dump-str title=\"5 characters\">mysql</span>\"
  #<span class=sf-dump-protected title=\"Protected property\">table</span>: \"<span class=sf-dump-str title=\"16 characters\">iklan_kilau_list</span>\"
  #<span class=sf-dump-protected title=\"Protected property\">primaryKey</span>: \"<span class=sf-dump-str title=\"2 characters\">id</span>\"
  #<span class=sf-dump-protected title=\"Protected property\">keyType</span>: \"<span class=sf-dump-str title=\"3 characters\">int</span>\"
  +<span class=sf-dump-public title=\"Public property\">incrementing</span>: <span class=sf-dump-const>true</span>
  #<span class=sf-dump-protected title=\"Protected property\">with</span>: []
  #<span class=sf-dump-protected title=\"Protected property\">withCount</span>: []
  +<span class=sf-dump-public title=\"Public property\">preventsLazyLoading</span>: <span class=sf-dump-const>false</span>
  #<span class=sf-dump-protected title=\"Protected property\">perPage</span>: <span class=sf-dump-num>15</span>
  +<span class=sf-dump-public title=\"Public property\">exists</span>: <span class=sf-dump-const>true</span>
  +<span class=sf-dump-public title=\"Public property\">wasRecentlyCreated</span>: <span class=sf-dump-const>false</span>
  #<span class=sf-dump-protected title=\"Protected property\">escapeWhenCastingToString</span>: <span class=sf-dump-const>false</span>
  #<span class=sf-dump-protected title=\"Protected property\">attributes</span>: <span class=sf-dump-note>array:6</span> [<samp data-depth=2 class=sf-dump-compact>
    \"<span class=sf-dump-key>id</span>\" => <span class=sf-dump-num>39</span>
    \"<span class=sf-dump-key>name</span>\" => \"<span class=sf-dump-str title=\"65 characters\">Berbagi Pendidikan, Bantu Anak Pedesaan Mendapatkan BIMBEL Gratis</span>\"
    \"<span class=sf-dump-key>iklan_kilau_id</span>\" => <span class=sf-dump-num>19</span>
    \"<span class=sf-dump-key>created_at</span>\" => \"<span class=sf-dump-str title=\"19 characters\">2025-02-25 07:40:27</span>\"
    \"<span class=sf-dump-key>updated_at</span>\" => \"<span class=sf-dump-str title=\"19 characters\">2025-02-25 07:40:27</span>\"
    \"<span class=sf-dump-key>status_iklan_kilau_list</span>\" => \"<span class=sf-dump-str>1</span>\"
  </samp>]
  #<span class=sf-dump-protected title=\"Protected property\">original</span>: <span class=sf-dump-note>array:6</span> [<samp data-depth=2 class=sf-dump-compact>
    \"<span class=sf-dump-key>id</span>\" => <span class=sf-dump-num>39</span>
    \"<span class=sf-dump-key>name</span>\" => \"<span class=sf-dump-str title=\"65 characters\">Berbagi Pendidikan, Bantu Anak Pedesaan Mendapatkan BIMBEL Gratis</span>\"
    \"<span class=sf-dump-key>iklan_kilau_id</span>\" => <span class=sf-dump-num>19</span>
    \"<span class=sf-dump-key>created_at</span>\" => \"<span class=sf-dump-str title=\"19 characters\">2025-02-25 07:40:27</span>\"
    \"<span class=sf-dump-key>updated_at</span>\" => \"<span class=sf-dump-str title=\"19 characters\">2025-02-25 07:40:27</span>\"
    \"<span class=sf-dump-key>status_iklan_kilau_list</span>\" => \"<span class=sf-dump-str>1</span>\"
  </samp>]
  #<span class=sf-dump-protected title=\"Protected property\">changes</span>: []
  #<span class=sf-dump-protected title=\"Protected property\">casts</span>: []
  #<span class=sf-dump-protected title=\"Protected property\">classCastCache</span>: []
  #<span class=sf-dump-protected title=\"Protected property\">attributeCastCache</span>: []
  #<span class=sf-dump-protected title=\"Protected property\">dateFormat</span>: <span class=sf-dump-const>null</span>
  #<span class=sf-dump-protected title=\"Protected property\">appends</span>: []
  #<span class=sf-dump-protected title=\"Protected property\">dispatchesEvents</span>: []
  #<span class=sf-dump-protected title=\"Protected property\">observables</span>: []
  #<span class=sf-dump-protected title=\"Protected property\">relations</span>: []
  #<span class=sf-dump-protected title=\"Protected property\">touches</span>: []
  +<span class=sf-dump-public title=\"Public property\">timestamps</span>: <span class=sf-dump-const>true</span>
  +<span class=sf-dump-public title=\"Public property\">usesUniqueIds</span>: <span class=sf-dump-const>false</span>
  #<span class=sf-dump-protected title=\"Protected property\">hidden</span>: []
  #<span class=sf-dump-protected title=\"Protected property\">visible</span>: []
  #<span class=sf-dump-protected title=\"Protected property\">fillable</span>: <span class=sf-dump-note>array:3</span> [<samp data-depth=2 class=sf-dump-compact>
    <span class=sf-dump-index>0</span> => \"<span class=sf-dump-str title=\"4 characters\">name</span>\"
    <span class=sf-dump-index>1</span> => \"<span class=sf-dump-str title=\"14 characters\">iklan_kilau_id</span>\"
    <span class=sf-dump-index>2</span> => \"<span class=sf-dump-str title=\"23 characters\">status_iklan_kilau_list</span>\"
  </samp>]
  #<span class=sf-dump-protected title=\"Protected property\">guarded</span>: <span class=sf-dump-note>array:1</span> [<samp data-depth=2 class=sf-dump-compact>
    <span class=sf-dump-index>0</span> => \"<span class=sf-dump-str>*</span>\"
  </samp>]
</samp>}
</pre><script>Sfdump(\"sf-dump-532690024\", {\"maxDepth\":3,\"maxStringLength\":160})</script>
"}},"exception":"[object] (Spatie\\LaravelIgnition\\Exceptions\\ViewException(code: 0): foreach() argument must be of type array|object, null given at /home/kilauindonesia/homes/resources/views/LandingPageKilau/ourprogram.blade.php:191)
[stacktrace]
#0 /home/kilauindonesia/homes/vendor/laravel/framework/src/Illuminate/Filesystem/Filesystem.php(123): require('/home/kilauindo...')
#1 /home/kilauindonesia/homes/vendor/laravel/framework/src/Illuminate/Filesystem/Filesystem.php(124): Illuminate\\Filesystem\\Filesystem::Illuminate\\Filesystem\\{closure}()
#2 /home/kilauindonesia/homes/vendor/laravel/framework/src/Illuminate/View/Engines/PhpEngine.php(58): Illuminate\\Filesystem\\Filesystem->getRequire('/home/kilauindo...', Array)
#3 /home/kilauindonesia/homes/vendor/laravel/framework/src/Illuminate/View/Engines/CompilerEngine.php(72): Illuminate\\View\\Engines\\PhpEngine->evaluatePath('/home/kilauindo...', Array)
#4 /home/kilauindonesia/homes/vendor/laravel/framework/src/Illuminate/View/View.php(207): Illuminate\\View\\Engines\\CompilerEngine->get('/home/kilauindo...', Array)
#5 /home/kilauindonesia/homes/vendor/laravel/framework/src/Illuminate/View/View.php(190): Illuminate\\View\\View->getContents()
#6 /home/kilauindonesia/homes/vendor/laravel/framework/src/Illuminate/View/View.php(159): Illuminate\\View\\View->renderContents()
#7 /home/kilauindonesia/homes/resources/views/LandingPageKilau/index.blade.php(688): Illuminate\\View\\View->render()
#8 /home/kilauindonesia/homes/vendor/laravel/framework/src/Illuminate/Filesystem/Filesystem.php(123): require('/home/kilauindo...')
#9 /home/kilauindonesia/homes/vendor/laravel/framework/src/Illuminate/Filesystem/Filesystem.php(124): Illuminate\\Filesystem\\Filesystem::Illuminate\\Filesystem\\{closure}()
#10 /home/kilauindonesia/homes/vendor/laravel/framework/src/Illuminate/View/Engines/PhpEngine.php(58): Illuminate\\Filesystem\\Filesystem->getRequire('/home/kilauindo...', Array)
#11 /home/kilauindonesia/homes/vendor/laravel/framework/src/Illuminate/View/Engines/CompilerEngine.php(72): Illuminate\\View\\Engines\\PhpEngine->evaluatePath('/home/kilauindo...', Array)
#12 /home/kilauindonesia/homes/vendor/laravel/framework/src/Illuminate/View/View.php(207): Illuminate\\View\\Engines\\CompilerEngine->get('/home/kilauindo...', Array)
#13 /home/kilauindonesia/homes/vendor/laravel/framework/src/Illuminate/View/View.php(190): Illuminate\\View\\View->getContents()
#14 /home/kilauindonesia/homes/vendor/laravel/framework/src/Illuminate/View/View.php(159): Illuminate\\View\\View->renderContents()
#15 /home/kilauindonesia/homes/vendor/laravel/framework/src/Illuminate/Http/Response.php(69): Illuminate\\View\\View->render()
#16 /home/kilauindonesia/homes/vendor/laravel/framework/src/Illuminate/Http/Response.php(35): Illuminate\\Http\\Response->setContent(Object(Illuminate\\View\\View))
#17 /home/kilauindonesia/homes/vendor/laravel/framework/src/Illuminate/Routing/Router.php(918): Illuminate\\Http\\Response->__construct(Object(Illuminate\\View\\View), 200, Array)
#18 /home/kilauindonesia/homes/vendor/laravel/framework/src/Illuminate/Routing/Router.php(885): Illuminate\\Routing\\Router::toResponse(Object(Illuminate\\Http\\Request), Object(Illuminate\\View\\View))
#19 /home/kilauindonesia/homes/vendor/laravel/framework/src/Illuminate/Routing/Router.php(805): Illuminate\\Routing\\Router->prepareResponse(Object(Illuminate\\Http\\Request), Object(Illuminate\\View\\View))
#20 /home/kilauindonesia/homes/vendor/laravel/framework/src/Illuminate/Pipeline/Pipeline.php(144): Illuminate\\Routing\\Router->Illuminate\\Routing\\{closure}(Object(Illuminate\\Http\\Request))
#21 /home/kilauindonesia/homes/vendor/laravel/framework/src/Illuminate/Routing/Middleware/SubstituteBindings.php(50): Illuminate\\Pipeline\\Pipeline->Illuminate\\Pipeline\\{closure}(Object(Illuminate\\Http\\Request))
#22 /home/kilauindonesia/homes/vendor/laravel/framework/src/Illuminate/Pipeline/Pipeline.php(183): Illuminate\\Routing\\Middleware\\SubstituteBindings->handle(Object(Illuminate\\Http\\Request), Object(Closure))
#23 /home/kilauindonesia/homes/vendor/laravel/framework/src/Illuminate/Foundation/Http/Middleware/VerifyCsrfToken.php(78): Illuminate\\Pipeline\\Pipeline->Illuminate\\Pipeline\\{closure}(Object(Illuminate\\Http\\Request))
#24 /home/kilauindonesia/homes/vendor/laravel/framework/src/Illuminate/Pipeline/Pipeline.php(183): Illuminate\\Foundation\\Http\\Middleware\\VerifyCsrfToken->handle(Object(Illuminate\\Http\\Request), Object(Closure))
#25 /home/kilauindonesia/homes/vendor/laravel/framework/src/Illuminate/View/Middleware/ShareErrorsFromSession.php(49): Illuminate\\Pipeline\\Pipeline->Illuminate\\Pipeline\\{closure}(Object(Illuminate\\Http\\Request))
#26 /home/kilauindonesia/homes/vendor/laravel/framework/src/Illuminate/Pipeline/Pipeline.php(183): Illuminate\\View\\Middleware\\ShareErrorsFromSession->handle(Object(Illuminate\\Http\\Request), Object(Closure))
#27 /home/kilauindonesia/homes/vendor/laravel/framework/src/Illuminate/Session/Middleware/StartSession.php(121): Illuminate\\Pipeline\\Pipeline->Illuminate\\Pipeline\\{closure}(Object(Illuminate\\Http\\Request))
#28 /home/kilauindonesia/homes/vendor/laravel/framework/src/Illuminate/Session/Middleware/StartSession.php(64): Illuminate\\Session\\Middleware\\StartSession->handleStatefulRequest(Object(Illuminate\\Http\\Request), Object(Illuminate\\Session\\Store), Object(Closure))
#29 /home/kilauindonesia/homes/vendor/laravel/framework/src/Illuminate/Pipeline/Pipeline.php(183): Illuminate\\Session\\Middleware\\StartSession->handle(Object(Illuminate\\Http\\Request), Object(Closure))
#30 /home/kilauindonesia/homes/vendor/laravel/framework/src/Illuminate/Cookie/Middleware/AddQueuedCookiesToResponse.php(37): Illuminate\\Pipeline\\Pipeline->Illuminate\\Pipeline\\{closure}(Object(Illuminate\\Http\\Request))
#31 /home/kilauindonesia/homes/vendor/laravel/framework/src/Illuminate/Pipeline/Pipeline.php(183): Illuminate\\Cookie\\Middleware\\AddQueuedCookiesToResponse->handle(Object(Illuminate\\Http\\Request), Object(Closure))
#32 /home/kilauindonesia/homes/vendor/laravel/framework/src/Illuminate/Cookie/Middleware/EncryptCookies.php(67): Illuminate\\Pipeline\\Pipeline->Illuminate\\Pipeline\\{closure}(Object(Illuminate\\Http\\Request))
#33 /home/kilauindonesia/homes/vendor/laravel/framework/src/Illuminate/Pipeline/Pipeline.php(183): Illuminate\\Cookie\\Middleware\\EncryptCookies->handle(Object(Illuminate\\Http\\Request), Object(Closure))
#34 /home/kilauindonesia/homes/vendor/laravel/framework/src/Illuminate/Pipeline/Pipeline.php(119): Illuminate\\Pipeline\\Pipeline->Illuminate\\Pipeline\\{closure}(Object(Illuminate\\Http\\Request))
#35 /home/kilauindonesia/homes/vendor/laravel/framework/src/Illuminate/Routing/Router.php(805): Illuminate\\Pipeline\\Pipeline->then(Object(Closure))
#36 /home/kilauindonesia/homes/vendor/laravel/framework/src/Illuminate/Routing/Router.php(784): Illuminate\\Routing\\Router->runRouteWithinStack(Object(Illuminate\\Routing\\Route), Object(Illuminate\\Http\\Request))
#37 /home/kilauindonesia/homes/vendor/laravel/framework/src/Illuminate/Routing/Router.php(748): Illuminate\\Routing\\Router->runRoute(Object(Illuminate\\Http\\Request), Object(Illuminate\\Routing\\Route))
#38 /home/kilauindonesia/homes/vendor/laravel/framework/src/Illuminate/Routing/Router.php(737): Illuminate\\Routing\\Router->dispatchToRoute(Object(Illuminate\\Http\\Request))
#39 /home/kilauindonesia/homes/vendor/laravel/framework/src/Illuminate/Foundation/Http/Kernel.php(200): Illuminate\\Routing\\Router->dispatch(Object(Illuminate\\Http\\Request))
#40 /home/kilauindonesia/homes/vendor/laravel/framework/src/Illuminate/Pipeline/Pipeline.php(144): Illuminate\\Foundation\\Http\\Kernel->Illuminate\\Foundation\\Http\\{closure}(Object(Illuminate\\Http\\Request))
#41 /home/kilauindonesia/homes/vendor/laravel/framework/src/Illuminate/Foundation/Http/Middleware/TransformsRequest.php(21): Illuminate\\Pipeline\\Pipeline->Illuminate\\Pipeline\\{closure}(Object(Illuminate\\Http\\Request))
#42 /home/kilauindonesia/homes/vendor/laravel/framework/src/Illuminate/Foundation/Http/Middleware/ConvertEmptyStringsToNull.php(31): Illuminate\\Foundation\\Http\\Middleware\\TransformsRequest->handle(Object(Illuminate\\Http\\Request), Object(Closure))
#43 /home/kilauindonesia/homes/vendor/laravel/framework/src/Illuminate/Pipeline/Pipeline.php(183): Illuminate\\Foundation\\Http\\Middleware\\ConvertEmptyStringsToNull->handle(Object(Illuminate\\Http\\Request), Object(Closure))
#44 /home/kilauindonesia/homes/vendor/laravel/framework/src/Illuminate/Foundation/Http/Middleware/TransformsRequest.php(21): Illuminate\\Pipeline\\Pipeline->Illuminate\\Pipeline\\{closure}(Object(Illuminate\\Http\\Request))
#45 /home/kilauindonesia/homes/vendor/laravel/framework/src/Illuminate/Foundation/Http/Middleware/TrimStrings.php(40): Illuminate\\Foundation\\Http\\Middleware\\TransformsRequest->handle(Object(Illuminate\\Http\\Request), Object(Closure))
#46 /home/kilauindonesia/homes/vendor/laravel/framework/src/Illuminate/Pipeline/Pipeline.php(183): Illuminate\\Foundation\\Http\\Middleware\\TrimStrings->handle(Object(Illuminate\\Http\\Request), Object(Closure))
#47 /home/kilauindonesia/homes/vendor/laravel/framework/src/Illuminate/Foundation/Http/Middleware/ValidatePostSize.php(27): Illuminate\\Pipeline\\Pipeline->Illuminate\\Pipeline\\{closure}(Object(Illuminate\\Http\\Request))
#48 /home/kilauindonesia/homes/vendor/laravel/framework/src/Illuminate/Pipeline/Pipeline.php(183): Illuminate\\Foundation\\Http\\Middleware\\ValidatePostSize->handle(Object(Illuminate\\Http\\Request), Object(Closure))
#49 /home/kilauindonesia/homes/vendor/laravel/framework/src/Illuminate/Foundation/Http/Middleware/PreventRequestsDuringMaintenance.php(99): Illuminate\\Pipeline\\Pipeline->Illuminate\\Pipeline\\{closure}(Object(Illuminate\\Http\\Request))
#50 /home/kilauindonesia/homes/vendor/laravel/framework/src/Illuminate/Pipeline/Pipeline.php(183): Illuminate\\Foundation\\Http\\Middleware\\PreventRequestsDuringMaintenance->handle(Object(Illuminate\\Http\\Request), Object(Closure))
#51 /home/kilauindonesia/homes/vendor/laravel/framework/src/Illuminate/Http/Middleware/HandleCors.php(49): Illuminate\\Pipeline\\Pipeline->Illuminate\\Pipeline\\{closure}(Object(Illuminate\\Http\\Request))
#52 /home/kilauindonesia/homes/vendor/laravel/framework/src/Illuminate/Pipeline/Pipeline.php(183): Illuminate\\Http\\Middleware\\HandleCors->handle(Object(Illuminate\\Http\\Request), Object(Closure))
#53 /home/kilauindonesia/homes/vendor/laravel/framework/src/Illuminate/Http/Middleware/TrustProxies.php(39): Illuminate\\Pipeline\\Pipeline->Illuminate\\Pipeline\\{closure}(Object(Illuminate\\Http\\Request))
#54 /home/kilauindonesia/homes/vendor/laravel/framework/src/Illuminate/Pipeline/Pipeline.php(183): Illuminate\\Http\\Middleware\\TrustProxies->handle(Object(Illuminate\\Http\\Request), Object(Closure))
#55 /home/kilauindonesia/homes/vendor/laravel/framework/src/Illuminate/Pipeline/Pipeline.php(119): Illuminate\\Pipeline\\Pipeline->Illuminate\\Pipeline\\{closure}(Object(Illuminate\\Http\\Request))
#56 /home/kilauindonesia/homes/vendor/laravel/framework/src/Illuminate/Foundation/Http/Kernel.php(175): Illuminate\\Pipeline\\Pipeline->then(Object(Closure))
#57 /home/kilauindonesia/homes/vendor/laravel/framework/src/Illuminate/Foundation/Http/Kernel.php(144): Illuminate\\Foundation\\Http\\Kernel->sendRequestThroughRouter(Object(Illuminate\\Http\\Request))
#58 /home/kilauindonesia/public_html/home.kilauindonesia.org/index.php(51): Illuminate\\Foundation\\Http\\Kernel->handle(Object(Illuminate\\Http\\Request))
#59 {main}

[previous exception] [object] (ErrorException(code: 0): foreach() argument must be of type array|object, null given at /home/kilauindonesia/homes/storage/framework/views/bb4d2c5abf6f533297f2f733a099d11b.php:192)
[stacktrace]
#0 /home/kilauindonesia/homes/vendor/laravel/framework/src/Illuminate/Foundation/Bootstrap/HandleExceptions.php(289): Illuminate\\Foundation\\Bootstrap\\HandleExceptions->handleError(2, 'foreach() argum...', '/home/kilauindo...', 192)
#1 /home/kilauindonesia/homes/storage/framework/views/bb4d2c5abf6f533297f2f733a099d11b.php(192): Illuminate\\Foundation\\Bootstrap\\HandleExceptions->Illuminate\\Foundation\\Bootstrap\\{closure}(2, 'foreach() argum...', '/home/kilauindo...', 192)
#2 /home/kilauindonesia/homes/vendor/laravel/framework/src/Illuminate/Filesystem/Filesystem.php(123): require('/home/kilauindo...')
#3 /home/kilauindonesia/homes/vendor/laravel/framework/src/Illuminate/Filesystem/Filesystem.php(124): Illuminate\\Filesystem\\Filesystem::Illuminate\\Filesystem\\{closure}()
#4 /home/kilauindonesia/homes/vendor/laravel/framework/src/Illuminate/View/Engines/PhpEngine.php(58): Illuminate\\Filesystem\\Filesystem->getRequire('/home/kilauindo...', Array)
#5 /home/kilauindonesia/homes/vendor/laravel/framework/src/Illuminate/View/Engines/CompilerEngine.php(72): Illuminate\\View\\Engines\\PhpEngine->evaluatePath('/home/kilauindo...', Array)
#6 /home/kilauindonesia/homes/vendor/laravel/framework/src/Illuminate/View/View.php(207): Illuminate\\View\\Engines\\CompilerEngine->get('/home/kilauindo...', Array)
#7 /home/kilauindonesia/homes/vendor/laravel/framework/src/Illuminate/View/View.php(190): Illuminate\\View\\View->getContents()
#8 /home/kilauindonesia/homes/vendor/laravel/framework/src/Illuminate/View/View.php(159): Illuminate\\View\\View->renderContents()
#9 /home/kilauindonesia/homes/storage/framework/views/dcdbc5465e707be4c5da218069225e1b.php(685): Illuminate\\View\\View->render()
#10 /home/kilauindonesia/homes/vendor/laravel/framework/src/Illuminate/Filesystem/Filesystem.php(123): require('/home/kilauindo...')
#11 /home/kilauindonesia/homes/vendor/laravel/framework/src/Illuminate/Filesystem/Filesystem.php(124): Illuminate\\Filesystem\\Filesystem::Illuminate\\Filesystem\\{closure}()
#12 /home/kilauindonesia/homes/vendor/laravel/framework/src/Illuminate/View/Engines/PhpEngine.php(58): Illuminate\\Filesystem\\Filesystem->getRequire('/home/kilauindo...', Array)
#13 /home/kilauindonesia/homes/vendor/laravel/framework/src/Illuminate/View/Engines/CompilerEngine.php(72): Illuminate\\View\\Engines\\PhpEngine->evaluatePath('/home/kilauindo...', Array)
#14 /home/kilauindonesia/homes/vendor/laravel/framework/src/Illuminate/View/View.php(207): Illuminate\\View\\Engines\\CompilerEngine->get('/home/kilauindo...', Array)
#15 /home/kilauindonesia/homes/vendor/laravel/framework/src/Illuminate/View/View.php(190): Illuminate\\View\\View->getContents()
#16 /home/kilauindonesia/homes/vendor/laravel/framework/src/Illuminate/View/View.php(159): Illuminate\\View\\View->renderContents()
#17 /home/kilauindonesia/homes/vendor/laravel/framework/src/Illuminate/Http/Response.php(69): Illuminate\\View\\View->render()
#18 /home/kilauindonesia/homes/vendor/laravel/framework/src/Illuminate/Http/Response.php(35): Illuminate\\Http\\Response->setContent(Object(Illuminate\\View\\View))
#19 /home/kilauindonesia/homes/vendor/laravel/framework/src/Illuminate/Routing/Router.php(918): Illuminate\\Http\\Response->__construct(Object(Illuminate\\View\\View), 200, Array)
#20 /home/kilauindonesia/homes/vendor/laravel/framework/src/Illuminate/Routing/Router.php(885): Illuminate\\Routing\\Router::toResponse(Object(Illuminate\\Http\\Request), Object(Illuminate\\View\\View))
#21 /home/kilauindonesia/homes/vendor/laravel/framework/src/Illuminate/Routing/Router.php(805): Illuminate\\Routing\\Router->prepareResponse(Object(Illuminate\\Http\\Request), Object(Illuminate\\View\\View))
#22 /home/kilauindonesia/homes/vendor/laravel/framework/src/Illuminate/Pipeline/Pipeline.php(144): Illuminate\\Routing\\Router->Illuminate\\Routing\\{closure}(Object(Illuminate\\Http\\Request))
#23 /home/kilauindonesia/homes/vendor/laravel/framework/src/Illuminate/Routing/Middleware/SubstituteBindings.php(50): Illuminate\\Pipeline\\Pipeline->Illuminate\\Pipeline\\{closure}(Object(Illuminate\\Http\\Request))
#24 /home/kilauindonesia/homes/vendor/laravel/framework/src/Illuminate/Pipeline/Pipeline.php(183): Illuminate\\Routing\\Middleware\\SubstituteBindings->handle(Object(Illuminate\\Http\\Request), Object(Closure))
#25 /home/kilauindonesia/homes/vendor/laravel/framework/src/Illuminate/Foundation/Http/Middleware/VerifyCsrfToken.php(78): Illuminate\\Pipeline\\Pipeline->Illuminate\\Pipeline\\{closure}(Object(Illuminate\\Http\\Request))
#26 /home/kilauindonesia/homes/vendor/laravel/framework/src/Illuminate/Pipeline/Pipeline.php(183): Illuminate\\Foundation\\Http\\Middleware\\VerifyCsrfToken->handle(Object(Illuminate\\Http\\Request), Object(Closure))
#27 /home/kilauindonesia/homes/vendor/laravel/framework/src/Illuminate/View/Middleware/ShareErrorsFromSession.php(49): Illuminate\\Pipeline\\Pipeline->Illuminate\\Pipeline\\{closure}(Object(Illuminate\\Http\\Request))
#28 /home/kilauindonesia/homes/vendor/laravel/framework/src/Illuminate/Pipeline/Pipeline.php(183): Illuminate\\View\\Middleware\\ShareErrorsFromSession->handle(Object(Illuminate\\Http\\Request), Object(Closure))
#29 /home/kilauindonesia/homes/vendor/laravel/framework/src/Illuminate/Session/Middleware/StartSession.php(121): Illuminate\\Pipeline\\Pipeline->Illuminate\\Pipeline\\{closure}(Object(Illuminate\\Http\\Request))
#30 /home/kilauindonesia/homes/vendor/laravel/framework/src/Illuminate/Session/Middleware/StartSession.php(64): Illuminate\\Session\\Middleware\\StartSession->handleStatefulRequest(Object(Illuminate\\Http\\Request), Object(Illuminate\\Session\\Store), Object(Closure))
#31 /home/kilauindonesia/homes/vendor/laravel/framework/src/Illuminate/Pipeline/Pipeline.php(183): Illuminate\\Session\\Middleware\\StartSession->handle(Object(Illuminate\\Http\\Request), Object(Closure))
#32 /home/kilauindonesia/homes/vendor/laravel/framework/src/Illuminate/Cookie/Middleware/AddQueuedCookiesToResponse.php(37): Illuminate\\Pipeline\\Pipeline->Illuminate\\Pipeline\\{closure}(Object(Illuminate\\Http\\Request))
#33 /home/kilauindonesia/homes/vendor/laravel/framework/src/Illuminate/Pipeline/Pipeline.php(183): Illuminate\\Cookie\\Middleware\\AddQueuedCookiesToResponse->handle(Object(Illuminate\\Http\\Request), Object(Closure))
#34 /home/kilauindonesia/homes/vendor/laravel/framework/src/Illuminate/Cookie/Middleware/EncryptCookies.php(67): Illuminate\\Pipeline\\Pipeline->Illuminate\\Pipeline\\{closure}(Object(Illuminate\\Http\\Request))
#35 /home/kilauindonesia/homes/vendor/laravel/framework/src/Illuminate/Pipeline/Pipeline.php(183): Illuminate\\Cookie\\Middleware\\EncryptCookies->handle(Object(Illuminate\\Http\\Request), Object(Closure))
#36 /home/kilauindonesia/homes/vendor/laravel/framework/src/Illuminate/Pipeline/Pipeline.php(119): Illuminate\\Pipeline\\Pipeline->Illuminate\\Pipeline\\{closure}(Object(Illuminate\\Http\\Request))
#37 /home/kilauindonesia/homes/vendor/laravel/framework/src/Illuminate/Routing/Router.php(805): Illuminate\\Pipeline\\Pipeline->then(Object(Closure))
#38 /home/kilauindonesia/homes/vendor/laravel/framework/src/Illuminate/Routing/Router.php(784): Illuminate\\Routing\\Router->runRouteWithinStack(Object(Illuminate\\Routing\\Route), Object(Illuminate\\Http\\Request))
#39 /home/kilauindonesia/homes/vendor/laravel/framework/src/Illuminate/Routing/Router.php(748): Illuminate\\Routing\\Router->runRoute(Object(Illuminate\\Http\\Request), Object(Illuminate\\Routing\\Route))
#40 /home/kilauindonesia/homes/vendor/laravel/framework/src/Illuminate/Routing/Router.php(737): Illuminate\\Routing\\Router->dispatchToRoute(Object(Illuminate\\Http\\Request))
#41 /home/kilauindonesia/homes/vendor/laravel/framework/src/Illuminate/Foundation/Http/Kernel.php(200): Illuminate\\Routing\\Router->dispatch(Object(Illuminate\\Http\\Request))
#42 /home/kilauindonesia/homes/vendor/laravel/framework/src/Illuminate/Pipeline/Pipeline.php(144): Illuminate\\Foundation\\Http\\Kernel->Illuminate\\Foundation\\Http\\{closure}(Object(Illuminate\\Http\\Request))
#43 /home/kilauindonesia/homes/vendor/laravel/framework/src/Illuminate/Foundation/Http/Middleware/TransformsRequest.php(21): Illuminate\\Pipeline\\Pipeline->Illuminate\\Pipeline\\{closure}(Object(Illuminate\\Http\\Request))
#44 /home/kilauindonesia/homes/vendor/laravel/framework/src/Illuminate/Foundation/Http/Middleware/ConvertEmptyStringsToNull.php(31): Illuminate\\Foundation\\Http\\Middleware\\TransformsRequest->handle(Object(Illuminate\\Http\\Request), Object(Closure))
#45 /home/kilauindonesia/homes/vendor/laravel/framework/src/Illuminate/Pipeline/Pipeline.php(183): Illuminate\\Foundation\\Http\\Middleware\\ConvertEmptyStringsToNull->handle(Object(Illuminate\\Http\\Request), Object(Closure))
#46 /home/kilauindonesia/homes/vendor/laravel/framework/src/Illuminate/Foundation/Http/Middleware/TransformsRequest.php(21): Illuminate\\Pipeline\\Pipeline->Illuminate\\Pipeline\\{closure}(Object(Illuminate\\Http\\Request))
#47 /home/kilauindonesia/homes/vendor/laravel/framework/src/Illuminate/Foundation/Http/Middleware/TrimStrings.php(40): Illuminate\\Foundation\\Http\\Middleware\\TransformsRequest->handle(Object(Illuminate\\Http\\Request), Object(Closure))
#48 /home/kilauindonesia/homes/vendor/laravel/framework/src/Illuminate/Pipeline/Pipeline.php(183): Illuminate\\Foundation\\Http\\Middleware\\TrimStrings->handle(Object(Illuminate\\Http\\Request), Object(Closure))
#49 /home/kilauindonesia/homes/vendor/laravel/framework/src/Illuminate/Foundation/Http/Middleware/ValidatePostSize.php(27): Illuminate\\Pipeline\\Pipeline->Illuminate\\Pipeline\\{closure}(Object(Illuminate\\Http\\Request))
#50 /home/kilauindonesia/homes/vendor/laravel/framework/src/Illuminate/Pipeline/Pipeline.php(183): Illuminate\\Foundation\\Http\\Middleware\\ValidatePostSize->handle(Object(Illuminate\\Http\\Request), Object(Closure))
#51 /home/kilauindonesia/homes/vendor/laravel/framework/src/Illuminate/Foundation/Http/Middleware/PreventRequestsDuringMaintenance.php(99): Illuminate\\Pipeline\\Pipeline->Illuminate\\Pipeline\\{closure}(Object(Illuminate\\Http\\Request))
#52 /home/kilauindonesia/homes/vendor/laravel/framework/src/Illuminate/Pipeline/Pipeline.php(183): Illuminate\\Foundation\\Http\\Middleware\\PreventRequestsDuringMaintenance->handle(Object(Illuminate\\Http\\Request), Object(Closure))
#53 /home/kilauindonesia/homes/vendor/laravel/framework/src/Illuminate/Http/Middleware/HandleCors.php(49): Illuminate\\Pipeline\\Pipeline->Illuminate\\Pipeline\\{closure}(Object(Illuminate\\Http\\Request))
#54 /home/kilauindonesia/homes/vendor/laravel/framework/src/Illuminate/Pipeline/Pipeline.php(183): Illuminate\\Http\\Middleware\\HandleCors->handle(Object(Illuminate\\Http\\Request), Object(Closure))
#55 /home/kilauindonesia/homes/vendor/laravel/framework/src/Illuminate/Http/Middleware/TrustProxies.php(39): Illuminate\\Pipeline\\Pipeline->Illuminate\\Pipeline\\{closure}(Object(Illuminate\\Http\\Request))
#56 /home/kilauindonesia/homes/vendor/laravel/framework/src/Illuminate/Pipeline/Pipeline.php(183): Illuminate\\Http\\Middleware\\TrustProxies->handle(Object(Illuminate\\Http\\Request), Object(Closure))
#57 /home/kilauindonesia/homes/vendor/laravel/framework/src/Illuminate/Pipeline/Pipeline.php(119): Illuminate\\Pipeline\\Pipeline->Illuminate\\Pipeline\\{closure}(Object(Illuminate\\Http\\Request))
#58 /home/kilauindonesia/homes/vendor/laravel/framework/src/Illuminate/Foundation/Http/Kernel.php(175): Illuminate\\Pipeline\\Pipeline->then(Object(Closure))
#59 /home/kilauindonesia/homes/vendor/laravel/framework/src/Illuminate/Foundation/Http/Kernel.php(144): Illuminate\\Foundation\\Http\\Kernel->sendRequestThroughRouter(Object(Illuminate\\Http\\Request))
#60 /home/kilauindonesia/public_html/home.kilauindonesia.org/index.php(51): Illuminate\\Foundation\\Http\\Kernel->handle(Object(Illuminate\\Http\\Request))
#61 {main}
"}
[2026-06-02 06:58:47] production.ERROR: PHP Parse error: Syntax error, unexpected T_NS_SEPARATOR, expecting ')' on line 1 {"exception":"[object] (Psy\\Exception\\ParseErrorException(code: 0): PHP Parse error: Syntax error, unexpected T_NS_SEPARATOR, expecting ')' on line 1 at C:\\Users\\xxxxx\\Documents\\sso-kilau\\kilauCms\\vendor\\psy\\psysh\\src\\Exception\\ParseErrorException.php:44)
[stacktrace]
#0 C:\\Users\\xxxxx\\Documents\\sso-kilau\\kilauCms\\vendor\\psy\\psysh\\src\\CodeCleaner.php(306): Psy\\Exception\\ParseErrorException::fromParseError(Object(PhpParser\\Error))
#1 C:\\Users\\xxxxx\\Documents\\sso-kilau\\kilauCms\\vendor\\psy\\psysh\\src\\CodeCleaner.php(240): Psy\\CodeCleaner->parse('<?php dump(clas...', false)
#2 C:\\Users\\xxxxx\\Documents\\sso-kilau\\kilauCms\\vendor\\psy\\psysh\\src\\Shell.php(852): Psy\\CodeCleaner->clean(Array, false)
#3 C:\\Users\\xxxxx\\Documents\\sso-kilau\\kilauCms\\vendor\\psy\\psysh\\src\\Shell.php(881): Psy\\Shell->addCode('dump(class_exis...', true)
#4 C:\\Users\\xxxxx\\Documents\\sso-kilau\\kilauCms\\vendor\\psy\\psysh\\src\\Shell.php(1390): Psy\\Shell->setCode('dump(class_exis...', true)
#5 C:\\Users\\xxxxx\\Documents\\sso-kilau\\kilauCms\\vendor\\laravel\\tinker\\src\\Console\\TinkerCommand.php(76): Psy\\Shell->execute('dump(class_exis...')
#6 C:\\Users\\xxxxx\\Documents\\sso-kilau\\kilauCms\\vendor\\laravel\\framework\\src\\Illuminate\\Container\\BoundMethod.php(36): Laravel\\Tinker\\Console\\TinkerCommand->handle()
#7 C:\\Users\\xxxxx\\Documents\\sso-kilau\\kilauCms\\vendor\\laravel\\framework\\src\\Illuminate\\Container\\Util.php(41): Illuminate\\Container\\BoundMethod::{closure:Illuminate\\Container\\BoundMethod::call():35}()
#8 C:\\Users\\xxxxx\\Documents\\sso-kilau\\kilauCms\\vendor\\laravel\\framework\\src\\Illuminate\\Container\\BoundMethod.php(93): Illuminate\\Container\\Util::unwrapIfClosure(Object(Closure))
#9 C:\\Users\\xxxxx\\Documents\\sso-kilau\\kilauCms\\vendor\\laravel\\framework\\src\\Illuminate\\Container\\BoundMethod.php(35): Illuminate\\Container\\BoundMethod::callBoundMethod(Object(Illuminate\\Foundation\\Application), Array, Object(Closure))
#10 C:\\Users\\xxxxx\\Documents\\sso-kilau\\kilauCms\\vendor\\laravel\\framework\\src\\Illuminate\\Container\\Container.php(662): Illuminate\\Container\\BoundMethod::call(Object(Illuminate\\Foundation\\Application), Array, Array, NULL)
#11 C:\\Users\\xxxxx\\Documents\\sso-kilau\\kilauCms\\vendor\\laravel\\framework\\src\\Illuminate\\Console\\Command.php(211): Illuminate\\Container\\Container->call(Array)
#12 C:\\Users\\xxxxx\\Documents\\sso-kilau\\kilauCms\\vendor\\symfony\\console\\Command\\Command.php(326): Illuminate\\Console\\Command->execute(Object(Symfony\\Component\\Console\\Input\\ArgvInput), Object(Illuminate\\Console\\OutputStyle))
#13 C:\\Users\\xxxxx\\Documents\\sso-kilau\\kilauCms\\vendor\\laravel\\framework\\src\\Illuminate\\Console\\Command.php(180): Symfony\\Component\\Console\\Command\\Command->run(Object(Symfony\\Component\\Console\\Input\\ArgvInput), Object(Illuminate\\Console\\OutputStyle))
#14 C:\\Users\\xxxxx\\Documents\\sso-kilau\\kilauCms\\vendor\\symfony\\console\\Application.php(1096): Illuminate\\Console\\Command->run(Object(Symfony\\Component\\Console\\Input\\ArgvInput), Object(Symfony\\Component\\Console\\Output\\ConsoleOutput))
#15 C:\\Users\\xxxxx\\Documents\\sso-kilau\\kilauCms\\vendor\\symfony\\console\\Application.php(324): Symfony\\Component\\Console\\Application->doRunCommand(Object(Laravel\\Tinker\\Console\\TinkerCommand), Object(Symfony\\Component\\Console\\Input\\ArgvInput), Object(Symfony\\Component\\Console\\Output\\ConsoleOutput))
#16 C:\\Users\\xxxxx\\Documents\\sso-kilau\\kilauCms\\vendor\\symfony\\console\\Application.php(175): Symfony\\Component\\Console\\Application->doRun(Object(Symfony\\Component\\Console\\Input\\ArgvInput), Object(Symfony\\Component\\Console\\Output\\ConsoleOutput))
#17 C:\\Users\\xxxxx\\Documents\\sso-kilau\\kilauCms\\vendor\\laravel\\framework\\src\\Illuminate\\Foundation\\Console\\Kernel.php(201): Symfony\\Component\\Console\\Application->run(Object(Symfony\\Component\\Console\\Input\\ArgvInput), Object(Symfony\\Component\\Console\\Output\\ConsoleOutput))
#18 C:\\Users\\xxxxx\\Documents\\sso-kilau\\kilauCms\\artisan(35): Illuminate\\Foundation\\Console\\Kernel->handle(Object(Symfony\\Component\\Console\\Input\\ArgvInput), Object(Symfony\\Component\\Console\\Output\\ConsoleOutput))
#19 {main}
"} 
[2026-07-08 07:18:12] production.ERROR: SQLSTATE[HY000] [1045] Access denied for user 'kilauind_kilauindonesia'@'localhost' (using password: YES) (Connection: mysql, SQL: select table_name as `name`, (data_length + index_length) as `size`, table_comment as `comment`, engine as `engine`, table_collation as `collation` from information_schema.tables where table_schema = 'kilauindonesia_cms' and table_type in ('BASE TABLE', 'SYSTEM VERSIONED') order by table_name) {"exception":"[object] (Illuminate\\Database\\QueryException(code: 1045): SQLSTATE[HY000] [1045] Access denied for user 'kilauind_kilauindonesia'@'localhost' (using password: YES) (Connection: mysql, SQL: select table_name as `name`, (data_length + index_length) as `size`, table_comment as `comment`, engine as `engine`, table_collation as `collation` from information_schema.tables where table_schema = 'kilauindonesia_cms' and table_type in ('BASE TABLE', 'SYSTEM VERSIONED') order by table_name) at C:\\Users\\xxxxx\\Documents\\sso-kilau\\kilauCms\\vendor\\laravel\\framework\\src\\Illuminate\\Database\\Connection.php:829)
[stacktrace]
#0 C:\\Users\\xxxxx\\Documents\\sso-kilau\\kilauCms\\vendor\\laravel\\framework\\src\\Illuminate\\Database\\Connection.php(783): Illuminate\\Database\\Connection->runQueryCallback('select table_na...', Array, Object(Closure))
#1 C:\\Users\\xxxxx\\Documents\\sso-kilau\\kilauCms\\vendor\\laravel\\framework\\src\\Illuminate\\Database\\Connection.php(414): Illuminate\\Database\\Connection->run('select table_na...', Array, Object(Closure))
#2 C:\\Users\\xxxxx\\Documents\\sso-kilau\\kilauCms\\vendor\\laravel\\framework\\src\\Illuminate\\Database\\Connection.php(401): Illuminate\\Database\\Connection->select('select table_na...', Array, false)
#3 C:\\Users\\xxxxx\\Documents\\sso-kilau\\kilauCms\\vendor\\laravel\\framework\\src\\Illuminate\\Database\\Schema\\MySqlBuilder.php(41): Illuminate\\Database\\Connection->selectFromWriteConnection('select table_na...')
#4 C:\\Users\\xxxxx\\Documents\\sso-kilau\\kilauCms\\vendor\\laravel\\framework\\src\\Illuminate\\Database\\Schema\\Builder.php(165): Illuminate\\Database\\Schema\\MySqlBuilder->getTables(false)
#5 C:\\Users\\xxxxx\\Documents\\sso-kilau\\kilauCms\\vendor\\laravel\\framework\\src\\Illuminate\\Database\\Migrations\\DatabaseMigrationRepository.php(184): Illuminate\\Database\\Schema\\Builder->hasTable('migrations')
#6 C:\\Users\\xxxxx\\Documents\\sso-kilau\\kilauCms\\vendor\\laravel\\framework\\src\\Illuminate\\Database\\Migrations\\Migrator.php(700): Illuminate\\Database\\Migrations\\DatabaseMigrationRepository->repositoryExists()
#7 C:\\Users\\xxxxx\\Documents\\sso-kilau\\kilauCms\\vendor\\laravel\\framework\\src\\Illuminate\\Database\\Console\\Migrations\\MigrateCommand.php(140): Illuminate\\Database\\Migrations\\Migrator->repositoryExists()
#8 C:\\Users\\xxxxx\\Documents\\sso-kilau\\kilauCms\\vendor\\laravel\\framework\\src\\Illuminate\\Support\\helpers.php(261): Illuminate\\Database\\Console\\Migrations\\MigrateCommand->{closure:Illuminate\\Database\\Console\\Migrations\\MigrateCommand::repositoryExists():140}(1)
#9 C:\\Users\\xxxxx\\Documents\\sso-kilau\\kilauCms\\vendor\\laravel\\framework\\src\\Illuminate\\Database\\Console\\Migrations\\MigrateCommand.php(140): retry(1, Object(Closure), 0, Object(Closure))
#10 C:\\Users\\xxxxx\\Documents\\sso-kilau\\kilauCms\\vendor\\laravel\\framework\\src\\Illuminate\\Database\\Console\\Migrations\\MigrateCommand.php(116): Illuminate\\Database\\Console\\Migrations\\MigrateCommand->repositoryExists()
#11 C:\\Users\\xxxxx\\Documents\\sso-kilau\\kilauCms\\vendor\\laravel\\framework\\src\\Illuminate\\Database\\Console\\Migrations\\MigrateCommand.php(84): Illuminate\\Database\\Console\\Migrations\\MigrateCommand->prepareDatabase()
#12 C:\\Users\\xxxxx\\Documents\\sso-kilau\\kilauCms\\vendor\\laravel\\framework\\src\\Illuminate\\Database\\Migrations\\Migrator.php(633): Illuminate\\Database\\Console\\Migrations\\MigrateCommand->{closure:Illuminate\\Database\\Console\\Migrations\\MigrateCommand::handle():83}()
#13 C:\\Users\\xxxxx\\Documents\\sso-kilau\\kilauCms\\vendor\\laravel\\framework\\src\\Illuminate\\Database\\Console\\Migrations\\MigrateCommand.php(83): Illuminate\\Database\\Migrations\\Migrator->usingConnection(NULL, Object(Closure))
#14 C:\\Users\\xxxxx\\Documents\\sso-kilau\\kilauCms\\vendor\\laravel\\framework\\src\\Illuminate\\Container\\BoundMethod.php(36): Illuminate\\Database\\Console\\Migrations\\MigrateCommand->handle()
#15 C:\\Users\\xxxxx\\Documents\\sso-kilau\\kilauCms\\vendor\\laravel\\framework\\src\\Illuminate\\Container\\Util.php(41): Illuminate\\Container\\BoundMethod::{closure:Illuminate\\Container\\BoundMethod::call():35}()
#16 C:\\Users\\xxxxx\\Documents\\sso-kilau\\kilauCms\\vendor\\laravel\\framework\\src\\Illuminate\\Container\\BoundMethod.php(93): Illuminate\\Container\\Util::unwrapIfClosure(Object(Closure))
#17 C:\\Users\\xxxxx\\Documents\\sso-kilau\\kilauCms\\vendor\\laravel\\framework\\src\\Illuminate\\Container\\BoundMethod.php(35): Illuminate\\Container\\BoundMethod::callBoundMethod(Object(Illuminate\\Foundation\\Application), Array, Object(Closure))
#18 C:\\Users\\xxxxx\\Documents\\sso-kilau\\kilauCms\\vendor\\laravel\\framework\\src\\Illuminate\\Container\\Container.php(662): Illuminate\\Container\\BoundMethod::call(Object(Illuminate\\Foundation\\Application), Array, Array, NULL)
#19 C:\\Users\\xxxxx\\Documents\\sso-kilau\\kilauCms\\vendor\\laravel\\framework\\src\\Illuminate\\Console\\Command.php(211): Illuminate\\Container\\Container->call(Array)
#20 C:\\Users\\xxxxx\\Documents\\sso-kilau\\kilauCms\\vendor\\symfony\\console\\Command\\Command.php(326): Illuminate\\Console\\Command->execute(Object(Symfony\\Component\\Console\\Input\\ArgvInput), Object(Illuminate\\Console\\OutputStyle))
#21 C:\\Users\\xxxxx\\Documents\\sso-kilau\\kilauCms\\vendor\\laravel\\framework\\src\\Illuminate\\Console\\Command.php(180): Symfony\\Component\\Console\\Command\\Command->run(Object(Symfony\\Component\\Console\\Input\\ArgvInput), Object(Illuminate\\Console\\OutputStyle))
#22 C:\\Users\\xxxxx\\Documents\\sso-kilau\\kilauCms\\vendor\\symfony\\console\\Application.php(1096): Illuminate\\Console\\Command->run(Object(Symfony\\Component\\Console\\Input\\ArgvInput), Object(Symfony\\Component\\Console\\Output\\ConsoleOutput))
#23 C:\\Users\\xxxxx\\Documents\\sso-kilau\\kilauCms\\vendor\\symfony\\console\\Application.php(324): Symfony\\Component\\Console\\Application->doRunCommand(Object(Illuminate\\Database\\Console\\Migrations\\MigrateCommand), Object(Symfony\\Component\\Console\\Input\\ArgvInput), Object(Symfony\\Component\\Console\\Output\\ConsoleOutput))
#24 C:\\Users\\xxxxx\\Documents\\sso-kilau\\kilauCms\\vendor\\symfony\\console\\Application.php(175): Symfony\\Component\\Console\\Application->doRun(Object(Symfony\\Component\\Console\\Input\\ArgvInput), Object(Symfony\\Component\\Console\\Output\\ConsoleOutput))
#25 C:\\Users\\xxxxx\\Documents\\sso-kilau\\kilauCms\\vendor\\laravel\\framework\\src\\Illuminate\\Foundation\\Console\\Kernel.php(201): Symfony\\Component\\Console\\Application->run(Object(Symfony\\Component\\Console\\Input\\ArgvInput), Object(Symfony\\Component\\Console\\Output\\ConsoleOutput))
#26 C:\\Users\\xxxxx\\Documents\\sso-kilau\\kilauCms\\artisan(35): Illuminate\\Foundation\\Console\\Kernel->handle(Object(Symfony\\Component\\Console\\Input\\ArgvInput), Object(Symfony\\Component\\Console\\Output\\ConsoleOutput))
#27 {main}

[previous exception] [object] (PDOException(code: 1045): SQLSTATE[HY000] [1045] Access denied for user 'kilauind_kilauindonesia'@'localhost' (using password: YES) at C:\\Users\\xxxxx\\Documents\\sso-kilau\\kilauCms\\vendor\\laravel\\framework\\src\\Illuminate\\Database\\Connectors\\Connector.php:65)
[stacktrace]
#0 C:\\Users\\xxxxx\\Documents\\sso-kilau\\kilauCms\\vendor\\laravel\\framework\\src\\Illuminate\\Database\\Connectors\\Connector.php(65): PDO->__construct('mysql:host=127....', 'kilauind_kilaui...', Object(SensitiveParameterValue), Array)
#1 C:\\Users\\xxxxx\\Documents\\sso-kilau\\kilauCms\\vendor\\laravel\\framework\\src\\Illuminate\\Database\\Connectors\\Connector.php(44): Illuminate\\Database\\Connectors\\Connector->createPdoConnection('mysql:host=127....', 'kilauind_kilaui...', 'kilau2159#', Array)
#2 C:\\Users\\xxxxx\\Documents\\sso-kilau\\kilauCms\\vendor\\laravel\\framework\\src\\Illuminate\\Database\\Connectors\\MySqlConnector.php(24): Illuminate\\Database\\Connectors\\Connector->createConnection('mysql:host=127....', Array, Array)
#3 C:\\Users\\xxxxx\\Documents\\sso-kilau\\kilauCms\\vendor\\laravel\\framework\\src\\Illuminate\\Database\\Connectors\\ConnectionFactory.php(184): Illuminate\\Database\\Connectors\\MySqlConnector->connect(Array)
#4 [internal function]: Illuminate\\Database\\Connectors\\ConnectionFactory->{closure:Illuminate\\Database\\Connectors\\ConnectionFactory::createPdoResolverWithHosts():179}()
#5 C:\\Users\\xxxxx\\Documents\\sso-kilau\\kilauCms\\vendor\\laravel\\framework\\src\\Illuminate\\Database\\Connection.php(1339): call_user_func(Object(Closure))
#6 C:\\Users\\xxxxx\\Documents\\sso-kilau\\kilauCms\\vendor\\laravel\\framework\\src\\Illuminate\\Database\\Connection.php(528): Illuminate\\Database\\Connection->getPdo()
#7 C:\\Users\\xxxxx\\Documents\\sso-kilau\\kilauCms\\vendor\\laravel\\framework\\src\\Illuminate\\Database\\Connection.php(423): Illuminate\\Database\\Connection->getPdoForSelect(false)
#8 C:\\Users\\xxxxx\\Documents\\sso-kilau\\kilauCms\\vendor\\laravel\\framework\\src\\Illuminate\\Database\\Connection.php(816): Illuminate\\Database\\Connection->{closure:Illuminate\\Database\\Connection::select():414}('select table_na...', Array)
#9 C:\\Users\\xxxxx\\Documents\\sso-kilau\\kilauCms\\vendor\\laravel\\framework\\src\\Illuminate\\Database\\Connection.php(783): Illuminate\\Database\\Connection->runQueryCallback('select table_na...', Array, Object(Closure))
#10 C:\\Users\\xxxxx\\Documents\\sso-kilau\\kilauCms\\vendor\\laravel\\framework\\src\\Illuminate\\Database\\Connection.php(414): Illuminate\\Database\\Connection->run('select table_na...', Array, Object(Closure))
#11 C:\\Users\\xxxxx\\Documents\\sso-kilau\\kilauCms\\vendor\\laravel\\framework\\src\\Illuminate\\Database\\Connection.php(401): Illuminate\\Database\\Connection->select('select table_na...', Array, false)
#12 C:\\Users\\xxxxx\\Documents\\sso-kilau\\kilauCms\\vendor\\laravel\\framework\\src\\Illuminate\\Database\\Schema\\MySqlBuilder.php(41): Illuminate\\Database\\Connection->selectFromWriteConnection('select table_na...')
#13 C:\\Users\\xxxxx\\Documents\\sso-kilau\\kilauCms\\vendor\\laravel\\framework\\src\\Illuminate\\Database\\Schema\\Builder.php(165): Illuminate\\Database\\Schema\\MySqlBuilder->getTables(false)
#14 C:\\Users\\xxxxx\\Documents\\sso-kilau\\kilauCms\\vendor\\laravel\\framework\\src\\Illuminate\\Database\\Migrations\\DatabaseMigrationRepository.php(184): Illuminate\\Database\\Schema\\Builder->hasTable('migrations')
#15 C:\\Users\\xxxxx\\Documents\\sso-kilau\\kilauCms\\vendor\\laravel\\framework\\src\\Illuminate\\Database\\Migrations\\Migrator.php(700): Illuminate\\Database\\Migrations\\DatabaseMigrationRepository->repositoryExists()
#16 C:\\Users\\xxxxx\\Documents\\sso-kilau\\kilauCms\\vendor\\laravel\\framework\\src\\Illuminate\\Database\\Console\\Migrations\\MigrateCommand.php(140): Illuminate\\Database\\Migrations\\Migrator->repositoryExists()
#17 C:\\Users\\xxxxx\\Documents\\sso-kilau\\kilauCms\\vendor\\laravel\\framework\\src\\Illuminate\\Support\\helpers.php(261): Illuminate\\Database\\Console\\Migrations\\MigrateCommand->{closure:Illuminate\\Database\\Console\\Migrations\\MigrateCommand::repositoryExists():140}(1)
#18 C:\\Users\\xxxxx\\Documents\\sso-kilau\\kilauCms\\vendor\\laravel\\framework\\src\\Illuminate\\Database\\Console\\Migrations\\MigrateCommand.php(140): retry(1, Object(Closure), 0, Object(Closure))
#19 C:\\Users\\xxxxx\\Documents\\sso-kilau\\kilauCms\\vendor\\laravel\\framework\\src\\Illuminate\\Database\\Console\\Migrations\\MigrateCommand.php(116): Illuminate\\Database\\Console\\Migrations\\MigrateCommand->repositoryExists()
#20 C:\\Users\\xxxxx\\Documents\\sso-kilau\\kilauCms\\vendor\\laravel\\framework\\src\\Illuminate\\Database\\Console\\Migrations\\MigrateCommand.php(84): Illuminate\\Database\\Console\\Migrations\\MigrateCommand->prepareDatabase()
#21 C:\\Users\\xxxxx\\Documents\\sso-kilau\\kilauCms\\vendor\\laravel\\framework\\src\\Illuminate\\Database\\Migrations\\Migrator.php(633): Illuminate\\Database\\Console\\Migrations\\MigrateCommand->{closure:Illuminate\\Database\\Console\\Migrations\\MigrateCommand::handle():83}()
#22 C:\\Users\\xxxxx\\Documents\\sso-kilau\\kilauCms\\vendor\\laravel\\framework\\src\\Illuminate\\Database\\Console\\Migrations\\MigrateCommand.php(83): Illuminate\\Database\\Migrations\\Migrator->usingConnection(NULL, Object(Closure))
#23 C:\\Users\\xxxxx\\Documents\\sso-kilau\\kilauCms\\vendor\\laravel\\framework\\src\\Illuminate\\Container\\BoundMethod.php(36): Illuminate\\Database\\Console\\Migrations\\MigrateCommand->handle()
#24 C:\\Users\\xxxxx\\Documents\\sso-kilau\\kilauCms\\vendor\\laravel\\framework\\src\\Illuminate\\Container\\Util.php(41): Illuminate\\Container\\BoundMethod::{closure:Illuminate\\Container\\BoundMethod::call():35}()
#25 C:\\Users\\xxxxx\\Documents\\sso-kilau\\kilauCms\\vendor\\laravel\\framework\\src\\Illuminate\\Container\\BoundMethod.php(93): Illuminate\\Container\\Util::unwrapIfClosure(Object(Closure))
#26 C:\\Users\\xxxxx\\Documents\\sso-kilau\\kilauCms\\vendor\\laravel\\framework\\src\\Illuminate\\Container\\BoundMethod.php(35): Illuminate\\Container\\BoundMethod::callBoundMethod(Object(Illuminate\\Foundation\\Application), Array, Object(Closure))
#27 C:\\Users\\xxxxx\\Documents\\sso-kilau\\kilauCms\\vendor\\laravel\\framework\\src\\Illuminate\\Container\\Container.php(662): Illuminate\\Container\\BoundMethod::call(Object(Illuminate\\Foundation\\Application), Array, Array, NULL)
#28 C:\\Users\\xxxxx\\Documents\\sso-kilau\\kilauCms\\vendor\\laravel\\framework\\src\\Illuminate\\Console\\Command.php(211): Illuminate\\Container\\Container->call(Array)
#29 C:\\Users\\xxxxx\\Documents\\sso-kilau\\kilauCms\\vendor\\symfony\\console\\Command\\Command.php(326): Illuminate\\Console\\Command->execute(Object(Symfony\\Component\\Console\\Input\\ArgvInput), Object(Illuminate\\Console\\OutputStyle))
#30 C:\\Users\\xxxxx\\Documents\\sso-kilau\\kilauCms\\vendor\\laravel\\framework\\src\\Illuminate\\Console\\Command.php(180): Symfony\\Component\\Console\\Command\\Command->run(Object(Symfony\\Component\\Console\\Input\\ArgvInput), Object(Illuminate\\Console\\OutputStyle))
#31 C:\\Users\\xxxxx\\Documents\\sso-kilau\\kilauCms\\vendor\\symfony\\console\\Application.php(1096): Illuminate\\Console\\Command->run(Object(Symfony\\Component\\Console\\Input\\ArgvInput), Object(Symfony\\Component\\Console\\Output\\ConsoleOutput))
#32 C:\\Users\\xxxxx\\Documents\\sso-kilau\\kilauCms\\vendor\\symfony\\console\\Application.php(324): Symfony\\Component\\Console\\Application->doRunCommand(Object(Illuminate\\Database\\Console\\Migrations\\MigrateCommand), Object(Symfony\\Component\\Console\\Input\\ArgvInput), Object(Symfony\\Component\\Console\\Output\\ConsoleOutput))
#33 C:\\Users\\xxxxx\\Documents\\sso-kilau\\kilauCms\\vendor\\symfony\\console\\Application.php(175): Symfony\\Component\\Console\\Application->doRun(Object(Symfony\\Component\\Console\\Input\\ArgvInput), Object(Symfony\\Component\\Console\\Output\\ConsoleOutput))
#34 C:\\Users\\xxxxx\\Documents\\sso-kilau\\kilauCms\\vendor\\laravel\\framework\\src\\Illuminate\\Foundation\\Console\\Kernel.php(201): Symfony\\Component\\Console\\Application->run(Object(Symfony\\Component\\Console\\Input\\ArgvInput), Object(Symfony\\Component\\Console\\Output\\ConsoleOutput))
#35 C:\\Users\\xxxxx\\Documents\\sso-kilau\\kilauCms\\artisan(35): Illuminate\\Foundation\\Console\\Kernel->handle(Object(Symfony\\Component\\Console\\Input\\ArgvInput), Object(Symfony\\Component\\Console\\Output\\ConsoleOutput))
#36 {main}
"} 
[2026-07-09 03:25:14] local.ERROR: PHP Parse error: Syntax error, unexpected T_NS_SEPARATOR, expecting ')' on line 1 {"exception":"[object] (Psy\\Exception\\ParseErrorException(code: 0): PHP Parse error: Syntax error, unexpected T_NS_SEPARATOR, expecting ')' on line 1 at C:\\Users\\xxxxx\\Documents\\sso-kilau\\kilauCms\\vendor\\psy\\psysh\\src\\Exception\\ParseErrorException.php:44)
[stacktrace]
#0 C:\\Users\\xxxxx\\Documents\\sso-kilau\\kilauCms\\vendor\\psy\\psysh\\src\\CodeCleaner.php(306): Psy\\Exception\\ParseErrorException::fromParseError(Object(PhpParser\\Error))
#1 C:\\Users\\xxxxx\\Documents\\sso-kilau\\kilauCms\\vendor\\psy\\psysh\\src\\CodeCleaner.php(240): Psy\\CodeCleaner->parse('<?php dump(App\\\\...', false)
#2 C:\\Users\\xxxxx\\Documents\\sso-kilau\\kilauCms\\vendor\\psy\\psysh\\src\\Shell.php(852): Psy\\CodeCleaner->clean(Array, false)
#3 C:\\Users\\xxxxx\\Documents\\sso-kilau\\kilauCms\\vendor\\psy\\psysh\\src\\Shell.php(881): Psy\\Shell->addCode('dump(App\\\\\\\\Model...', true)
#4 C:\\Users\\xxxxx\\Documents\\sso-kilau\\kilauCms\\vendor\\psy\\psysh\\src\\Shell.php(1390): Psy\\Shell->setCode('dump(App\\\\\\\\Model...', true)
#5 C:\\Users\\xxxxx\\Documents\\sso-kilau\\kilauCms\\vendor\\laravel\\tinker\\src\\Console\\TinkerCommand.php(76): Psy\\Shell->execute('dump(App\\\\\\\\Model...')
#6 C:\\Users\\xxxxx\\Documents\\sso-kilau\\kilauCms\\vendor\\laravel\\framework\\src\\Illuminate\\Container\\BoundMethod.php(36): Laravel\\Tinker\\Console\\TinkerCommand->handle()
#7 C:\\Users\\xxxxx\\Documents\\sso-kilau\\kilauCms\\vendor\\laravel\\framework\\src\\Illuminate\\Container\\Util.php(41): Illuminate\\Container\\BoundMethod::Illuminate\\Container\\{closure}()
#8 C:\\Users\\xxxxx\\Documents\\sso-kilau\\kilauCms\\vendor\\laravel\\framework\\src\\Illuminate\\Container\\BoundMethod.php(93): Illuminate\\Container\\Util::unwrapIfClosure(Object(Closure))
#9 C:\\Users\\xxxxx\\Documents\\sso-kilau\\kilauCms\\vendor\\laravel\\framework\\src\\Illuminate\\Container\\BoundMethod.php(35): Illuminate\\Container\\BoundMethod::callBoundMethod(Object(Illuminate\\Foundation\\Application), Array, Object(Closure))
#10 C:\\Users\\xxxxx\\Documents\\sso-kilau\\kilauCms\\vendor\\laravel\\framework\\src\\Illuminate\\Container\\Container.php(662): Illuminate\\Container\\BoundMethod::call(Object(Illuminate\\Foundation\\Application), Array, Array, NULL)
#11 C:\\Users\\xxxxx\\Documents\\sso-kilau\\kilauCms\\vendor\\laravel\\framework\\src\\Illuminate\\Console\\Command.php(211): Illuminate\\Container\\Container->call(Array)
#12 C:\\Users\\xxxxx\\Documents\\sso-kilau\\kilauCms\\vendor\\symfony\\console\\Command\\Command.php(326): Illuminate\\Console\\Command->execute(Object(Symfony\\Component\\Console\\Input\\ArgvInput), Object(Illuminate\\Console\\OutputStyle))
#13 C:\\Users\\xxxxx\\Documents\\sso-kilau\\kilauCms\\vendor\\laravel\\framework\\src\\Illuminate\\Console\\Command.php(180): Symfony\\Component\\Console\\Command\\Command->run(Object(Symfony\\Component\\Console\\Input\\ArgvInput), Object(Illuminate\\Console\\OutputStyle))
#14 C:\\Users\\xxxxx\\Documents\\sso-kilau\\kilauCms\\vendor\\symfony\\console\\Application.php(1096): Illuminate\\Console\\Command->run(Object(Symfony\\Component\\Console\\Input\\ArgvInput), Object(Symfony\\Component\\Console\\Output\\ConsoleOutput))
#15 C:\\Users\\xxxxx\\Documents\\sso-kilau\\kilauCms\\vendor\\symfony\\console\\Application.php(324): Symfony\\Component\\Console\\Application->doRunCommand(Object(Laravel\\Tinker\\Console\\TinkerCommand), Object(Symfony\\Component\\Console\\Input\\ArgvInput), Object(Symfony\\Component\\Console\\Output\\ConsoleOutput))
#16 C:\\Users\\xxxxx\\Documents\\sso-kilau\\kilauCms\\vendor\\symfony\\console\\Application.php(175): Symfony\\Component\\Console\\Application->doRun(Object(Symfony\\Component\\Console\\Input\\ArgvInput), Object(Symfony\\Component\\Console\\Output\\ConsoleOutput))
#17 C:\\Users\\xxxxx\\Documents\\sso-kilau\\kilauCms\\vendor\\laravel\\framework\\src\\Illuminate\\Foundation\\Console\\Kernel.php(201): Symfony\\Component\\Console\\Application->run(Object(Symfony\\Component\\Console\\Input\\ArgvInput), Object(Symfony\\Component\\Console\\Output\\ConsoleOutput))
#18 C:\\Users\\xxxxx\\Documents\\sso-kilau\\kilauCms\\artisan(35): Illuminate\\Foundation\\Console\\Kernel->handle(Object(Symfony\\Component\\Console\\Input\\ArgvInput), Object(Symfony\\Component\\Console\\Output\\ConsoleOutput))
#19 {main}
"} 
[2026-07-09 03:51:36] local.ERROR: PHP Parse error: Syntax error, unexpected '=' on line 1 {"exception":"[object] (Psy\\Exception\\ParseErrorException(code: 0): PHP Parse error: Syntax error, unexpected '=' on line 1 at C:\\Users\\xxxxx\\Documents\\sso-kilau\\kilauCms\\vendor\\psy\\psysh\\src\\Exception\\ParseErrorException.php:44)
[stacktrace]
#0 C:\\Users\\xxxxx\\Documents\\sso-kilau\\kilauCms\\vendor\\psy\\psysh\\src\\CodeCleaner.php(306): Psy\\Exception\\ParseErrorException::fromParseError(Object(PhpParser\\Error))
#1 C:\\Users\\xxxxx\\Documents\\sso-kilau\\kilauCms\\vendor\\psy\\psysh\\src\\CodeCleaner.php(240): Psy\\CodeCleaner->parse('<?php  = Illumi...', false)
#2 C:\\Users\\xxxxx\\Documents\\sso-kilau\\kilauCms\\vendor\\psy\\psysh\\src\\Shell.php(852): Psy\\CodeCleaner->clean(Array, false)
#3 C:\\Users\\xxxxx\\Documents\\sso-kilau\\kilauCms\\vendor\\psy\\psysh\\src\\Shell.php(881): Psy\\Shell->addCode(' = Illuminate\\\\H...', true)
#4 C:\\Users\\xxxxx\\Documents\\sso-kilau\\kilauCms\\vendor\\psy\\psysh\\src\\Shell.php(1390): Psy\\Shell->setCode(' = Illuminate\\\\H...', true)
#5 C:\\Users\\xxxxx\\Documents\\sso-kilau\\kilauCms\\vendor\\laravel\\tinker\\src\\Console\\TinkerCommand.php(76): Psy\\Shell->execute(' = Illuminate\\\\H...')
#6 C:\\Users\\xxxxx\\Documents\\sso-kilau\\kilauCms\\vendor\\laravel\\framework\\src\\Illuminate\\Container\\BoundMethod.php(36): Laravel\\Tinker\\Console\\TinkerCommand->handle()
#7 C:\\Users\\xxxxx\\Documents\\sso-kilau\\kilauCms\\vendor\\laravel\\framework\\src\\Illuminate\\Container\\Util.php(41): Illuminate\\Container\\BoundMethod::Illuminate\\Container\\{closure}()
#8 C:\\Users\\xxxxx\\Documents\\sso-kilau\\kilauCms\\vendor\\laravel\\framework\\src\\Illuminate\\Container\\BoundMethod.php(93): Illuminate\\Container\\Util::unwrapIfClosure(Object(Closure))
#9 C:\\Users\\xxxxx\\Documents\\sso-kilau\\kilauCms\\vendor\\laravel\\framework\\src\\Illuminate\\Container\\BoundMethod.php(35): Illuminate\\Container\\BoundMethod::callBoundMethod(Object(Illuminate\\Foundation\\Application), Array, Object(Closure))
#10 C:\\Users\\xxxxx\\Documents\\sso-kilau\\kilauCms\\vendor\\laravel\\framework\\src\\Illuminate\\Container\\Container.php(662): Illuminate\\Container\\BoundMethod::call(Object(Illuminate\\Foundation\\Application), Array, Array, NULL)
#11 C:\\Users\\xxxxx\\Documents\\sso-kilau\\kilauCms\\vendor\\laravel\\framework\\src\\Illuminate\\Console\\Command.php(211): Illuminate\\Container\\Container->call(Array)
#12 C:\\Users\\xxxxx\\Documents\\sso-kilau\\kilauCms\\vendor\\symfony\\console\\Command\\Command.php(326): Illuminate\\Console\\Command->execute(Object(Symfony\\Component\\Console\\Input\\ArgvInput), Object(Illuminate\\Console\\OutputStyle))
#13 C:\\Users\\xxxxx\\Documents\\sso-kilau\\kilauCms\\vendor\\laravel\\framework\\src\\Illuminate\\Console\\Command.php(180): Symfony\\Component\\Console\\Command\\Command->run(Object(Symfony\\Component\\Console\\Input\\ArgvInput), Object(Illuminate\\Console\\OutputStyle))
#14 C:\\Users\\xxxxx\\Documents\\sso-kilau\\kilauCms\\vendor\\symfony\\console\\Application.php(1096): Illuminate\\Console\\Command->run(Object(Symfony\\Component\\Console\\Input\\ArgvInput), Object(Symfony\\Component\\Console\\Output\\ConsoleOutput))
#15 C:\\Users\\xxxxx\\Documents\\sso-kilau\\kilauCms\\vendor\\symfony\\console\\Application.php(324): Symfony\\Component\\Console\\Application->doRunCommand(Object(Laravel\\Tinker\\Console\\TinkerCommand), Object(Symfony\\Component\\Console\\Input\\ArgvInput), Object(Symfony\\Component\\Console\\Output\\ConsoleOutput))
#16 C:\\Users\\xxxxx\\Documents\\sso-kilau\\kilauCms\\vendor\\symfony\\console\\Application.php(175): Symfony\\Component\\Console\\Application->doRun(Object(Symfony\\Component\\Console\\Input\\ArgvInput), Object(Symfony\\Component\\Console\\Output\\ConsoleOutput))
#17 C:\\Users\\xxxxx\\Documents\\sso-kilau\\kilauCms\\vendor\\laravel\\framework\\src\\Illuminate\\Foundation\\Console\\Kernel.php(201): Symfony\\Component\\Console\\Application->run(Object(Symfony\\Component\\Console\\Input\\ArgvInput), Object(Symfony\\Component\\Console\\Output\\ConsoleOutput))
#18 C:\\Users\\xxxxx\\Documents\\sso-kilau\\kilauCms\\artisan(35): Illuminate\\Foundation\\Console\\Kernel->handle(Object(Symfony\\Component\\Console\\Input\\ArgvInput), Object(Symfony\\Component\\Console\\Output\\ConsoleOutput))
#19 {main}
"} 
[2026-07-09 03:51:38] local.ERROR: PHP Parse error: Syntax error, unexpected '=' on line 1 {"exception":"[object] (Psy\\Exception\\ParseErrorException(code: 0): PHP Parse error: Syntax error, unexpected '=' on line 1 at C:\\Users\\xxxxx\\Documents\\sso-kilau\\kilauCms\\vendor\\psy\\psysh\\src\\Exception\\ParseErrorException.php:44)
[stacktrace]
#0 C:\\Users\\xxxxx\\Documents\\sso-kilau\\kilauCms\\vendor\\psy\\psysh\\src\\CodeCleaner.php(306): Psy\\Exception\\ParseErrorException::fromParseError(Object(PhpParser\\Error))
#1 C:\\Users\\xxxxx\\Documents\\sso-kilau\\kilauCms\\vendor\\psy\\psysh\\src\\CodeCleaner.php(240): Psy\\CodeCleaner->parse('<?php  = app(Ap...', false)
#2 C:\\Users\\xxxxx\\Documents\\sso-kilau\\kilauCms\\vendor\\psy\\psysh\\src\\Shell.php(852): Psy\\CodeCleaner->clean(Array, false)
#3 C:\\Users\\xxxxx\\Documents\\sso-kilau\\kilauCms\\vendor\\psy\\psysh\\src\\Shell.php(881): Psy\\Shell->addCode(' = app(App\\\\Http...', true)
#4 C:\\Users\\xxxxx\\Documents\\sso-kilau\\kilauCms\\vendor\\psy\\psysh\\src\\Shell.php(1390): Psy\\Shell->setCode(' = app(App\\\\Http...', true)
#5 C:\\Users\\xxxxx\\Documents\\sso-kilau\\kilauCms\\vendor\\laravel\\tinker\\src\\Console\\TinkerCommand.php(76): Psy\\Shell->execute(' = app(App\\\\Http...')
#6 C:\\Users\\xxxxx\\Documents\\sso-kilau\\kilauCms\\vendor\\laravel\\framework\\src\\Illuminate\\Container\\BoundMethod.php(36): Laravel\\Tinker\\Console\\TinkerCommand->handle()
#7 C:\\Users\\xxxxx\\Documents\\sso-kilau\\kilauCms\\vendor\\laravel\\framework\\src\\Illuminate\\Container\\Util.php(41): Illuminate\\Container\\BoundMethod::Illuminate\\Container\\{closure}()
#8 C:\\Users\\xxxxx\\Documents\\sso-kilau\\kilauCms\\vendor\\laravel\\framework\\src\\Illuminate\\Container\\BoundMethod.php(93): Illuminate\\Container\\Util::unwrapIfClosure(Object(Closure))
#9 C:\\Users\\xxxxx\\Documents\\sso-kilau\\kilauCms\\vendor\\laravel\\framework\\src\\Illuminate\\Container\\BoundMethod.php(35): Illuminate\\Container\\BoundMethod::callBoundMethod(Object(Illuminate\\Foundation\\Application), Array, Object(Closure))
#10 C:\\Users\\xxxxx\\Documents\\sso-kilau\\kilauCms\\vendor\\laravel\\framework\\src\\Illuminate\\Container\\Container.php(662): Illuminate\\Container\\BoundMethod::call(Object(Illuminate\\Foundation\\Application), Array, Array, NULL)
#11 C:\\Users\\xxxxx\\Documents\\sso-kilau\\kilauCms\\vendor\\laravel\\framework\\src\\Illuminate\\Console\\Command.php(211): Illuminate\\Container\\Container->call(Array)
#12 C:\\Users\\xxxxx\\Documents\\sso-kilau\\kilauCms\\vendor\\symfony\\console\\Command\\Command.php(326): Illuminate\\Console\\Command->execute(Object(Symfony\\Component\\Console\\Input\\ArgvInput), Object(Illuminate\\Console\\OutputStyle))
#13 C:\\Users\\xxxxx\\Documents\\sso-kilau\\kilauCms\\vendor\\laravel\\framework\\src\\Illuminate\\Console\\Command.php(180): Symfony\\Component\\Console\\Command\\Command->run(Object(Symfony\\Component\\Console\\Input\\ArgvInput), Object(Illuminate\\Console\\OutputStyle))
#14 C:\\Users\\xxxxx\\Documents\\sso-kilau\\kilauCms\\vendor\\symfony\\console\\Application.php(1096): Illuminate\\Console\\Command->run(Object(Symfony\\Component\\Console\\Input\\ArgvInput), Object(Symfony\\Component\\Console\\Output\\ConsoleOutput))
#15 C:\\Users\\xxxxx\\Documents\\sso-kilau\\kilauCms\\vendor\\symfony\\console\\Application.php(324): Symfony\\Component\\Console\\Application->doRunCommand(Object(Laravel\\Tinker\\Console\\TinkerCommand), Object(Symfony\\Component\\Console\\Input\\ArgvInput), Object(Symfony\\Component\\Console\\Output\\ConsoleOutput))
#16 C:\\Users\\xxxxx\\Documents\\sso-kilau\\kilauCms\\vendor\\symfony\\console\\Application.php(175): Symfony\\Component\\Console\\Application->doRun(Object(Symfony\\Component\\Console\\Input\\ArgvInput), Object(Symfony\\Component\\Console\\Output\\ConsoleOutput))
#17 C:\\Users\\xxxxx\\Documents\\sso-kilau\\kilauCms\\vendor\\laravel\\framework\\src\\Illuminate\\Foundation\\Console\\Kernel.php(201): Symfony\\Component\\Console\\Application->run(Object(Symfony\\Component\\Console\\Input\\ArgvInput), Object(Symfony\\Component\\Console\\Output\\ConsoleOutput))
#18 C:\\Users\\xxxxx\\Documents\\sso-kilau\\kilauCms\\artisan(35): Illuminate\\Foundation\\Console\\Kernel->handle(Object(Symfony\\Component\\Console\\Input\\ArgvInput), Object(Symfony\\Component\\Console\\Output\\ConsoleOutput))
#19 {main}
"} 
[2026-07-09 15:18:37] local.WARNING: KM12 employee resolver unavailable. {"message":"cURL error 28: Operation timed out after 10009 milliseconds with 0 bytes received (see https://curl.haxx.se/libcurl/c/libcurl-errors.html) for http://127.0.0.1:8002/api/internal/employees/resolve?global_user_id=019e54b4-b6a5-7048-b318-3eae09ff5150&email=adityahadywijaya%40gmail.com"} 
[2026-07-09 15:20:58] local.WARNING: KM12 employee resolver unavailable. {"message":"cURL error 28: Operation timed out after 10009 milliseconds with 0 bytes received (see https://curl.haxx.se/libcurl/c/libcurl-errors.html) for http://127.0.0.1:8002/api/internal/employees/resolve?global_user_id=019e54b4-9960-71f6-acb7-d3a0e3e1710e&email=carwagonzales%40gmail.com"} 
[2026-07-09 15:23:01] local.ERROR: PHP Parse error: Syntax error, unexpected '=' on line 1 {"exception":"[object] (Psy\\Exception\\ParseErrorException(code: 0): PHP Parse error: Syntax error, unexpected '=' on line 1 at C:\\Users\\xxxxx\\Documents\\sso-kilau\\kilauCms\\vendor\\psy\\psysh\\src\\Exception\\ParseErrorException.php:44)
[stacktrace]
#0 C:\\Users\\xxxxx\\Documents\\sso-kilau\\kilauCms\\vendor\\psy\\psysh\\src\\CodeCleaner.php(306): Psy\\Exception\\ParseErrorException::fromParseError(Object(PhpParser\\Error))
#1 C:\\Users\\xxxxx\\Documents\\sso-kilau\\kilauCms\\vendor\\psy\\psysh\\src\\CodeCleaner.php(240): Psy\\CodeCleaner->parse('<?php  = app(Ap...', false)
#2 C:\\Users\\xxxxx\\Documents\\sso-kilau\\kilauCms\\vendor\\psy\\psysh\\src\\Shell.php(852): Psy\\CodeCleaner->clean(Array, false)
#3 C:\\Users\\xxxxx\\Documents\\sso-kilau\\kilauCms\\vendor\\psy\\psysh\\src\\Shell.php(881): Psy\\Shell->addCode(' = app(App\\\\Serv...', true)
#4 C:\\Users\\xxxxx\\Documents\\sso-kilau\\kilauCms\\vendor\\psy\\psysh\\src\\Shell.php(1390): Psy\\Shell->setCode(' = app(App\\\\Serv...', true)
#5 C:\\Users\\xxxxx\\Documents\\sso-kilau\\kilauCms\\vendor\\laravel\\tinker\\src\\Console\\TinkerCommand.php(76): Psy\\Shell->execute(' = app(App\\\\Serv...')
#6 C:\\Users\\xxxxx\\Documents\\sso-kilau\\kilauCms\\vendor\\laravel\\framework\\src\\Illuminate\\Container\\BoundMethod.php(36): Laravel\\Tinker\\Console\\TinkerCommand->handle()
#7 C:\\Users\\xxxxx\\Documents\\sso-kilau\\kilauCms\\vendor\\laravel\\framework\\src\\Illuminate\\Container\\Util.php(41): Illuminate\\Container\\BoundMethod::Illuminate\\Container\\{closure}()
#8 C:\\Users\\xxxxx\\Documents\\sso-kilau\\kilauCms\\vendor\\laravel\\framework\\src\\Illuminate\\Container\\BoundMethod.php(93): Illuminate\\Container\\Util::unwrapIfClosure(Object(Closure))
#9 C:\\Users\\xxxxx\\Documents\\sso-kilau\\kilauCms\\vendor\\laravel\\framework\\src\\Illuminate\\Container\\BoundMethod.php(35): Illuminate\\Container\\BoundMethod::callBoundMethod(Object(Illuminate\\Foundation\\Application), Array, Object(Closure))
#10 C:\\Users\\xxxxx\\Documents\\sso-kilau\\kilauCms\\vendor\\laravel\\framework\\src\\Illuminate\\Container\\Container.php(662): Illuminate\\Container\\BoundMethod::call(Object(Illuminate\\Foundation\\Application), Array, Array, NULL)
#11 C:\\Users\\xxxxx\\Documents\\sso-kilau\\kilauCms\\vendor\\laravel\\framework\\src\\Illuminate\\Console\\Command.php(211): Illuminate\\Container\\Container->call(Array)
#12 C:\\Users\\xxxxx\\Documents\\sso-kilau\\kilauCms\\vendor\\symfony\\console\\Command\\Command.php(326): Illuminate\\Console\\Command->execute(Object(Symfony\\Component\\Console\\Input\\ArgvInput), Object(Illuminate\\Console\\OutputStyle))
#13 C:\\Users\\xxxxx\\Documents\\sso-kilau\\kilauCms\\vendor\\laravel\\framework\\src\\Illuminate\\Console\\Command.php(180): Symfony\\Component\\Console\\Command\\Command->run(Object(Symfony\\Component\\Console\\Input\\ArgvInput), Object(Illuminate\\Console\\OutputStyle))
#14 C:\\Users\\xxxxx\\Documents\\sso-kilau\\kilauCms\\vendor\\symfony\\console\\Application.php(1096): Illuminate\\Console\\Command->run(Object(Symfony\\Component\\Console\\Input\\ArgvInput), Object(Symfony\\Component\\Console\\Output\\ConsoleOutput))
#15 C:\\Users\\xxxxx\\Documents\\sso-kilau\\kilauCms\\vendor\\symfony\\console\\Application.php(324): Symfony\\Component\\Console\\Application->doRunCommand(Object(Laravel\\Tinker\\Console\\TinkerCommand), Object(Symfony\\Component\\Console\\Input\\ArgvInput), Object(Symfony\\Component\\Console\\Output\\ConsoleOutput))
#16 C:\\Users\\xxxxx\\Documents\\sso-kilau\\kilauCms\\vendor\\symfony\\console\\Application.php(175): Symfony\\Component\\Console\\Application->doRun(Object(Symfony\\Component\\Console\\Input\\ArgvInput), Object(Symfony\\Component\\Console\\Output\\ConsoleOutput))
#17 C:\\Users\\xxxxx\\Documents\\sso-kilau\\kilauCms\\vendor\\laravel\\framework\\src\\Illuminate\\Foundation\\Console\\Kernel.php(201): Symfony\\Component\\Console\\Application->run(Object(Symfony\\Component\\Console\\Input\\ArgvInput), Object(Symfony\\Component\\Console\\Output\\ConsoleOutput))
#18 C:\\Users\\xxxxx\\Documents\\sso-kilau\\kilauCms\\artisan(35): Illuminate\\Foundation\\Console\\Kernel->handle(Object(Symfony\\Component\\Console\\Input\\ArgvInput), Object(Symfony\\Component\\Console\\Output\\ConsoleOutput))
#19 {main}
"} 
[2026-07-09 15:23:14] local.WARNING: KM12 employee resolver returned failed response. {"status":404,"body":{"message":"The route api/internal/employees/resolve could not be found.","exception":"Symfony\\Component\\HttpKernel\\Exception\\NotFoundHttpException","file":"C:\\Users\\xxxxx\\Documents\\sso-kilau\\kilauCms\\vendor\\laravel\\framework\\src\\Illuminate\\Routing\\AbstractRouteCollection.php","line":44,"trace":[{"file":"C:\\Users\\xxxxx\\Documents\\sso-kilau\\kilauCms\\vendor\\laravel\\framework\\src\\Illuminate\\Routing\\RouteCollection.php","line":162,"function":"handleMatchedRoute","class":"Illuminate\\Routing\\AbstractRouteCollection","type":"->"},{"file":"C:\\Users\\xxxxx\\Documents\\sso-kilau\\kilauCms\\vendor\\laravel\\framework\\src\\Illuminate\\Routing\\Router.php","line":761,"function":"match","class":"Illuminate\\Routing\\RouteCollection","type":"->"},{"file":"C:\\Users\\xxxxx\\Documents\\sso-kilau\\kilauCms\\vendor\\laravel\\framework\\src\\Illuminate\\Routing\\Router.php","line":748,"function":"findRoute","class":"Illuminate\\Routing\\Router","type":"->"},{"file":"C:\\Users\\xxxxx\\Documents\\sso-kilau\\kilauCms\\vendor\\laravel\\framework\\src\\Illuminate\\Routing\\Router.php","line":737,"function":"dispatchToRoute","class":"Illuminate\\Routing\\Router","type":"->"},{"file":"C:\\Users\\xxxxx\\Documents\\sso-kilau\\kilauCms\\vendor\\laravel\\framework\\src\\Illuminate\\Foundation\\Http\\Kernel.php","line":200,"function":"dispatch","class":"Illuminate\\Routing\\Router","type":"->"},{"file":"C:\\Users\\xxxxx\\Documents\\sso-kilau\\kilauCms\\vendor\\laravel\\framework\\src\\Illuminate\\Pipeline\\Pipeline.php","line":144,"function":"Illuminate\\Foundation\\Http\\{closure}","class":"Illuminate\\Foundation\\Http\\Kernel","type":"->"},{"file":"C:\\Users\\xxxxx\\Documents\\sso-kilau\\kilauCms\\vendor\\laravel\\framework\\src\\Illuminate\\Foundation\\Http\\Middleware\\TransformsRequest.php","line":21,"function":"Illuminate\\Pipeline\\{closure}","class":"Illuminate\\Pipeline\\Pipeline","type":"->"},{"file":"C:\\Users\\xxxxx\\Documents\\sso-kilau\\kilauCms\\vendor\\laravel\\framework\\src\\Illuminate\\Foundation\\Http\\Middleware\\ConvertEmptyStringsToNull.php","line":31,"function":"handle","class":"Illuminate\\Foundation\\Http\\Middleware\\TransformsRequest","type":"->"},{"file":"C:\\Users\\xxxxx\\Documents\\sso-kilau\\kilauCms\\vendor\\laravel\\framework\\src\\Illuminate\\Pipeline\\Pipeline.php","line":183,"function":"handle","class":"Illuminate\\Foundation\\Http\\Middleware\\ConvertEmptyStringsToNull","type":"->"},{"file":"C:\\Users\\xxxxx\\Documents\\sso-kilau\\kilauCms\\vendor\\laravel\\framework\\src\\Illuminate\\Foundation\\Http\\Middleware\\TransformsRequest.php","line":21,"function":"Illuminate\\Pipeline\\{closure}","class":"Illuminate\\Pipeline\\Pipeline","type":"->"},{"file":"C:\\Users\\xxxxx\\Documents\\sso-kilau\\kilauCms\\vendor\\laravel\\framework\\src\\Illuminate\\Foundation\\Http\\Middleware\\TrimStrings.php","line":40,"function":"handle","class":"Illuminate\\Foundation\\Http\\Middleware\\TransformsRequest","type":"->"},{"file":"C:\\Users\\xxxxx\\Documents\\sso-kilau\\kilauCms\\vendor\\laravel\\framework\\src\\Illuminate\\Pipeline\\Pipeline.php","line":183,"function":"handle","class":"Illuminate\\Foundation\\Http\\Middleware\\TrimStrings","type":"->"},{"file":"C:\\Users\\xxxxx\\Documents\\sso-kilau\\kilauCms\\vendor\\laravel\\framework\\src\\Illuminate\\Foundation\\Http\\Middleware\\ValidatePostSize.php","line":27,"function":"Illuminate\\Pipeline\\{closure}","class":"Illuminate\\Pipeline\\Pipeline","type":"->"},{"file":"C:\\Users\\xxxxx\\Documents\\sso-kilau\\kilauCms\\vendor\\laravel\\framework\\src\\Illuminate\\Pipeline\\Pipeline.php","line":183,"function":"handle","class":"Illuminate\\Foundation\\Http\\Middleware\\ValidatePostSize","type":"->"},{"file":"C:\\Users\\xxxxx\\Documents\\sso-kilau\\kilauCms\\vendor\\laravel\\framework\\src\\Illuminate\\Foundation\\Http\\Middleware\\PreventRequestsDuringMaintenance.php","line":99,"function":"Illuminate\\Pipeline\\{closure}","class":"Illuminate\\Pipeline\\Pipeline","type":"->"},{"file":"C:\\Users\\xxxxx\\Documents\\sso-kilau\\kilauCms\\vendor\\laravel\\framework\\src\\Illuminate\\Pipeline\\Pipeline.php","line":183,"function":"handle","class":"Illuminate\\Foundation\\Http\\Middleware\\PreventRequestsDuringMaintenance","type":"->"},{"file":"C:\\Users\\xxxxx\\Documents\\sso-kilau\\kilauCms\\vendor\\laravel\\framework\\src\\Illuminate\\Http\\Middleware\\HandleCors.php","line":62,"function":"Illuminate\\Pipeline\\{closure}","class":"Illuminate\\Pipeline\\Pipeline","type":"->"},{"file":"C:\\Users\\xxxxx\\Documents\\sso-kilau\\kilauCms\\vendor\\laravel\\framework\\src\\Illuminate\\Pipeline\\Pipeline.php","line":183,"function":"handle","class":"Illuminate\\Http\\Middleware\\HandleCors","type":"->"},{"file":"C:\\Users\\xxxxx\\Documents\\sso-kilau\\kilauCms\\vendor\\laravel\\framework\\src\\Illuminate\\Http\\Middleware\\TrustProxies.php","line":39,"function":"Illuminate\\Pipeline\\{closure}","class":"Illuminate\\Pipeline\\Pipeline","type":"->"},{"file":"C:\\Users\\xxxxx\\Documents\\sso-kilau\\kilauCms\\vendor\\laravel\\framework\\src\\Illuminate\\Pipeline\\Pipeline.php","line":183,"function":"handle","class":"Illuminate\\Http\\Middleware\\TrustProxies","type":"->"},{"file":"C:\\Users\\xxxxx\\Documents\\sso-kilau\\kilauCms\\vendor\\laravel\\framework\\src\\Illuminate\\Pipeline\\Pipeline.php","line":119,"function":"Illuminate\\Pipeline\\{closure}","class":"Illuminate\\Pipeline\\Pipeline","type":"->"},{"file":"C:\\Users\\xxxxx\\Documents\\sso-kilau\\kilauCms\\vendor\\laravel\\framework\\src\\Illuminate\\Foundation\\Http\\Kernel.php","line":175,"function":"then","class":"Illuminate\\Pipeline\\Pipeline","type":"->"},{"file":"C:\\Users\\xxxxx\\Documents\\sso-kilau\\kilauCms\\vendor\\laravel\\framework\\src\\Illuminate\\Foundation\\Http\\Kernel.php","line":144,"function":"sendRequestThroughRouter","class":"Illuminate\\Foundation\\Http\\Kernel","type":"->"},{"file":"C:\\Users\\xxxxx\\Documents\\sso-kilau\\kilauCms\\public\\index.php","line":18,"function":"handle","class":"Illuminate\\Foundation\\Http\\Kernel","type":"->"},{"file":"C:\\Users\\xxxxx\\Documents\\sso-kilau\\kilauCms\\vendor\\laravel\\framework\\src\\Illuminate\\Foundation\\resources\\server.php","line":16,"function":"require_once"}]}} 
[2026-07-09 15:38:24] local.INFO: Update status donasi request {"status":2} 
[2026-07-10 07:34:18] local.ERROR: Gagal mengambil data pelayanan Berbagi Sehat: cURL error 28: Connection timed out after 5003 milliseconds (see https://curl.haxx.se/libcurl/c/libcurl-errors.html) for https://kl.kliniqta.id/jumlah/pelayanan  
[2026-07-10 11:58:50] local.ERROR: SQLSTATE[22003]: Numeric value out of range: 1264 Out of range value for column 'external_user_id' at row 1 (Connection: mysql, SQL: insert into `donasi_histories` (`donasikilau_id`, `external_user_id`, `status_donasi`, `total_donasi`, `feedback`, `token`, `updated_at`, `created_at`) values (134, 019e54b4-b6a5-7048-b318-3eae09ff5150, 1, 1.00, ?, ?, 2026-07-10 11:58:50, 2026-07-10 11:58:50)) {"userId":6,"exception":"[object] (Illuminate\\Database\\QueryException(code: 22003): SQLSTATE[22003]: Numeric value out of range: 1264 Out of range value for column 'external_user_id' at row 1 (Connection: mysql, SQL: insert into `donasi_histories` (`donasikilau_id`, `external_user_id`, `status_donasi`, `total_donasi`, `feedback`, `token`, `updated_at`, `created_at`) values (134, 019e54b4-b6a5-7048-b318-3eae09ff5150, 1, 1.00, ?, ?, 2026-07-10 11:58:50, 2026-07-10 11:58:50)) at C:\\Users\\xxxxx\\Documents\\sso-kilau\\kilauCms\\vendor\\laravel\\framework\\src\\Illuminate\\Database\\Connection.php:829)
[stacktrace]
#0 C:\\Users\\xxxxx\\Documents\\sso-kilau\\kilauCms\\vendor\\laravel\\framework\\src\\Illuminate\\Database\\Connection.php(783): Illuminate\\Database\\Connection->runQueryCallback('insert into `do...', Array, Object(Closure))
#1 C:\\Users\\xxxxx\\Documents\\sso-kilau\\kilauCms\\vendor\\laravel\\framework\\src\\Illuminate\\Database\\MySqlConnection.php(34): Illuminate\\Database\\Connection->run('insert into `do...', Array, Object(Closure))
#2 C:\\Users\\xxxxx\\Documents\\sso-kilau\\kilauCms\\vendor\\laravel\\framework\\src\\Illuminate\\Database\\Query\\Processors\\MySqlProcessor.php(35): Illuminate\\Database\\MySqlConnection->insert('insert into `do...', Array, 'id')
#3 C:\\Users\\xxxxx\\Documents\\sso-kilau\\kilauCms\\vendor\\laravel\\framework\\src\\Illuminate\\Database\\Query\\Builder.php(3549): Illuminate\\Database\\Query\\Processors\\MySqlProcessor->processInsertGetId(Object(Illuminate\\Database\\Query\\Builder), 'insert into `do...', Array, 'id')
#4 C:\\Users\\xxxxx\\Documents\\sso-kilau\\kilauCms\\vendor\\laravel\\framework\\src\\Illuminate\\Database\\Eloquent\\Builder.php(1982): Illuminate\\Database\\Query\\Builder->insertGetId(Array, 'id')
#5 C:\\Users\\xxxxx\\Documents\\sso-kilau\\kilauCms\\vendor\\laravel\\framework\\src\\Illuminate\\Database\\Eloquent\\Model.php(1334): Illuminate\\Database\\Eloquent\\Builder->__call('insertGetId', Array)
#6 C:\\Users\\xxxxx\\Documents\\sso-kilau\\kilauCms\\vendor\\laravel\\framework\\src\\Illuminate\\Database\\Eloquent\\Model.php(1299): Illuminate\\Database\\Eloquent\\Model->insertAndSetId(Object(Illuminate\\Database\\Eloquent\\Builder), Array)
#7 C:\\Users\\xxxxx\\Documents\\sso-kilau\\kilauCms\\vendor\\laravel\\framework\\src\\Illuminate\\Database\\Eloquent\\Model.php(1138): Illuminate\\Database\\Eloquent\\Model->performInsert(Object(Illuminate\\Database\\Eloquent\\Builder))
#8 C:\\Users\\xxxxx\\Documents\\sso-kilau\\kilauCms\\vendor\\laravel\\framework\\src\\Illuminate\\Database\\Eloquent\\Builder.php(1025): Illuminate\\Database\\Eloquent\\Model->save()
#9 C:\\Users\\xxxxx\\Documents\\sso-kilau\\kilauCms\\vendor\\laravel\\framework\\src\\Illuminate\\Support\\helpers.php(320): Illuminate\\Database\\Eloquent\\Builder->Illuminate\\Database\\Eloquent\\{closure}(Object(App\\Models\\DonasiHistory))
#10 C:\\Users\\xxxxx\\Documents\\sso-kilau\\kilauCms\\vendor\\laravel\\framework\\src\\Illuminate\\Database\\Eloquent\\Builder.php(1024): tap(Object(App\\Models\\DonasiHistory), Object(Closure))
#11 C:\\Users\\xxxxx\\Documents\\sso-kilau\\kilauCms\\vendor\\laravel\\framework\\src\\Illuminate\\Support\\Traits\\ForwardsCalls.php(23): Illuminate\\Database\\Eloquent\\Builder->create(Array)
#12 C:\\Users\\xxxxx\\Documents\\sso-kilau\\kilauCms\\vendor\\laravel\\framework\\src\\Illuminate\\Database\\Eloquent\\Model.php(2335): Illuminate\\Database\\Eloquent\\Model->forwardCallTo(Object(Illuminate\\Database\\Eloquent\\Builder), 'create', Array)
#13 C:\\Users\\xxxxx\\Documents\\sso-kilau\\kilauCms\\vendor\\laravel\\framework\\src\\Illuminate\\Database\\Eloquent\\Model.php(2347): Illuminate\\Database\\Eloquent\\Model->__call('create', Array)
#14 C:\\Users\\xxxxx\\Documents\\sso-kilau\\kilauCms\\app\\Http\\Controllers\\LandingPage\\HomeController.php(394): Illuminate\\Database\\Eloquent\\Model::__callStatic('create', Array)
#15 C:\\Users\\xxxxx\\Documents\\sso-kilau\\kilauCms\\vendor\\laravel\\framework\\src\\Illuminate\\Routing\\Controller.php(54): App\\Http\\Controllers\\LandingPage\\HomeController->donasi(Object(Illuminate\\Http\\Request), Object(App\\Services\\ReferralCodeService))
#16 C:\\Users\\xxxxx\\Documents\\sso-kilau\\kilauCms\\vendor\\laravel\\framework\\src\\Illuminate\\Routing\\ControllerDispatcher.php(43): Illuminate\\Routing\\Controller->callAction('donasi', Array)
#17 C:\\Users\\xxxxx\\Documents\\sso-kilau\\kilauCms\\vendor\\laravel\\framework\\src\\Illuminate\\Routing\\Route.php(259): Illuminate\\Routing\\ControllerDispatcher->dispatch(Object(Illuminate\\Routing\\Route), Object(App\\Http\\Controllers\\LandingPage\\HomeController), 'donasi')
#18 C:\\Users\\xxxxx\\Documents\\sso-kilau\\kilauCms\\vendor\\laravel\\framework\\src\\Illuminate\\Routing\\Route.php(205): Illuminate\\Routing\\Route->runController()
#19 C:\\Users\\xxxxx\\Documents\\sso-kilau\\kilauCms\\vendor\\laravel\\framework\\src\\Illuminate\\Routing\\Router.php(806): Illuminate\\Routing\\Route->run()
#20 C:\\Users\\xxxxx\\Documents\\sso-kilau\\kilauCms\\vendor\\laravel\\framework\\src\\Illuminate\\Pipeline\\Pipeline.php(144): Illuminate\\Routing\\Router->Illuminate\\Routing\\{closure}(Object(Illuminate\\Http\\Request))
#21 C:\\Users\\xxxxx\\Documents\\sso-kilau\\kilauCms\\vendor\\laravel\\framework\\src\\Illuminate\\Routing\\Middleware\\SubstituteBindings.php(50): Illuminate\\Pipeline\\Pipeline->Illuminate\\Pipeline\\{closure}(Object(Illuminate\\Http\\Request))
#22 C:\\Users\\xxxxx\\Documents\\sso-kilau\\kilauCms\\vendor\\laravel\\framework\\src\\Illuminate\\Pipeline\\Pipeline.php(183): Illuminate\\Routing\\Middleware\\SubstituteBindings->handle(Object(Illuminate\\Http\\Request), Object(Closure))
#23 C:\\Users\\xxxxx\\Documents\\sso-kilau\\kilauCms\\vendor\\laravel\\framework\\src\\Illuminate\\Foundation\\Http\\Middleware\\VerifyCsrfToken.php(78): Illuminate\\Pipeline\\Pipeline->Illuminate\\Pipeline\\{closure}(Object(Illuminate\\Http\\Request))
#24 C:\\Users\\xxxxx\\Documents\\sso-kilau\\kilauCms\\vendor\\laravel\\framework\\src\\Illuminate\\Pipeline\\Pipeline.php(183): Illuminate\\Foundation\\Http\\Middleware\\VerifyCsrfToken->handle(Object(Illuminate\\Http\\Request), Object(Closure))
#25 C:\\Users\\xxxxx\\Documents\\sso-kilau\\kilauCms\\vendor\\laravel\\framework\\src\\Illuminate\\View\\Middleware\\ShareErrorsFromSession.php(49): Illuminate\\Pipeline\\Pipeline->Illuminate\\Pipeline\\{closure}(Object(Illuminate\\Http\\Request))
#26 C:\\Users\\xxxxx\\Documents\\sso-kilau\\kilauCms\\vendor\\laravel\\framework\\src\\Illuminate\\Pipeline\\Pipeline.php(183): Illuminate\\View\\Middleware\\ShareErrorsFromSession->handle(Object(Illuminate\\Http\\Request), Object(Closure))
#27 C:\\Users\\xxxxx\\Documents\\sso-kilau\\kilauCms\\vendor\\laravel\\framework\\src\\Illuminate\\Session\\Middleware\\StartSession.php(121): Illuminate\\Pipeline\\Pipeline->Illuminate\\Pipeline\\{closure}(Object(Illuminate\\Http\\Request))
#28 C:\\Users\\xxxxx\\Documents\\sso-kilau\\kilauCms\\vendor\\laravel\\framework\\src\\Illuminate\\Session\\Middleware\\StartSession.php(64): Illuminate\\Session\\Middleware\\StartSession->handleStatefulRequest(Object(Illuminate\\Http\\Request), Object(Illuminate\\Session\\Store), Object(Closure))
#29 C:\\Users\\xxxxx\\Documents\\sso-kilau\\kilauCms\\vendor\\laravel\\framework\\src\\Illuminate\\Pipeline\\Pipeline.php(183): Illuminate\\Session\\Middleware\\StartSession->handle(Object(Illuminate\\Http\\Request), Object(Closure))
#30 C:\\Users\\xxxxx\\Documents\\sso-kilau\\kilauCms\\vendor\\laravel\\framework\\src\\Illuminate\\Cookie\\Middleware\\AddQueuedCookiesToResponse.php(37): Illuminate\\Pipeline\\Pipeline->Illuminate\\Pipeline\\{closure}(Object(Illuminate\\Http\\Request))
#31 C:\\Users\\xxxxx\\Documents\\sso-kilau\\kilauCms\\vendor\\laravel\\framework\\src\\Illuminate\\Pipeline\\Pipeline.php(183): Illuminate\\Cookie\\Middleware\\AddQueuedCookiesToResponse->handle(Object(Illuminate\\Http\\Request), Object(Closure))
#32 C:\\Users\\xxxxx\\Documents\\sso-kilau\\kilauCms\\vendor\\laravel\\framework\\src\\Illuminate\\Cookie\\Middleware\\EncryptCookies.php(67): Illuminate\\Pipeline\\Pipeline->Illuminate\\Pipeline\\{closure}(Object(Illuminate\\Http\\Request))
#33 C:\\Users\\xxxxx\\Documents\\sso-kilau\\kilauCms\\vendor\\laravel\\framework\\src\\Illuminate\\Pipeline\\Pipeline.php(183): Illuminate\\Cookie\\Middleware\\EncryptCookies->handle(Object(Illuminate\\Http\\Request), Object(Closure))
#34 C:\\Users\\xxxxx\\Documents\\sso-kilau\\kilauCms\\vendor\\laravel\\framework\\src\\Illuminate\\Pipeline\\Pipeline.php(119): Illuminate\\Pipeline\\Pipeline->Illuminate\\Pipeline\\{closure}(Object(Illuminate\\Http\\Request))
#35 C:\\Users\\xxxxx\\Documents\\sso-kilau\\kilauCms\\vendor\\laravel\\framework\\src\\Illuminate\\Routing\\Router.php(805): Illuminate\\Pipeline\\Pipeline->then(Object(Closure))
#36 C:\\Users\\xxxxx\\Documents\\sso-kilau\\kilauCms\\vendor\\laravel\\framework\\src\\Illuminate\\Routing\\Router.php(784): Illuminate\\Routing\\Router->runRouteWithinStack(Object(Illuminate\\Routing\\Route), Object(Illuminate\\Http\\Request))
#37 C:\\Users\\xxxxx\\Documents\\sso-kilau\\kilauCms\\vendor\\laravel\\framework\\src\\Illuminate\\Routing\\Router.php(748): Illuminate\\Routing\\Router->runRoute(Object(Illuminate\\Http\\Request), Object(Illuminate\\Routing\\Route))
#38 C:\\Users\\xxxxx\\Documents\\sso-kilau\\kilauCms\\vendor\\laravel\\framework\\src\\Illuminate\\Routing\\Router.php(737): Illuminate\\Routing\\Router->dispatchToRoute(Object(Illuminate\\Http\\Request))
#39 C:\\Users\\xxxxx\\Documents\\sso-kilau\\kilauCms\\vendor\\laravel\\framework\\src\\Illuminate\\Foundation\\Http\\Kernel.php(200): Illuminate\\Routing\\Router->dispatch(Object(Illuminate\\Http\\Request))
#40 C:\\Users\\xxxxx\\Documents\\sso-kilau\\kilauCms\\vendor\\laravel\\framework\\src\\Illuminate\\Pipeline\\Pipeline.php(144): Illuminate\\Foundation\\Http\\Kernel->Illuminate\\Foundation\\Http\\{closure}(Object(Illuminate\\Http\\Request))
#41 C:\\Users\\xxxxx\\Documents\\sso-kilau\\kilauCms\\vendor\\laravel\\framework\\src\\Illuminate\\Foundation\\Http\\Middleware\\TransformsRequest.php(21): Illuminate\\Pipeline\\Pipeline->Illuminate\\Pipeline\\{closure}(Object(Illuminate\\Http\\Request))
#42 C:\\Users\\xxxxx\\Documents\\sso-kilau\\kilauCms\\vendor\\laravel\\framework\\src\\Illuminate\\Foundation\\Http\\Middleware\\ConvertEmptyStringsToNull.php(31): Illuminate\\Foundation\\Http\\Middleware\\TransformsRequest->handle(Object(Illuminate\\Http\\Request), Object(Closure))
#43 C:\\Users\\xxxxx\\Documents\\sso-kilau\\kilauCms\\vendor\\laravel\\framework\\src\\Illuminate\\Pipeline\\Pipeline.php(183): Illuminate\\Foundation\\Http\\Middleware\\ConvertEmptyStringsToNull->handle(Object(Illuminate\\Http\\Request), Object(Closure))
#44 C:\\Users\\xxxxx\\Documents\\sso-kilau\\kilauCms\\vendor\\laravel\\framework\\src\\Illuminate\\Foundation\\Http\\Middleware\\TransformsRequest.php(21): Illuminate\\Pipeline\\Pipeline->Illuminate\\Pipeline\\{closure}(Object(Illuminate\\Http\\Request))
#45 C:\\Users\\xxxxx\\Documents\\sso-kilau\\kilauCms\\vendor\\laravel\\framework\\src\\Illuminate\\Foundation\\Http\\Middleware\\TrimStrings.php(40): Illuminate\\Foundation\\Http\\Middleware\\TransformsRequest->handle(Object(Illuminate\\Http\\Request), Object(Closure))
#46 C:\\Users\\xxxxx\\Documents\\sso-kilau\\kilauCms\\vendor\\laravel\\framework\\src\\Illuminate\\Pipeline\\Pipeline.php(183): Illuminate\\Foundation\\Http\\Middleware\\TrimStrings->handle(Object(Illuminate\\Http\\Request), Object(Closure))
#47 C:\\Users\\xxxxx\\Documents\\sso-kilau\\kilauCms\\vendor\\laravel\\framework\\src\\Illuminate\\Foundation\\Http\\Middleware\\ValidatePostSize.php(27): Illuminate\\Pipeline\\Pipeline->Illuminate\\Pipeline\\{closure}(Object(Illuminate\\Http\\Request))
#48 C:\\Users\\xxxxx\\Documents\\sso-kilau\\kilauCms\\vendor\\laravel\\framework\\src\\Illuminate\\Pipeline\\Pipeline.php(183): Illuminate\\Foundation\\Http\\Middleware\\ValidatePostSize->handle(Object(Illuminate\\Http\\Request), Object(Closure))
#49 C:\\Users\\xxxxx\\Documents\\sso-kilau\\kilauCms\\vendor\\laravel\\framework\\src\\Illuminate\\Foundation\\Http\\Middleware\\PreventRequestsDuringMaintenance.php(99): Illuminate\\Pipeline\\Pipeline->Illuminate\\Pipeline\\{closure}(Object(Illuminate\\Http\\Request))
#50 C:\\Users\\xxxxx\\Documents\\sso-kilau\\kilauCms\\vendor\\laravel\\framework\\src\\Illuminate\\Pipeline\\Pipeline.php(183): Illuminate\\Foundation\\Http\\Middleware\\PreventRequestsDuringMaintenance->handle(Object(Illuminate\\Http\\Request), Object(Closure))
#51 C:\\Users\\xxxxx\\Documents\\sso-kilau\\kilauCms\\vendor\\laravel\\framework\\src\\Illuminate\\Http\\Middleware\\HandleCors.php(49): Illuminate\\Pipeline\\Pipeline->Illuminate\\Pipeline\\{closure}(Object(Illuminate\\Http\\Request))
#52 C:\\Users\\xxxxx\\Documents\\sso-kilau\\kilauCms\\vendor\\laravel\\framework\\src\\Illuminate\\Pipeline\\Pipeline.php(183): Illuminate\\Http\\Middleware\\HandleCors->handle(Object(Illuminate\\Http\\Request), Object(Closure))
#53 C:\\Users\\xxxxx\\Documents\\sso-kilau\\kilauCms\\vendor\\laravel\\framework\\src\\Illuminate\\Http\\Middleware\\TrustProxies.php(39): Illuminate\\Pipeline\\Pipeline->Illuminate\\Pipeline\\{closure}(Object(Illuminate\\Http\\Request))
#54 C:\\Users\\xxxxx\\Documents\\sso-kilau\\kilauCms\\vendor\\laravel\\framework\\src\\Illuminate\\Pipeline\\Pipeline.php(183): Illuminate\\Http\\Middleware\\TrustProxies->handle(Object(Illuminate\\Http\\Request), Object(Closure))
#55 C:\\Users\\xxxxx\\Documents\\sso-kilau\\kilauCms\\vendor\\laravel\\framework\\src\\Illuminate\\Pipeline\\Pipeline.php(119): Illuminate\\Pipeline\\Pipeline->Illuminate\\Pipeline\\{closure}(Object(Illuminate\\Http\\Request))
#56 C:\\Users\\xxxxx\\Documents\\sso-kilau\\kilauCms\\vendor\\laravel\\framework\\src\\Illuminate\\Foundation\\Http\\Kernel.php(175): Illuminate\\Pipeline\\Pipeline->then(Object(Closure))
#57 C:\\Users\\xxxxx\\Documents\\sso-kilau\\kilauCms\\vendor\\laravel\\framework\\src\\Illuminate\\Foundation\\Http\\Kernel.php(144): Illuminate\\Foundation\\Http\\Kernel->sendRequestThroughRouter(Object(Illuminate\\Http\\Request))
#58 C:\\Users\\xxxxx\\Documents\\sso-kilau\\kilauCms\\public\\index.php(18): Illuminate\\Foundation\\Http\\Kernel->handle(Object(Illuminate\\Http\\Request))
#59 C:\\Users\\xxxxx\\Documents\\sso-kilau\\kilauCms\\vendor\\laravel\\framework\\src\\Illuminate\\Foundation\\resources\\server.php(16): require_once('C:\\\\Users\\\\xxxxx\\\\...')
#60 {main}

[previous exception] [object] (PDOException(code: 22003): SQLSTATE[22003]: Numeric value out of range: 1264 Out of range value for column 'external_user_id' at row 1 at C:\\Users\\xxxxx\\Documents\\sso-kilau\\kilauCms\\vendor\\laravel\\framework\\src\\Illuminate\\Database\\MySqlConnection.php:45)
[stacktrace]
#0 C:\\Users\\xxxxx\\Documents\\sso-kilau\\kilauCms\\vendor\\laravel\\framework\\src\\Illuminate\\Database\\MySqlConnection.php(45): PDOStatement->execute()
#1 C:\\Users\\xxxxx\\Documents\\sso-kilau\\kilauCms\\vendor\\laravel\\framework\\src\\Illuminate\\Database\\Connection.php(816): Illuminate\\Database\\MySqlConnection->Illuminate\\Database\\{closure}('insert into `do...', Array)
#2 C:\\Users\\xxxxx\\Documents\\sso-kilau\\kilauCms\\vendor\\laravel\\framework\\src\\Illuminate\\Database\\Connection.php(783): Illuminate\\Database\\Connection->runQueryCallback('insert into `do...', Array, Object(Closure))
#3 C:\\Users\\xxxxx\\Documents\\sso-kilau\\kilauCms\\vendor\\laravel\\framework\\src\\Illuminate\\Database\\MySqlConnection.php(34): Illuminate\\Database\\Connection->run('insert into `do...', Array, Object(Closure))
#4 C:\\Users\\xxxxx\\Documents\\sso-kilau\\kilauCms\\vendor\\laravel\\framework\\src\\Illuminate\\Database\\Query\\Processors\\MySqlProcessor.php(35): Illuminate\\Database\\MySqlConnection->insert('insert into `do...', Array, 'id')
#5 C:\\Users\\xxxxx\\Documents\\sso-kilau\\kilauCms\\vendor\\laravel\\framework\\src\\Illuminate\\Database\\Query\\Builder.php(3549): Illuminate\\Database\\Query\\Processors\\MySqlProcessor->processInsertGetId(Object(Illuminate\\Database\\Query\\Builder), 'insert into `do...', Array, 'id')
#6 C:\\Users\\xxxxx\\Documents\\sso-kilau\\kilauCms\\vendor\\laravel\\framework\\src\\Illuminate\\Database\\Eloquent\\Builder.php(1982): Illuminate\\Database\\Query\\Builder->insertGetId(Array, 'id')
#7 C:\\Users\\xxxxx\\Documents\\sso-kilau\\kilauCms\\vendor\\laravel\\framework\\src\\Illuminate\\Database\\Eloquent\\Model.php(1334): Illuminate\\Database\\Eloquent\\Builder->__call('insertGetId', Array)
#8 C:\\Users\\xxxxx\\Documents\\sso-kilau\\kilauCms\\vendor\\laravel\\framework\\src\\Illuminate\\Database\\Eloquent\\Model.php(1299): Illuminate\\Database\\Eloquent\\Model->insertAndSetId(Object(Illuminate\\Database\\Eloquent\\Builder), Array)
#9 C:\\Users\\xxxxx\\Documents\\sso-kilau\\kilauCms\\vendor\\laravel\\framework\\src\\Illuminate\\Database\\Eloquent\\Model.php(1138): Illuminate\\Database\\Eloquent\\Model->performInsert(Object(Illuminate\\Database\\Eloquent\\Builder))
#10 C:\\Users\\xxxxx\\Documents\\sso-kilau\\kilauCms\\vendor\\laravel\\framework\\src\\Illuminate\\Database\\Eloquent\\Builder.php(1025): Illuminate\\Database\\Eloquent\\Model->save()
#11 C:\\Users\\xxxxx\\Documents\\sso-kilau\\kilauCms\\vendor\\laravel\\framework\\src\\Illuminate\\Support\\helpers.php(320): Illuminate\\Database\\Eloquent\\Builder->Illuminate\\Database\\Eloquent\\{closure}(Object(App\\Models\\DonasiHistory))
#12 C:\\Users\\xxxxx\\Documents\\sso-kilau\\kilauCms\\vendor\\laravel\\framework\\src\\Illuminate\\Database\\Eloquent\\Builder.php(1024): tap(Object(App\\Models\\DonasiHistory), Object(Closure))
#13 C:\\Users\\xxxxx\\Documents\\sso-kilau\\kilauCms\\vendor\\laravel\\framework\\src\\Illuminate\\Support\\Traits\\ForwardsCalls.php(23): Illuminate\\Database\\Eloquent\\Builder->create(Array)
#14 C:\\Users\\xxxxx\\Documents\\sso-kilau\\kilauCms\\vendor\\laravel\\framework\\src\\Illuminate\\Database\\Eloquent\\Model.php(2335): Illuminate\\Database\\Eloquent\\Model->forwardCallTo(Object(Illuminate\\Database\\Eloquent\\Builder), 'create', Array)
#15 C:\\Users\\xxxxx\\Documents\\sso-kilau\\kilauCms\\vendor\\laravel\\framework\\src\\Illuminate\\Database\\Eloquent\\Model.php(2347): Illuminate\\Database\\Eloquent\\Model->__call('create', Array)
#16 C:\\Users\\xxxxx\\Documents\\sso-kilau\\kilauCms\\app\\Http\\Controllers\\LandingPage\\HomeController.php(394): Illuminate\\Database\\Eloquent\\Model::__callStatic('create', Array)
#17 C:\\Users\\xxxxx\\Documents\\sso-kilau\\kilauCms\\vendor\\laravel\\framework\\src\\Illuminate\\Routing\\Controller.php(54): App\\Http\\Controllers\\LandingPage\\HomeController->donasi(Object(Illuminate\\Http\\Request), Object(App\\Services\\ReferralCodeService))
#18 C:\\Users\\xxxxx\\Documents\\sso-kilau\\kilauCms\\vendor\\laravel\\framework\\src\\Illuminate\\Routing\\ControllerDispatcher.php(43): Illuminate\\Routing\\Controller->callAction('donasi', Array)
#19 C:\\Users\\xxxxx\\Documents\\sso-kilau\\kilauCms\\vendor\\laravel\\framework\\src\\Illuminate\\Routing\\Route.php(259): Illuminate\\Routing\\ControllerDispatcher->dispatch(Object(Illuminate\\Routing\\Route), Object(App\\Http\\Controllers\\LandingPage\\HomeController), 'donasi')
#20 C:\\Users\\xxxxx\\Documents\\sso-kilau\\kilauCms\\vendor\\laravel\\framework\\src\\Illuminate\\Routing\\Route.php(205): Illuminate\\Routing\\Route->runController()
#21 C:\\Users\\xxxxx\\Documents\\sso-kilau\\kilauCms\\vendor\\laravel\\framework\\src\\Illuminate\\Routing\\Router.php(806): Illuminate\\Routing\\Route->run()
#22 C:\\Users\\xxxxx\\Documents\\sso-kilau\\kilauCms\\vendor\\laravel\\framework\\src\\Illuminate\\Pipeline\\Pipeline.php(144): Illuminate\\Routing\\Router->Illuminate\\Routing\\{closure}(Object(Illuminate\\Http\\Request))
#23 C:\\Users\\xxxxx\\Documents\\sso-kilau\\kilauCms\\vendor\\laravel\\framework\\src\\Illuminate\\Routing\\Middleware\\SubstituteBindings.php(50): Illuminate\\Pipeline\\Pipeline->Illuminate\\Pipeline\\{closure}(Object(Illuminate\\Http\\Request))
#24 C:\\Users\\xxxxx\\Documents\\sso-kilau\\kilauCms\\vendor\\laravel\\framework\\src\\Illuminate\\Pipeline\\Pipeline.php(183): Illuminate\\Routing\\Middleware\\SubstituteBindings->handle(Object(Illuminate\\Http\\Request), Object(Closure))
#25 C:\\Users\\xxxxx\\Documents\\sso-kilau\\kilauCms\\vendor\\laravel\\framework\\src\\Illuminate\\Foundation\\Http\\Middleware\\VerifyCsrfToken.php(78): Illuminate\\Pipeline\\Pipeline->Illuminate\\Pipeline\\{closure}(Object(Illuminate\\Http\\Request))
#26 C:\\Users\\xxxxx\\Documents\\sso-kilau\\kilauCms\\vendor\\laravel\\framework\\src\\Illuminate\\Pipeline\\Pipeline.php(183): Illuminate\\Foundation\\Http\\Middleware\\VerifyCsrfToken->handle(Object(Illuminate\\Http\\Request), Object(Closure))
#27 C:\\Users\\xxxxx\\Documents\\sso-kilau\\kilauCms\\vendor\\laravel\\framework\\src\\Illuminate\\View\\Middleware\\ShareErrorsFromSession.php(49): Illuminate\\Pipeline\\Pipeline->Illuminate\\Pipeline\\{closure}(Object(Illuminate\\Http\\Request))
#28 C:\\Users\\xxxxx\\Documents\\sso-kilau\\kilauCms\\vendor\\laravel\\framework\\src\\Illuminate\\Pipeline\\Pipeline.php(183): Illuminate\\View\\Middleware\\ShareErrorsFromSession->handle(Object(Illuminate\\Http\\Request), Object(Closure))
#29 C:\\Users\\xxxxx\\Documents\\sso-kilau\\kilauCms\\vendor\\laravel\\framework\\src\\Illuminate\\Session\\Middleware\\StartSession.php(121): Illuminate\\Pipeline\\Pipeline->Illuminate\\Pipeline\\{closure}(Object(Illuminate\\Http\\Request))
#30 C:\\Users\\xxxxx\\Documents\\sso-kilau\\kilauCms\\vendor\\laravel\\framework\\src\\Illuminate\\Session\\Middleware\\StartSession.php(64): Illuminate\\Session\\Middleware\\StartSession->handleStatefulRequest(Object(Illuminate\\Http\\Request), Object(Illuminate\\Session\\Store), Object(Closure))
#31 C:\\Users\\xxxxx\\Documents\\sso-kilau\\kilauCms\\vendor\\laravel\\framework\\src\\Illuminate\\Pipeline\\Pipeline.php(183): Illuminate\\Session\\Middleware\\StartSession->handle(Object(Illuminate\\Http\\Request), Object(Closure))
#32 C:\\Users\\xxxxx\\Documents\\sso-kilau\\kilauCms\\vendor\\laravel\\framework\\src\\Illuminate\\Cookie\\Middleware\\AddQueuedCookiesToResponse.php(37): Illuminate\\Pipeline\\Pipeline->Illuminate\\Pipeline\\{closure}(Object(Illuminate\\Http\\Request))
#33 C:\\Users\\xxxxx\\Documents\\sso-kilau\\kilauCms\\vendor\\laravel\\framework\\src\\Illuminate\\Pipeline\\Pipeline.php(183): Illuminate\\Cookie\\Middleware\\AddQueuedCookiesToResponse->handle(Object(Illuminate\\Http\\Request), Object(Closure))
#34 C:\\Users\\xxxxx\\Documents\\sso-kilau\\kilauCms\\vendor\\laravel\\framework\\src\\Illuminate\\Cookie\\Middleware\\EncryptCookies.php(67): Illuminate\\Pipeline\\Pipeline->Illuminate\\Pipeline\\{closure}(Object(Illuminate\\Http\\Request))
#35 C:\\Users\\xxxxx\\Documents\\sso-kilau\\kilauCms\\vendor\\laravel\\framework\\src\\Illuminate\\Pipeline\\Pipeline.php(183): Illuminate\\Cookie\\Middleware\\EncryptCookies->handle(Object(Illuminate\\Http\\Request), Object(Closure))
#36 C:\\Users\\xxxxx\\Documents\\sso-kilau\\kilauCms\\vendor\\laravel\\framework\\src\\Illuminate\\Pipeline\\Pipeline.php(119): Illuminate\\Pipeline\\Pipeline->Illuminate\\Pipeline\\{closure}(Object(Illuminate\\Http\\Request))
#37 C:\\Users\\xxxxx\\Documents\\sso-kilau\\kilauCms\\vendor\\laravel\\framework\\src\\Illuminate\\Routing\\Router.php(805): Illuminate\\Pipeline\\Pipeline->then(Object(Closure))
#38 C:\\Users\\xxxxx\\Documents\\sso-kilau\\kilauCms\\vendor\\laravel\\framework\\src\\Illuminate\\Routing\\Router.php(784): Illuminate\\Routing\\Router->runRouteWithinStack(Object(Illuminate\\Routing\\Route), Object(Illuminate\\Http\\Request))
#39 C:\\Users\\xxxxx\\Documents\\sso-kilau\\kilauCms\\vendor\\laravel\\framework\\src\\Illuminate\\Routing\\Router.php(748): Illuminate\\Routing\\Router->runRoute(Object(Illuminate\\Http\\Request), Object(Illuminate\\Routing\\Route))
#40 C:\\Users\\xxxxx\\Documents\\sso-kilau\\kilauCms\\vendor\\laravel\\framework\\src\\Illuminate\\Routing\\Router.php(737): Illuminate\\Routing\\Router->dispatchToRoute(Object(Illuminate\\Http\\Request))
#41 C:\\Users\\xxxxx\\Documents\\sso-kilau\\kilauCms\\vendor\\laravel\\framework\\src\\Illuminate\\Foundation\\Http\\Kernel.php(200): Illuminate\\Routing\\Router->dispatch(Object(Illuminate\\Http\\Request))
#42 C:\\Users\\xxxxx\\Documents\\sso-kilau\\kilauCms\\vendor\\laravel\\framework\\src\\Illuminate\\Pipeline\\Pipeline.php(144): Illuminate\\Foundation\\Http\\Kernel->Illuminate\\Foundation\\Http\\{closure}(Object(Illuminate\\Http\\Request))
#43 C:\\Users\\xxxxx\\Documents\\sso-kilau\\kilauCms\\vendor\\laravel\\framework\\src\\Illuminate\\Foundation\\Http\\Middleware\\TransformsRequest.php(21): Illuminate\\Pipeline\\Pipeline->Illuminate\\Pipeline\\{closure}(Object(Illuminate\\Http\\Request))
#44 C:\\Users\\xxxxx\\Documents\\sso-kilau\\kilauCms\\vendor\\laravel\\framework\\src\\Illuminate\\Foundation\\Http\\Middleware\\ConvertEmptyStringsToNull.php(31): Illuminate\\Foundation\\Http\\Middleware\\TransformsRequest->handle(Object(Illuminate\\Http\\Request), Object(Closure))
#45 C:\\Users\\xxxxx\\Documents\\sso-kilau\\kilauCms\\vendor\\laravel\\framework\\src\\Illuminate\\Pipeline\\Pipeline.php(183): Illuminate\\Foundation\\Http\\Middleware\\ConvertEmptyStringsToNull->handle(Object(Illuminate\\Http\\Request), Object(Closure))
#46 C:\\Users\\xxxxx\\Documents\\sso-kilau\\kilauCms\\vendor\\laravel\\framework\\src\\Illuminate\\Foundation\\Http\\Middleware\\TransformsRequest.php(21): Illuminate\\Pipeline\\Pipeline->Illuminate\\Pipeline\\{closure}(Object(Illuminate\\Http\\Request))
#47 C:\\Users\\xxxxx\\Documents\\sso-kilau\\kilauCms\\vendor\\laravel\\framework\\src\\Illuminate\\Foundation\\Http\\Middleware\\TrimStrings.php(40): Illuminate\\Foundation\\Http\\Middleware\\TransformsRequest->handle(Object(Illuminate\\Http\\Request), Object(Closure))
#48 C:\\Users\\xxxxx\\Documents\\sso-kilau\\kilauCms\\vendor\\laravel\\framework\\src\\Illuminate\\Pipeline\\Pipeline.php(183): Illuminate\\Foundation\\Http\\Middleware\\TrimStrings->handle(Object(Illuminate\\Http\\Request), Object(Closure))
#49 C:\\Users\\xxxxx\\Documents\\sso-kilau\\kilauCms\\vendor\\laravel\\framework\\src\\Illuminate\\Foundation\\Http\\Middleware\\ValidatePostSize.php(27): Illuminate\\Pipeline\\Pipeline->Illuminate\\Pipeline\\{closure}(Object(Illuminate\\Http\\Request))
#50 C:\\Users\\xxxxx\\Documents\\sso-kilau\\kilauCms\\vendor\\laravel\\framework\\src\\Illuminate\\Pipeline\\Pipeline.php(183): Illuminate\\Foundation\\Http\\Middleware\\ValidatePostSize->handle(Object(Illuminate\\Http\\Request), Object(Closure))
#51 C:\\Users\\xxxxx\\Documents\\sso-kilau\\kilauCms\\vendor\\laravel\\framework\\src\\Illuminate\\Foundation\\Http\\Middleware\\PreventRequestsDuringMaintenance.php(99): Illuminate\\Pipeline\\Pipeline->Illuminate\\Pipeline\\{closure}(Object(Illuminate\\Http\\Request))
#52 C:\\Users\\xxxxx\\Documents\\sso-kilau\\kilauCms\\vendor\\laravel\\framework\\src\\Illuminate\\Pipeline\\Pipeline.php(183): Illuminate\\Foundation\\Http\\Middleware\\PreventRequestsDuringMaintenance->handle(Object(Illuminate\\Http\\Request), Object(Closure))
#53 C:\\Users\\xxxxx\\Documents\\sso-kilau\\kilauCms\\vendor\\laravel\\framework\\src\\Illuminate\\Http\\Middleware\\HandleCors.php(49): Illuminate\\Pipeline\\Pipeline->Illuminate\\Pipeline\\{closure}(Object(Illuminate\\Http\\Request))
#54 C:\\Users\\xxxxx\\Documents\\sso-kilau\\kilauCms\\vendor\\laravel\\framework\\src\\Illuminate\\Pipeline\\Pipeline.php(183): Illuminate\\Http\\Middleware\\HandleCors->handle(Object(Illuminate\\Http\\Request), Object(Closure))
#55 C:\\Users\\xxxxx\\Documents\\sso-kilau\\kilauCms\\vendor\\laravel\\framework\\src\\Illuminate\\Http\\Middleware\\TrustProxies.php(39): Illuminate\\Pipeline\\Pipeline->Illuminate\\Pipeline\\{closure}(Object(Illuminate\\Http\\Request))
#56 C:\\Users\\xxxxx\\Documents\\sso-kilau\\kilauCms\\vendor\\laravel\\framework\\src\\Illuminate\\Pipeline\\Pipeline.php(183): Illuminate\\Http\\Middleware\\TrustProxies->handle(Object(Illuminate\\Http\\Request), Object(Closure))
#57 C:\\Users\\xxxxx\\Documents\\sso-kilau\\kilauCms\\vendor\\laravel\\framework\\src\\Illuminate\\Pipeline\\Pipeline.php(119): Illuminate\\Pipeline\\Pipeline->Illuminate\\Pipeline\\{closure}(Object(Illuminate\\Http\\Request))
#58 C:\\Users\\xxxxx\\Documents\\sso-kilau\\kilauCms\\vendor\\laravel\\framework\\src\\Illuminate\\Foundation\\Http\\Kernel.php(175): Illuminate\\Pipeline\\Pipeline->then(Object(Closure))
#59 C:\\Users\\xxxxx\\Documents\\sso-kilau\\kilauCms\\vendor\\laravel\\framework\\src\\Illuminate\\Foundation\\Http\\Kernel.php(144): Illuminate\\Foundation\\Http\\Kernel->sendRequestThroughRouter(Object(Illuminate\\Http\\Request))
#60 C:\\Users\\xxxxx\\Documents\\sso-kilau\\kilauCms\\public\\index.php(18): Illuminate\\Foundation\\Http\\Kernel->handle(Object(Illuminate\\Http\\Request))
#61 C:\\Users\\xxxxx\\Documents\\sso-kilau\\kilauCms\\vendor\\laravel\\framework\\src\\Illuminate\\Foundation\\resources\\server.php(16): require_once('C:\\\\Users\\\\xxxxx\\\\...')
#62 {main}
"} 
[2026-07-10 11:59:13] local.ERROR: SQLSTATE[22003]: Numeric value out of range: 1264 Out of range value for column 'external_user_id' at row 1 (Connection: mysql, SQL: insert into `donasi_histories` (`donasikilau_id`, `external_user_id`, `status_donasi`, `total_donasi`, `feedback`, `token`, `updated_at`, `created_at`) values (135, 019e54b4-b6a5-7048-b318-3eae09ff5150, 1, 1.00, ?, ?, 2026-07-10 11:59:13, 2026-07-10 11:59:13)) {"userId":6,"exception":"[object] (Illuminate\\Database\\QueryException(code: 22003): SQLSTATE[22003]: Numeric value out of range: 1264 Out of range value for column 'external_user_id' at row 1 (Connection: mysql, SQL: insert into `donasi_histories` (`donasikilau_id`, `external_user_id`, `status_donasi`, `total_donasi`, `feedback`, `token`, `updated_at`, `created_at`) values (135, 019e54b4-b6a5-7048-b318-3eae09ff5150, 1, 1.00, ?, ?, 2026-07-10 11:59:13, 2026-07-10 11:59:13)) at C:\\Users\\xxxxx\\Documents\\sso-kilau\\kilauCms\\vendor\\laravel\\framework\\src\\Illuminate\\Database\\Connection.php:829)
[stacktrace]
#0 C:\\Users\\xxxxx\\Documents\\sso-kilau\\kilauCms\\vendor\\laravel\\framework\\src\\Illuminate\\Database\\Connection.php(783): Illuminate\\Database\\Connection->runQueryCallback('insert into `do...', Array, Object(Closure))
#1 C:\\Users\\xxxxx\\Documents\\sso-kilau\\kilauCms\\vendor\\laravel\\framework\\src\\Illuminate\\Database\\MySqlConnection.php(34): Illuminate\\Database\\Connection->run('insert into `do...', Array, Object(Closure))
#2 C:\\Users\\xxxxx\\Documents\\sso-kilau\\kilauCms\\vendor\\laravel\\framework\\src\\Illuminate\\Database\\Query\\Processors\\MySqlProcessor.php(35): Illuminate\\Database\\MySqlConnection->insert('insert into `do...', Array, 'id')
#3 C:\\Users\\xxxxx\\Documents\\sso-kilau\\kilauCms\\vendor\\laravel\\framework\\src\\Illuminate\\Database\\Query\\Builder.php(3549): Illuminate\\Database\\Query\\Processors\\MySqlProcessor->processInsertGetId(Object(Illuminate\\Database\\Query\\Builder), 'insert into `do...', Array, 'id')
#4 C:\\Users\\xxxxx\\Documents\\sso-kilau\\kilauCms\\vendor\\laravel\\framework\\src\\Illuminate\\Database\\Eloquent\\Builder.php(1982): Illuminate\\Database\\Query\\Builder->insertGetId(Array, 'id')
#5 C:\\Users\\xxxxx\\Documents\\sso-kilau\\kilauCms\\vendor\\laravel\\framework\\src\\Illuminate\\Database\\Eloquent\\Model.php(1334): Illuminate\\Database\\Eloquent\\Builder->__call('insertGetId', Array)
#6 C:\\Users\\xxxxx\\Documents\\sso-kilau\\kilauCms\\vendor\\laravel\\framework\\src\\Illuminate\\Database\\Eloquent\\Model.php(1299): Illuminate\\Database\\Eloquent\\Model->insertAndSetId(Object(Illuminate\\Database\\Eloquent\\Builder), Array)
#7 C:\\Users\\xxxxx\\Documents\\sso-kilau\\kilauCms\\vendor\\laravel\\framework\\src\\Illuminate\\Database\\Eloquent\\Model.php(1138): Illuminate\\Database\\Eloquent\\Model->performInsert(Object(Illuminate\\Database\\Eloquent\\Builder))
#8 C:\\Users\\xxxxx\\Documents\\sso-kilau\\kilauCms\\vendor\\laravel\\framework\\src\\Illuminate\\Database\\Eloquent\\Builder.php(1025): Illuminate\\Database\\Eloquent\\Model->save()
#9 C:\\Users\\xxxxx\\Documents\\sso-kilau\\kilauCms\\vendor\\laravel\\framework\\src\\Illuminate\\Support\\helpers.php(320): Illuminate\\Database\\Eloquent\\Builder->Illuminate\\Database\\Eloquent\\{closure}(Object(App\\Models\\DonasiHistory))
#10 C:\\Users\\xxxxx\\Documents\\sso-kilau\\kilauCms\\vendor\\laravel\\framework\\src\\Illuminate\\Database\\Eloquent\\Builder.php(1024): tap(Object(App\\Models\\DonasiHistory), Object(Closure))
#11 C:\\Users\\xxxxx\\Documents\\sso-kilau\\kilauCms\\vendor\\laravel\\framework\\src\\Illuminate\\Support\\Traits\\ForwardsCalls.php(23): Illuminate\\Database\\Eloquent\\Builder->create(Array)
#12 C:\\Users\\xxxxx\\Documents\\sso-kilau\\kilauCms\\vendor\\laravel\\framework\\src\\Illuminate\\Database\\Eloquent\\Model.php(2335): Illuminate\\Database\\Eloquent\\Model->forwardCallTo(Object(Illuminate\\Database\\Eloquent\\Builder), 'create', Array)
#13 C:\\Users\\xxxxx\\Documents\\sso-kilau\\kilauCms\\vendor\\laravel\\framework\\src\\Illuminate\\Database\\Eloquent\\Model.php(2347): Illuminate\\Database\\Eloquent\\Model->__call('create', Array)
#14 C:\\Users\\xxxxx\\Documents\\sso-kilau\\kilauCms\\app\\Http\\Controllers\\LandingPage\\HomeController.php(394): Illuminate\\Database\\Eloquent\\Model::__callStatic('create', Array)
#15 C:\\Users\\xxxxx\\Documents\\sso-kilau\\kilauCms\\vendor\\laravel\\framework\\src\\Illuminate\\Routing\\Controller.php(54): App\\Http\\Controllers\\LandingPage\\HomeController->donasi(Object(Illuminate\\Http\\Request), Object(App\\Services\\ReferralCodeService))
#16 C:\\Users\\xxxxx\\Documents\\sso-kilau\\kilauCms\\vendor\\laravel\\framework\\src\\Illuminate\\Routing\\ControllerDispatcher.php(43): Illuminate\\Routing\\Controller->callAction('donasi', Array)
#17 C:\\Users\\xxxxx\\Documents\\sso-kilau\\kilauCms\\vendor\\laravel\\framework\\src\\Illuminate\\Routing\\Route.php(259): Illuminate\\Routing\\ControllerDispatcher->dispatch(Object(Illuminate\\Routing\\Route), Object(App\\Http\\Controllers\\LandingPage\\HomeController), 'donasi')
#18 C:\\Users\\xxxxx\\Documents\\sso-kilau\\kilauCms\\vendor\\laravel\\framework\\src\\Illuminate\\Routing\\Route.php(205): Illuminate\\Routing\\Route->runController()
#19 C:\\Users\\xxxxx\\Documents\\sso-kilau\\kilauCms\\vendor\\laravel\\framework\\src\\Illuminate\\Routing\\Router.php(806): Illuminate\\Routing\\Route->run()
#20 C:\\Users\\xxxxx\\Documents\\sso-kilau\\kilauCms\\vendor\\laravel\\framework\\src\\Illuminate\\Pipeline\\Pipeline.php(144): Illuminate\\Routing\\Router->Illuminate\\Routing\\{closure}(Object(Illuminate\\Http\\Request))
#21 C:\\Users\\xxxxx\\Documents\\sso-kilau\\kilauCms\\vendor\\laravel\\framework\\src\\Illuminate\\Routing\\Middleware\\SubstituteBindings.php(50): Illuminate\\Pipeline\\Pipeline->Illuminate\\Pipeline\\{closure}(Object(Illuminate\\Http\\Request))
#22 C:\\Users\\xxxxx\\Documents\\sso-kilau\\kilauCms\\vendor\\laravel\\framework\\src\\Illuminate\\Pipeline\\Pipeline.php(183): Illuminate\\Routing\\Middleware\\SubstituteBindings->handle(Object(Illuminate\\Http\\Request), Object(Closure))
#23 C:\\Users\\xxxxx\\Documents\\sso-kilau\\kilauCms\\vendor\\laravel\\framework\\src\\Illuminate\\Foundation\\Http\\Middleware\\VerifyCsrfToken.php(78): Illuminate\\Pipeline\\Pipeline->Illuminate\\Pipeline\\{closure}(Object(Illuminate\\Http\\Request))
#24 C:\\Users\\xxxxx\\Documents\\sso-kilau\\kilauCms\\vendor\\laravel\\framework\\src\\Illuminate\\Pipeline\\Pipeline.php(183): Illuminate\\Foundation\\Http\\Middleware\\VerifyCsrfToken->handle(Object(Illuminate\\Http\\Request), Object(Closure))
#25 C:\\Users\\xxxxx\\Documents\\sso-kilau\\kilauCms\\vendor\\laravel\\framework\\src\\Illuminate\\View\\Middleware\\ShareErrorsFromSession.php(49): Illuminate\\Pipeline\\Pipeline->Illuminate\\Pipeline\\{closure}(Object(Illuminate\\Http\\Request))
#26 C:\\Users\\xxxxx\\Documents\\sso-kilau\\kilauCms\\vendor\\laravel\\framework\\src\\Illuminate\\Pipeline\\Pipeline.php(183): Illuminate\\View\\Middleware\\ShareErrorsFromSession->handle(Object(Illuminate\\Http\\Request), Object(Closure))
#27 C:\\Users\\xxxxx\\Documents\\sso-kilau\\kilauCms\\vendor\\laravel\\framework\\src\\Illuminate\\Session\\Middleware\\StartSession.php(121): Illuminate\\Pipeline\\Pipeline->Illuminate\\Pipeline\\{closure}(Object(Illuminate\\Http\\Request))
#28 C:\\Users\\xxxxx\\Documents\\sso-kilau\\kilauCms\\vendor\\laravel\\framework\\src\\Illuminate\\Session\\Middleware\\StartSession.php(64): Illuminate\\Session\\Middleware\\StartSession->handleStatefulRequest(Object(Illuminate\\Http\\Request), Object(Illuminate\\Session\\Store), Object(Closure))
#29 C:\\Users\\xxxxx\\Documents\\sso-kilau\\kilauCms\\vendor\\laravel\\framework\\src\\Illuminate\\Pipeline\\Pipeline.php(183): Illuminate\\Session\\Middleware\\StartSession->handle(Object(Illuminate\\Http\\Request), Object(Closure))
#30 C:\\Users\\xxxxx\\Documents\\sso-kilau\\kilauCms\\vendor\\laravel\\framework\\src\\Illuminate\\Cookie\\Middleware\\AddQueuedCookiesToResponse.php(37): Illuminate\\Pipeline\\Pipeline->Illuminate\\Pipeline\\{closure}(Object(Illuminate\\Http\\Request))
#31 C:\\Users\\xxxxx\\Documents\\sso-kilau\\kilauCms\\vendor\\laravel\\framework\\src\\Illuminate\\Pipeline\\Pipeline.php(183): Illuminate\\Cookie\\Middleware\\AddQueuedCookiesToResponse->handle(Object(Illuminate\\Http\\Request), Object(Closure))
#32 C:\\Users\\xxxxx\\Documents\\sso-kilau\\kilauCms\\vendor\\laravel\\framework\\src\\Illuminate\\Cookie\\Middleware\\EncryptCookies.php(67): Illuminate\\Pipeline\\Pipeline->Illuminate\\Pipeline\\{closure}(Object(Illuminate\\Http\\Request))
#33 C:\\Users\\xxxxx\\Documents\\sso-kilau\\kilauCms\\vendor\\laravel\\framework\\src\\Illuminate\\Pipeline\\Pipeline.php(183): Illuminate\\Cookie\\Middleware\\EncryptCookies->handle(Object(Illuminate\\Http\\Request), Object(Closure))
#34 C:\\Users\\xxxxx\\Documents\\sso-kilau\\kilauCms\\vendor\\laravel\\framework\\src\\Illuminate\\Pipeline\\Pipeline.php(119): Illuminate\\Pipeline\\Pipeline->Illuminate\\Pipeline\\{closure}(Object(Illuminate\\Http\\Request))
#35 C:\\Users\\xxxxx\\Documents\\sso-kilau\\kilauCms\\vendor\\laravel\\framework\\src\\Illuminate\\Routing\\Router.php(805): Illuminate\\Pipeline\\Pipeline->then(Object(Closure))
#36 C:\\Users\\xxxxx\\Documents\\sso-kilau\\kilauCms\\vendor\\laravel\\framework\\src\\Illuminate\\Routing\\Router.php(784): Illuminate\\Routing\\Router->runRouteWithinStack(Object(Illuminate\\Routing\\Route), Object(Illuminate\\Http\\Request))
#37 C:\\Users\\xxxxx\\Documents\\sso-kilau\\kilauCms\\vendor\\laravel\\framework\\src\\Illuminate\\Routing\\Router.php(748): Illuminate\\Routing\\Router->runRoute(Object(Illuminate\\Http\\Request), Object(Illuminate\\Routing\\Route))
#38 C:\\Users\\xxxxx\\Documents\\sso-kilau\\kilauCms\\vendor\\laravel\\framework\\src\\Illuminate\\Routing\\Router.php(737): Illuminate\\Routing\\Router->dispatchToRoute(Object(Illuminate\\Http\\Request))
#39 C:\\Users\\xxxxx\\Documents\\sso-kilau\\kilauCms\\vendor\\laravel\\framework\\src\\Illuminate\\Foundation\\Http\\Kernel.php(200): Illuminate\\Routing\\Router->dispatch(Object(Illuminate\\Http\\Request))
#40 C:\\Users\\xxxxx\\Documents\\sso-kilau\\kilauCms\\vendor\\laravel\\framework\\src\\Illuminate\\Pipeline\\Pipeline.php(144): Illuminate\\Foundation\\Http\\Kernel->Illuminate\\Foundation\\Http\\{closure}(Object(Illuminate\\Http\\Request))
#41 C:\\Users\\xxxxx\\Documents\\sso-kilau\\kilauCms\\vendor\\laravel\\framework\\src\\Illuminate\\Foundation\\Http\\Middleware\\TransformsRequest.php(21): Illuminate\\Pipeline\\Pipeline->Illuminate\\Pipeline\\{closure}(Object(Illuminate\\Http\\Request))
#42 C:\\Users\\xxxxx\\Documents\\sso-kilau\\kilauCms\\vendor\\laravel\\framework\\src\\Illuminate\\Foundation\\Http\\Middleware\\ConvertEmptyStringsToNull.php(31): Illuminate\\Foundation\\Http\\Middleware\\TransformsRequest->handle(Object(Illuminate\\Http\\Request), Object(Closure))
#43 C:\\Users\\xxxxx\\Documents\\sso-kilau\\kilauCms\\vendor\\laravel\\framework\\src\\Illuminate\\Pipeline\\Pipeline.php(183): Illuminate\\Foundation\\Http\\Middleware\\ConvertEmptyStringsToNull->handle(Object(Illuminate\\Http\\Request), Object(Closure))
#44 C:\\Users\\xxxxx\\Documents\\sso-kilau\\kilauCms\\vendor\\laravel\\framework\\src\\Illuminate\\Foundation\\Http\\Middleware\\TransformsRequest.php(21): Illuminate\\Pipeline\\Pipeline->Illuminate\\Pipeline\\{closure}(Object(Illuminate\\Http\\Request))
#45 C:\\Users\\xxxxx\\Documents\\sso-kilau\\kilauCms\\vendor\\laravel\\framework\\src\\Illuminate\\Foundation\\Http\\Middleware\\TrimStrings.php(40): Illuminate\\Foundation\\Http\\Middleware\\TransformsRequest->handle(Object(Illuminate\\Http\\Request), Object(Closure))
#46 C:\\Users\\xxxxx\\Documents\\sso-kilau\\kilauCms\\vendor\\laravel\\framework\\src\\Illuminate\\Pipeline\\Pipeline.php(183): Illuminate\\Foundation\\Http\\Middleware\\TrimStrings->handle(Object(Illuminate\\Http\\Request), Object(Closure))
#47 C:\\Users\\xxxxx\\Documents\\sso-kilau\\kilauCms\\vendor\\laravel\\framework\\src\\Illuminate\\Foundation\\Http\\Middleware\\ValidatePostSize.php(27): Illuminate\\Pipeline\\Pipeline->Illuminate\\Pipeline\\{closure}(Object(Illuminate\\Http\\Request))
#48 C:\\Users\\xxxxx\\Documents\\sso-kilau\\kilauCms\\vendor\\laravel\\framework\\src\\Illuminate\\Pipeline\\Pipeline.php(183): Illuminate\\Foundation\\Http\\Middleware\\ValidatePostSize->handle(Object(Illuminate\\Http\\Request), Object(Closure))
#49 C:\\Users\\xxxxx\\Documents\\sso-kilau\\kilauCms\\vendor\\laravel\\framework\\src\\Illuminate\\Foundation\\Http\\Middleware\\PreventRequestsDuringMaintenance.php(99): Illuminate\\Pipeline\\Pipeline->Illuminate\\Pipeline\\{closure}(Object(Illuminate\\Http\\Request))
#50 C:\\Users\\xxxxx\\Documents\\sso-kilau\\kilauCms\\vendor\\laravel\\framework\\src\\Illuminate\\Pipeline\\Pipeline.php(183): Illuminate\\Foundation\\Http\\Middleware\\PreventRequestsDuringMaintenance->handle(Object(Illuminate\\Http\\Request), Object(Closure))
#51 C:\\Users\\xxxxx\\Documents\\sso-kilau\\kilauCms\\vendor\\laravel\\framework\\src\\Illuminate\\Http\\Middleware\\HandleCors.php(49): Illuminate\\Pipeline\\Pipeline->Illuminate\\Pipeline\\{closure}(Object(Illuminate\\Http\\Request))
#52 C:\\Users\\xxxxx\\Documents\\sso-kilau\\kilauCms\\vendor\\laravel\\framework\\src\\Illuminate\\Pipeline\\Pipeline.php(183): Illuminate\\Http\\Middleware\\HandleCors->handle(Object(Illuminate\\Http\\Request), Object(Closure))
#53 C:\\Users\\xxxxx\\Documents\\sso-kilau\\kilauCms\\vendor\\laravel\\framework\\src\\Illuminate\\Http\\Middleware\\TrustProxies.php(39): Illuminate\\Pipeline\\Pipeline->Illuminate\\Pipeline\\{closure}(Object(Illuminate\\Http\\Request))
#54 C:\\Users\\xxxxx\\Documents\\sso-kilau\\kilauCms\\vendor\\laravel\\framework\\src\\Illuminate\\Pipeline\\Pipeline.php(183): Illuminate\\Http\\Middleware\\TrustProxies->handle(Object(Illuminate\\Http\\Request), Object(Closure))
#55 C:\\Users\\xxxxx\\Documents\\sso-kilau\\kilauCms\\vendor\\laravel\\framework\\src\\Illuminate\\Pipeline\\Pipeline.php(119): Illuminate\\Pipeline\\Pipeline->Illuminate\\Pipeline\\{closure}(Object(Illuminate\\Http\\Request))
#56 C:\\Users\\xxxxx\\Documents\\sso-kilau\\kilauCms\\vendor\\laravel\\framework\\src\\Illuminate\\Foundation\\Http\\Kernel.php(175): Illuminate\\Pipeline\\Pipeline->then(Object(Closure))
#57 C:\\Users\\xxxxx\\Documents\\sso-kilau\\kilauCms\\vendor\\laravel\\framework\\src\\Illuminate\\Foundation\\Http\\Kernel.php(144): Illuminate\\Foundation\\Http\\Kernel->sendRequestThroughRouter(Object(Illuminate\\Http\\Request))
#58 C:\\Users\\xxxxx\\Documents\\sso-kilau\\kilauCms\\public\\index.php(18): Illuminate\\Foundation\\Http\\Kernel->handle(Object(Illuminate\\Http\\Request))
#59 C:\\Users\\xxxxx\\Documents\\sso-kilau\\kilauCms\\vendor\\laravel\\framework\\src\\Illuminate\\Foundation\\resources\\server.php(16): require_once('C:\\\\Users\\\\xxxxx\\\\...')
#60 {main}

[previous exception] [object] (PDOException(code: 22003): SQLSTATE[22003]: Numeric value out of range: 1264 Out of range value for column 'external_user_id' at row 1 at C:\\Users\\xxxxx\\Documents\\sso-kilau\\kilauCms\\vendor\\laravel\\framework\\src\\Illuminate\\Database\\MySqlConnection.php:45)
[stacktrace]
#0 C:\\Users\\xxxxx\\Documents\\sso-kilau\\kilauCms\\vendor\\laravel\\framework\\src\\Illuminate\\Database\\MySqlConnection.php(45): PDOStatement->execute()
#1 C:\\Users\\xxxxx\\Documents\\sso-kilau\\kilauCms\\vendor\\laravel\\framework\\src\\Illuminate\\Database\\Connection.php(816): Illuminate\\Database\\MySqlConnection->Illuminate\\Database\\{closure}('insert into `do...', Array)
#2 C:\\Users\\xxxxx\\Documents\\sso-kilau\\kilauCms\\vendor\\laravel\\framework\\src\\Illuminate\\Database\\Connection.php(783): Illuminate\\Database\\Connection->runQueryCallback('insert into `do...', Array, Object(Closure))
#3 C:\\Users\\xxxxx\\Documents\\sso-kilau\\kilauCms\\vendor\\laravel\\framework\\src\\Illuminate\\Database\\MySqlConnection.php(34): Illuminate\\Database\\Connection->run('insert into `do...', Array, Object(Closure))
#4 C:\\Users\\xxxxx\\Documents\\sso-kilau\\kilauCms\\vendor\\laravel\\framework\\src\\Illuminate\\Database\\Query\\Processors\\MySqlProcessor.php(35): Illuminate\\Database\\MySqlConnection->insert('insert into `do...', Array, 'id')
#5 C:\\Users\\xxxxx\\Documents\\sso-kilau\\kilauCms\\vendor\\laravel\\framework\\src\\Illuminate\\Database\\Query\\Builder.php(3549): Illuminate\\Database\\Query\\Processors\\MySqlProcessor->processInsertGetId(Object(Illuminate\\Database\\Query\\Builder), 'insert into `do...', Array, 'id')
#6 C:\\Users\\xxxxx\\Documents\\sso-kilau\\kilauCms\\vendor\\laravel\\framework\\src\\Illuminate\\Database\\Eloquent\\Builder.php(1982): Illuminate\\Database\\Query\\Builder->insertGetId(Array, 'id')
#7 C:\\Users\\xxxxx\\Documents\\sso-kilau\\kilauCms\\vendor\\laravel\\framework\\src\\Illuminate\\Database\\Eloquent\\Model.php(1334): Illuminate\\Database\\Eloquent\\Builder->__call('insertGetId', Array)
#8 C:\\Users\\xxxxx\\Documents\\sso-kilau\\kilauCms\\vendor\\laravel\\framework\\src\\Illuminate\\Database\\Eloquent\\Model.php(1299): Illuminate\\Database\\Eloquent\\Model->insertAndSetId(Object(Illuminate\\Database\\Eloquent\\Builder), Array)
#9 C:\\Users\\xxxxx\\Documents\\sso-kilau\\kilauCms\\vendor\\laravel\\framework\\src\\Illuminate\\Database\\Eloquent\\Model.php(1138): Illuminate\\Database\\Eloquent\\Model->performInsert(Object(Illuminate\\Database\\Eloquent\\Builder))
#10 C:\\Users\\xxxxx\\Documents\\sso-kilau\\kilauCms\\vendor\\laravel\\framework\\src\\Illuminate\\Database\\Eloquent\\Builder.php(1025): Illuminate\\Database\\Eloquent\\Model->save()
#11 C:\\Users\\xxxxx\\Documents\\sso-kilau\\kilauCms\\vendor\\laravel\\framework\\src\\Illuminate\\Support\\helpers.php(320): Illuminate\\Database\\Eloquent\\Builder->Illuminate\\Database\\Eloquent\\{closure}(Object(App\\Models\\DonasiHistory))
#12 C:\\Users\\xxxxx\\Documents\\sso-kilau\\kilauCms\\vendor\\laravel\\framework\\src\\Illuminate\\Database\\Eloquent\\Builder.php(1024): tap(Object(App\\Models\\DonasiHistory), Object(Closure))
#13 C:\\Users\\xxxxx\\Documents\\sso-kilau\\kilauCms\\vendor\\laravel\\framework\\src\\Illuminate\\Support\\Traits\\ForwardsCalls.php(23): Illuminate\\Database\\Eloquent\\Builder->create(Array)
#14 C:\\Users\\xxxxx\\Documents\\sso-kilau\\kilauCms\\vendor\\laravel\\framework\\src\\Illuminate\\Database\\Eloquent\\Model.php(2335): Illuminate\\Database\\Eloquent\\Model->forwardCallTo(Object(Illuminate\\Database\\Eloquent\\Builder), 'create', Array)
#15 C:\\Users\\xxxxx\\Documents\\sso-kilau\\kilauCms\\vendor\\laravel\\framework\\src\\Illuminate\\Database\\Eloquent\\Model.php(2347): Illuminate\\Database\\Eloquent\\Model->__call('create', Array)
#16 C:\\Users\\xxxxx\\Documents\\sso-kilau\\kilauCms\\app\\Http\\Controllers\\LandingPage\\HomeController.php(394): Illuminate\\Database\\Eloquent\\Model::__callStatic('create', Array)
#17 C:\\Users\\xxxxx\\Documents\\sso-kilau\\kilauCms\\vendor\\laravel\\framework\\src\\Illuminate\\Routing\\Controller.php(54): App\\Http\\Controllers\\LandingPage\\HomeController->donasi(Object(Illuminate\\Http\\Request), Object(App\\Services\\ReferralCodeService))
#18 C:\\Users\\xxxxx\\Documents\\sso-kilau\\kilauCms\\vendor\\laravel\\framework\\src\\Illuminate\\Routing\\ControllerDispatcher.php(43): Illuminate\\Routing\\Controller->callAction('donasi', Array)
#19 C:\\Users\\xxxxx\\Documents\\sso-kilau\\kilauCms\\vendor\\laravel\\framework\\src\\Illuminate\\Routing\\Route.php(259): Illuminate\\Routing\\ControllerDispatcher->dispatch(Object(Illuminate\\Routing\\Route), Object(App\\Http\\Controllers\\LandingPage\\HomeController), 'donasi')
#20 C:\\Users\\xxxxx\\Documents\\sso-kilau\\kilauCms\\vendor\\laravel\\framework\\src\\Illuminate\\Routing\\Route.php(205): Illuminate\\Routing\\Route->runController()
#21 C:\\Users\\xxxxx\\Documents\\sso-kilau\\kilauCms\\vendor\\laravel\\framework\\src\\Illuminate\\Routing\\Router.php(806): Illuminate\\Routing\\Route->run()
#22 C:\\Users\\xxxxx\\Documents\\sso-kilau\\kilauCms\\vendor\\laravel\\framework\\src\\Illuminate\\Pipeline\\Pipeline.php(144): Illuminate\\Routing\\Router->Illuminate\\Routing\\{closure}(Object(Illuminate\\Http\\Request))
#23 C:\\Users\\xxxxx\\Documents\\sso-kilau\\kilauCms\\vendor\\laravel\\framework\\src\\Illuminate\\Routing\\Middleware\\SubstituteBindings.php(50): Illuminate\\Pipeline\\Pipeline->Illuminate\\Pipeline\\{closure}(Object(Illuminate\\Http\\Request))
#24 C:\\Users\\xxxxx\\Documents\\sso-kilau\\kilauCms\\vendor\\laravel\\framework\\src\\Illuminate\\Pipeline\\Pipeline.php(183): Illuminate\\Routing\\Middleware\\SubstituteBindings->handle(Object(Illuminate\\Http\\Request), Object(Closure))
#25 C:\\Users\\xxxxx\\Documents\\sso-kilau\\kilauCms\\vendor\\laravel\\framework\\src\\Illuminate\\Foundation\\Http\\Middleware\\VerifyCsrfToken.php(78): Illuminate\\Pipeline\\Pipeline->Illuminate\\Pipeline\\{closure}(Object(Illuminate\\Http\\Request))
#26 C:\\Users\\xxxxx\\Documents\\sso-kilau\\kilauCms\\vendor\\laravel\\framework\\src\\Illuminate\\Pipeline\\Pipeline.php(183): Illuminate\\Foundation\\Http\\Middleware\\VerifyCsrfToken->handle(Object(Illuminate\\Http\\Request), Object(Closure))
#27 C:\\Users\\xxxxx\\Documents\\sso-kilau\\kilauCms\\vendor\\laravel\\framework\\src\\Illuminate\\View\\Middleware\\ShareErrorsFromSession.php(49): Illuminate\\Pipeline\\Pipeline->Illuminate\\Pipeline\\{closure}(Object(Illuminate\\Http\\Request))
#28 C:\\Users\\xxxxx\\Documents\\sso-kilau\\kilauCms\\vendor\\laravel\\framework\\src\\Illuminate\\Pipeline\\Pipeline.php(183): Illuminate\\View\\Middleware\\ShareErrorsFromSession->handle(Object(Illuminate\\Http\\Request), Object(Closure))
#29 C:\\Users\\xxxxx\\Documents\\sso-kilau\\kilauCms\\vendor\\laravel\\framework\\src\\Illuminate\\Session\\Middleware\\StartSession.php(121): Illuminate\\Pipeline\\Pipeline->Illuminate\\Pipeline\\{closure}(Object(Illuminate\\Http\\Request))
#30 C:\\Users\\xxxxx\\Documents\\sso-kilau\\kilauCms\\vendor\\laravel\\framework\\src\\Illuminate\\Session\\Middleware\\StartSession.php(64): Illuminate\\Session\\Middleware\\StartSession->handleStatefulRequest(Object(Illuminate\\Http\\Request), Object(Illuminate\\Session\\Store), Object(Closure))
#31 C:\\Users\\xxxxx\\Documents\\sso-kilau\\kilauCms\\vendor\\laravel\\framework\\src\\Illuminate\\Pipeline\\Pipeline.php(183): Illuminate\\Session\\Middleware\\StartSession->handle(Object(Illuminate\\Http\\Request), Object(Closure))
#32 C:\\Users\\xxxxx\\Documents\\sso-kilau\\kilauCms\\vendor\\laravel\\framework\\src\\Illuminate\\Cookie\\Middleware\\AddQueuedCookiesToResponse.php(37): Illuminate\\Pipeline\\Pipeline->Illuminate\\Pipeline\\{closure}(Object(Illuminate\\Http\\Request))
#33 C:\\Users\\xxxxx\\Documents\\sso-kilau\\kilauCms\\vendor\\laravel\\framework\\src\\Illuminate\\Pipeline\\Pipeline.php(183): Illuminate\\Cookie\\Middleware\\AddQueuedCookiesToResponse->handle(Object(Illuminate\\Http\\Request), Object(Closure))
#34 C:\\Users\\xxxxx\\Documents\\sso-kilau\\kilauCms\\vendor\\laravel\\framework\\src\\Illuminate\\Cookie\\Middleware\\EncryptCookies.php(67): Illuminate\\Pipeline\\Pipeline->Illuminate\\Pipeline\\{closure}(Object(Illuminate\\Http\\Request))
#35 C:\\Users\\xxxxx\\Documents\\sso-kilau\\kilauCms\\vendor\\laravel\\framework\\src\\Illuminate\\Pipeline\\Pipeline.php(183): Illuminate\\Cookie\\Middleware\\EncryptCookies->handle(Object(Illuminate\\Http\\Request), Object(Closure))
#36 C:\\Users\\xxxxx\\Documents\\sso-kilau\\kilauCms\\vendor\\laravel\\framework\\src\\Illuminate\\Pipeline\\Pipeline.php(119): Illuminate\\Pipeline\\Pipeline->Illuminate\\Pipeline\\{closure}(Object(Illuminate\\Http\\Request))
#37 C:\\Users\\xxxxx\\Documents\\sso-kilau\\kilauCms\\vendor\\laravel\\framework\\src\\Illuminate\\Routing\\Router.php(805): Illuminate\\Pipeline\\Pipeline->then(Object(Closure))
#38 C:\\Users\\xxxxx\\Documents\\sso-kilau\\kilauCms\\vendor\\laravel\\framework\\src\\Illuminate\\Routing\\Router.php(784): Illuminate\\Routing\\Router->runRouteWithinStack(Object(Illuminate\\Routing\\Route), Object(Illuminate\\Http\\Request))
#39 C:\\Users\\xxxxx\\Documents\\sso-kilau\\kilauCms\\vendor\\laravel\\framework\\src\\Illuminate\\Routing\\Router.php(748): Illuminate\\Routing\\Router->runRoute(Object(Illuminate\\Http\\Request), Object(Illuminate\\Routing\\Route))
#40 C:\\Users\\xxxxx\\Documents\\sso-kilau\\kilauCms\\vendor\\laravel\\framework\\src\\Illuminate\\Routing\\Router.php(737): Illuminate\\Routing\\Router->dispatchToRoute(Object(Illuminate\\Http\\Request))
#41 C:\\Users\\xxxxx\\Documents\\sso-kilau\\kilauCms\\vendor\\laravel\\framework\\src\\Illuminate\\Foundation\\Http\\Kernel.php(200): Illuminate\\Routing\\Router->dispatch(Object(Illuminate\\Http\\Request))
#42 C:\\Users\\xxxxx\\Documents\\sso-kilau\\kilauCms\\vendor\\laravel\\framework\\src\\Illuminate\\Pipeline\\Pipeline.php(144): Illuminate\\Foundation\\Http\\Kernel->Illuminate\\Foundation\\Http\\{closure}(Object(Illuminate\\Http\\Request))
#43 C:\\Users\\xxxxx\\Documents\\sso-kilau\\kilauCms\\vendor\\laravel\\framework\\src\\Illuminate\\Foundation\\Http\\Middleware\\TransformsRequest.php(21): Illuminate\\Pipeline\\Pipeline->Illuminate\\Pipeline\\{closure}(Object(Illuminate\\Http\\Request))
#44 C:\\Users\\xxxxx\\Documents\\sso-kilau\\kilauCms\\vendor\\laravel\\framework\\src\\Illuminate\\Foundation\\Http\\Middleware\\ConvertEmptyStringsToNull.php(31): Illuminate\\Foundation\\Http\\Middleware\\TransformsRequest->handle(Object(Illuminate\\Http\\Request), Object(Closure))
#45 C:\\Users\\xxxxx\\Documents\\sso-kilau\\kilauCms\\vendor\\laravel\\framework\\src\\Illuminate\\Pipeline\\Pipeline.php(183): Illuminate\\Foundation\\Http\\Middleware\\ConvertEmptyStringsToNull->handle(Object(Illuminate\\Http\\Request), Object(Closure))
#46 C:\\Users\\xxxxx\\Documents\\sso-kilau\\kilauCms\\vendor\\laravel\\framework\\src\\Illuminate\\Foundation\\Http\\Middleware\\TransformsRequest.php(21): Illuminate\\Pipeline\\Pipeline->Illuminate\\Pipeline\\{closure}(Object(Illuminate\\Http\\Request))
#47 C:\\Users\\xxxxx\\Documents\\sso-kilau\\kilauCms\\vendor\\laravel\\framework\\src\\Illuminate\\Foundation\\Http\\Middleware\\TrimStrings.php(40): Illuminate\\Foundation\\Http\\Middleware\\TransformsRequest->handle(Object(Illuminate\\Http\\Request), Object(Closure))
#48 C:\\Users\\xxxxx\\Documents\\sso-kilau\\kilauCms\\vendor\\laravel\\framework\\src\\Illuminate\\Pipeline\\Pipeline.php(183): Illuminate\\Foundation\\Http\\Middleware\\TrimStrings->handle(Object(Illuminate\\Http\\Request), Object(Closure))
#49 C:\\Users\\xxxxx\\Documents\\sso-kilau\\kilauCms\\vendor\\laravel\\framework\\src\\Illuminate\\Foundation\\Http\\Middleware\\ValidatePostSize.php(27): Illuminate\\Pipeline\\Pipeline->Illuminate\\Pipeline\\{closure}(Object(Illuminate\\Http\\Request))
#50 C:\\Users\\xxxxx\\Documents\\sso-kilau\\kilauCms\\vendor\\laravel\\framework\\src\\Illuminate\\Pipeline\\Pipeline.php(183): Illuminate\\Foundation\\Http\\Middleware\\ValidatePostSize->handle(Object(Illuminate\\Http\\Request), Object(Closure))
#51 C:\\Users\\xxxxx\\Documents\\sso-kilau\\kilauCms\\vendor\\laravel\\framework\\src\\Illuminate\\Foundation\\Http\\Middleware\\PreventRequestsDuringMaintenance.php(99): Illuminate\\Pipeline\\Pipeline->Illuminate\\Pipeline\\{closure}(Object(Illuminate\\Http\\Request))
#52 C:\\Users\\xxxxx\\Documents\\sso-kilau\\kilauCms\\vendor\\laravel\\framework\\src\\Illuminate\\Pipeline\\Pipeline.php(183): Illuminate\\Foundation\\Http\\Middleware\\PreventRequestsDuringMaintenance->handle(Object(Illuminate\\Http\\Request), Object(Closure))
#53 C:\\Users\\xxxxx\\Documents\\sso-kilau\\kilauCms\\vendor\\laravel\\framework\\src\\Illuminate\\Http\\Middleware\\HandleCors.php(49): Illuminate\\Pipeline\\Pipeline->Illuminate\\Pipeline\\{closure}(Object(Illuminate\\Http\\Request))
#54 C:\\Users\\xxxxx\\Documents\\sso-kilau\\kilauCms\\vendor\\laravel\\framework\\src\\Illuminate\\Pipeline\\Pipeline.php(183): Illuminate\\Http\\Middleware\\HandleCors->handle(Object(Illuminate\\Http\\Request), Object(Closure))
#55 C:\\Users\\xxxxx\\Documents\\sso-kilau\\kilauCms\\vendor\\laravel\\framework\\src\\Illuminate\\Http\\Middleware\\TrustProxies.php(39): Illuminate\\Pipeline\\Pipeline->Illuminate\\Pipeline\\{closure}(Object(Illuminate\\Http\\Request))
#56 C:\\Users\\xxxxx\\Documents\\sso-kilau\\kilauCms\\vendor\\laravel\\framework\\src\\Illuminate\\Pipeline\\Pipeline.php(183): Illuminate\\Http\\Middleware\\TrustProxies->handle(Object(Illuminate\\Http\\Request), Object(Closure))
#57 C:\\Users\\xxxxx\\Documents\\sso-kilau\\kilauCms\\vendor\\laravel\\framework\\src\\Illuminate\\Pipeline\\Pipeline.php(119): Illuminate\\Pipeline\\Pipeline->Illuminate\\Pipeline\\{closure}(Object(Illuminate\\Http\\Request))
#58 C:\\Users\\xxxxx\\Documents\\sso-kilau\\kilauCms\\vendor\\laravel\\framework\\src\\Illuminate\\Foundation\\Http\\Kernel.php(175): Illuminate\\Pipeline\\Pipeline->then(Object(Closure))
#59 C:\\Users\\xxxxx\\Documents\\sso-kilau\\kilauCms\\vendor\\laravel\\framework\\src\\Illuminate\\Foundation\\Http\\Kernel.php(144): Illuminate\\Foundation\\Http\\Kernel->sendRequestThroughRouter(Object(Illuminate\\Http\\Request))
#60 C:\\Users\\xxxxx\\Documents\\sso-kilau\\kilauCms\\public\\index.php(18): Illuminate\\Foundation\\Http\\Kernel->handle(Object(Illuminate\\Http\\Request))
#61 C:\\Users\\xxxxx\\Documents\\sso-kilau\\kilauCms\\vendor\\laravel\\framework\\src\\Illuminate\\Foundation\\resources\\server.php(16): require_once('C:\\\\Users\\\\xxxxx\\\\...')
#62 {main}
"} 
[2026-07-10 11:59:27] local.ERROR: SQLSTATE[22003]: Numeric value out of range: 1264 Out of range value for column 'external_user_id' at row 1 (Connection: mysql, SQL: insert into `donasi_histories` (`donasikilau_id`, `external_user_id`, `status_donasi`, `total_donasi`, `feedback`, `token`, `updated_at`, `created_at`) values (136, 019e54b4-b6a5-7048-b318-3eae09ff5150, 1, 1.00, ?, ?, 2026-07-10 11:59:27, 2026-07-10 11:59:27)) {"userId":6,"exception":"[object] (Illuminate\\Database\\QueryException(code: 22003): SQLSTATE[22003]: Numeric value out of range: 1264 Out of range value for column 'external_user_id' at row 1 (Connection: mysql, SQL: insert into `donasi_histories` (`donasikilau_id`, `external_user_id`, `status_donasi`, `total_donasi`, `feedback`, `token`, `updated_at`, `created_at`) values (136, 019e54b4-b6a5-7048-b318-3eae09ff5150, 1, 1.00, ?, ?, 2026-07-10 11:59:27, 2026-07-10 11:59:27)) at C:\\Users\\xxxxx\\Documents\\sso-kilau\\kilauCms\\vendor\\laravel\\framework\\src\\Illuminate\\Database\\Connection.php:829)
[stacktrace]
#0 C:\\Users\\xxxxx\\Documents\\sso-kilau\\kilauCms\\vendor\\laravel\\framework\\src\\Illuminate\\Database\\Connection.php(783): Illuminate\\Database\\Connection->runQueryCallback('insert into `do...', Array, Object(Closure))
#1 C:\\Users\\xxxxx\\Documents\\sso-kilau\\kilauCms\\vendor\\laravel\\framework\\src\\Illuminate\\Database\\MySqlConnection.php(34): Illuminate\\Database\\Connection->run('insert into `do...', Array, Object(Closure))
#2 C:\\Users\\xxxxx\\Documents\\sso-kilau\\kilauCms\\vendor\\laravel\\framework\\src\\Illuminate\\Database\\Query\\Processors\\MySqlProcessor.php(35): Illuminate\\Database\\MySqlConnection->insert('insert into `do...', Array, 'id')
#3 C:\\Users\\xxxxx\\Documents\\sso-kilau\\kilauCms\\vendor\\laravel\\framework\\src\\Illuminate\\Database\\Query\\Builder.php(3549): Illuminate\\Database\\Query\\Processors\\MySqlProcessor->processInsertGetId(Object(Illuminate\\Database\\Query\\Builder), 'insert into `do...', Array, 'id')
#4 C:\\Users\\xxxxx\\Documents\\sso-kilau\\kilauCms\\vendor\\laravel\\framework\\src\\Illuminate\\Database\\Eloquent\\Builder.php(1982): Illuminate\\Database\\Query\\Builder->insertGetId(Array, 'id')
#5 C:\\Users\\xxxxx\\Documents\\sso-kilau\\kilauCms\\vendor\\laravel\\framework\\src\\Illuminate\\Database\\Eloquent\\Model.php(1334): Illuminate\\Database\\Eloquent\\Builder->__call('insertGetId', Array)
#6 C:\\Users\\xxxxx\\Documents\\sso-kilau\\kilauCms\\vendor\\laravel\\framework\\src\\Illuminate\\Database\\Eloquent\\Model.php(1299): Illuminate\\Database\\Eloquent\\Model->insertAndSetId(Object(Illuminate\\Database\\Eloquent\\Builder), Array)
#7 C:\\Users\\xxxxx\\Documents\\sso-kilau\\kilauCms\\vendor\\laravel\\framework\\src\\Illuminate\\Database\\Eloquent\\Model.php(1138): Illuminate\\Database\\Eloquent\\Model->performInsert(Object(Illuminate\\Database\\Eloquent\\Builder))
#8 C:\\Users\\xxxxx\\Documents\\sso-kilau\\kilauCms\\vendor\\laravel\\framework\\src\\Illuminate\\Database\\Eloquent\\Builder.php(1025): Illuminate\\Database\\Eloquent\\Model->save()
#9 C:\\Users\\xxxxx\\Documents\\sso-kilau\\kilauCms\\vendor\\laravel\\framework\\src\\Illuminate\\Support\\helpers.php(320): Illuminate\\Database\\Eloquent\\Builder->Illuminate\\Database\\Eloquent\\{closure}(Object(App\\Models\\DonasiHistory))
#10 C:\\Users\\xxxxx\\Documents\\sso-kilau\\kilauCms\\vendor\\laravel\\framework\\src\\Illuminate\\Database\\Eloquent\\Builder.php(1024): tap(Object(App\\Models\\DonasiHistory), Object(Closure))
#11 C:\\Users\\xxxxx\\Documents\\sso-kilau\\kilauCms\\vendor\\laravel\\framework\\src\\Illuminate\\Support\\Traits\\ForwardsCalls.php(23): Illuminate\\Database\\Eloquent\\Builder->create(Array)
#12 C:\\Users\\xxxxx\\Documents\\sso-kilau\\kilauCms\\vendor\\laravel\\framework\\src\\Illuminate\\Database\\Eloquent\\Model.php(2335): Illuminate\\Database\\Eloquent\\Model->forwardCallTo(Object(Illuminate\\Database\\Eloquent\\Builder), 'create', Array)
#13 C:\\Users\\xxxxx\\Documents\\sso-kilau\\kilauCms\\vendor\\laravel\\framework\\src\\Illuminate\\Database\\Eloquent\\Model.php(2347): Illuminate\\Database\\Eloquent\\Model->__call('create', Array)
#14 C:\\Users\\xxxxx\\Documents\\sso-kilau\\kilauCms\\app\\Http\\Controllers\\LandingPage\\HomeController.php(394): Illuminate\\Database\\Eloquent\\Model::__callStatic('create', Array)
#15 C:\\Users\\xxxxx\\Documents\\sso-kilau\\kilauCms\\vendor\\laravel\\framework\\src\\Illuminate\\Routing\\Controller.php(54): App\\Http\\Controllers\\LandingPage\\HomeController->donasi(Object(Illuminate\\Http\\Request), Object(App\\Services\\ReferralCodeService))
#16 C:\\Users\\xxxxx\\Documents\\sso-kilau\\kilauCms\\vendor\\laravel\\framework\\src\\Illuminate\\Routing\\ControllerDispatcher.php(43): Illuminate\\Routing\\Controller->callAction('donasi', Array)
#17 C:\\Users\\xxxxx\\Documents\\sso-kilau\\kilauCms\\vendor\\laravel\\framework\\src\\Illuminate\\Routing\\Route.php(259): Illuminate\\Routing\\ControllerDispatcher->dispatch(Object(Illuminate\\Routing\\Route), Object(App\\Http\\Controllers\\LandingPage\\HomeController), 'donasi')
#18 C:\\Users\\xxxxx\\Documents\\sso-kilau\\kilauCms\\vendor\\laravel\\framework\\src\\Illuminate\\Routing\\Route.php(205): Illuminate\\Routing\\Route->runController()
#19 C:\\Users\\xxxxx\\Documents\\sso-kilau\\kilauCms\\vendor\\laravel\\framework\\src\\Illuminate\\Routing\\Router.php(806): Illuminate\\Routing\\Route->run()
#20 C:\\Users\\xxxxx\\Documents\\sso-kilau\\kilauCms\\vendor\\laravel\\framework\\src\\Illuminate\\Pipeline\\Pipeline.php(144): Illuminate\\Routing\\Router->Illuminate\\Routing\\{closure}(Object(Illuminate\\Http\\Request))
#21 C:\\Users\\xxxxx\\Documents\\sso-kilau\\kilauCms\\vendor\\laravel\\framework\\src\\Illuminate\\Routing\\Middleware\\SubstituteBindings.php(50): Illuminate\\Pipeline\\Pipeline->Illuminate\\Pipeline\\{closure}(Object(Illuminate\\Http\\Request))
#22 C:\\Users\\xxxxx\\Documents\\sso-kilau\\kilauCms\\vendor\\laravel\\framework\\src\\Illuminate\\Pipeline\\Pipeline.php(183): Illuminate\\Routing\\Middleware\\SubstituteBindings->handle(Object(Illuminate\\Http\\Request), Object(Closure))
#23 C:\\Users\\xxxxx\\Documents\\sso-kilau\\kilauCms\\vendor\\laravel\\framework\\src\\Illuminate\\Foundation\\Http\\Middleware\\VerifyCsrfToken.php(78): Illuminate\\Pipeline\\Pipeline->Illuminate\\Pipeline\\{closure}(Object(Illuminate\\Http\\Request))
#24 C:\\Users\\xxxxx\\Documents\\sso-kilau\\kilauCms\\vendor\\laravel\\framework\\src\\Illuminate\\Pipeline\\Pipeline.php(183): Illuminate\\Foundation\\Http\\Middleware\\VerifyCsrfToken->handle(Object(Illuminate\\Http\\Request), Object(Closure))
#25 C:\\Users\\xxxxx\\Documents\\sso-kilau\\kilauCms\\vendor\\laravel\\framework\\src\\Illuminate\\View\\Middleware\\ShareErrorsFromSession.php(49): Illuminate\\Pipeline\\Pipeline->Illuminate\\Pipeline\\{closure}(Object(Illuminate\\Http\\Request))
#26 C:\\Users\\xxxxx\\Documents\\sso-kilau\\kilauCms\\vendor\\laravel\\framework\\src\\Illuminate\\Pipeline\\Pipeline.php(183): Illuminate\\View\\Middleware\\ShareErrorsFromSession->handle(Object(Illuminate\\Http\\Request), Object(Closure))
#27 C:\\Users\\xxxxx\\Documents\\sso-kilau\\kilauCms\\vendor\\laravel\\framework\\src\\Illuminate\\Session\\Middleware\\StartSession.php(121): Illuminate\\Pipeline\\Pipeline->Illuminate\\Pipeline\\{closure}(Object(Illuminate\\Http\\Request))
#28 C:\\Users\\xxxxx\\Documents\\sso-kilau\\kilauCms\\vendor\\laravel\\framework\\src\\Illuminate\\Session\\Middleware\\StartSession.php(64): Illuminate\\Session\\Middleware\\StartSession->handleStatefulRequest(Object(Illuminate\\Http\\Request), Object(Illuminate\\Session\\Store), Object(Closure))
#29 C:\\Users\\xxxxx\\Documents\\sso-kilau\\kilauCms\\vendor\\laravel\\framework\\src\\Illuminate\\Pipeline\\Pipeline.php(183): Illuminate\\Session\\Middleware\\StartSession->handle(Object(Illuminate\\Http\\Request), Object(Closure))
#30 C:\\Users\\xxxxx\\Documents\\sso-kilau\\kilauCms\\vendor\\laravel\\framework\\src\\Illuminate\\Cookie\\Middleware\\AddQueuedCookiesToResponse.php(37): Illuminate\\Pipeline\\Pipeline->Illuminate\\Pipeline\\{closure}(Object(Illuminate\\Http\\Request))
#31 C:\\Users\\xxxxx\\Documents\\sso-kilau\\kilauCms\\vendor\\laravel\\framework\\src\\Illuminate\\Pipeline\\Pipeline.php(183): Illuminate\\Cookie\\Middleware\\AddQueuedCookiesToResponse->handle(Object(Illuminate\\Http\\Request), Object(Closure))
#32 C:\\Users\\xxxxx\\Documents\\sso-kilau\\kilauCms\\vendor\\laravel\\framework\\src\\Illuminate\\Cookie\\Middleware\\EncryptCookies.php(67): Illuminate\\Pipeline\\Pipeline->Illuminate\\Pipeline\\{closure}(Object(Illuminate\\Http\\Request))
#33 C:\\Users\\xxxxx\\Documents\\sso-kilau\\kilauCms\\vendor\\laravel\\framework\\src\\Illuminate\\Pipeline\\Pipeline.php(183): Illuminate\\Cookie\\Middleware\\EncryptCookies->handle(Object(Illuminate\\Http\\Request), Object(Closure))
#34 C:\\Users\\xxxxx\\Documents\\sso-kilau\\kilauCms\\vendor\\laravel\\framework\\src\\Illuminate\\Pipeline\\Pipeline.php(119): Illuminate\\Pipeline\\Pipeline->Illuminate\\Pipeline\\{closure}(Object(Illuminate\\Http\\Request))
#35 C:\\Users\\xxxxx\\Documents\\sso-kilau\\kilauCms\\vendor\\laravel\\framework\\src\\Illuminate\\Routing\\Router.php(805): Illuminate\\Pipeline\\Pipeline->then(Object(Closure))
#36 C:\\Users\\xxxxx\\Documents\\sso-kilau\\kilauCms\\vendor\\laravel\\framework\\src\\Illuminate\\Routing\\Router.php(784): Illuminate\\Routing\\Router->runRouteWithinStack(Object(Illuminate\\Routing\\Route), Object(Illuminate\\Http\\Request))
#37 C:\\Users\\xxxxx\\Documents\\sso-kilau\\kilauCms\\vendor\\laravel\\framework\\src\\Illuminate\\Routing\\Router.php(748): Illuminate\\Routing\\Router->runRoute(Object(Illuminate\\Http\\Request), Object(Illuminate\\Routing\\Route))
#38 C:\\Users\\xxxxx\\Documents\\sso-kilau\\kilauCms\\vendor\\laravel\\framework\\src\\Illuminate\\Routing\\Router.php(737): Illuminate\\Routing\\Router->dispatchToRoute(Object(Illuminate\\Http\\Request))
#39 C:\\Users\\xxxxx\\Documents\\sso-kilau\\kilauCms\\vendor\\laravel\\framework\\src\\Illuminate\\Foundation\\Http\\Kernel.php(200): Illuminate\\Routing\\Router->dispatch(Object(Illuminate\\Http\\Request))
#40 C:\\Users\\xxxxx\\Documents\\sso-kilau\\kilauCms\\vendor\\laravel\\framework\\src\\Illuminate\\Pipeline\\Pipeline.php(144): Illuminate\\Foundation\\Http\\Kernel->Illuminate\\Foundation\\Http\\{closure}(Object(Illuminate\\Http\\Request))
#41 C:\\Users\\xxxxx\\Documents\\sso-kilau\\kilauCms\\vendor\\laravel\\framework\\src\\Illuminate\\Foundation\\Http\\Middleware\\TransformsRequest.php(21): Illuminate\\Pipeline\\Pipeline->Illuminate\\Pipeline\\{closure}(Object(Illuminate\\Http\\Request))
#42 C:\\Users\\xxxxx\\Documents\\sso-kilau\\kilauCms\\vendor\\laravel\\framework\\src\\Illuminate\\Foundation\\Http\\Middleware\\ConvertEmptyStringsToNull.php(31): Illuminate\\Foundation\\Http\\Middleware\\TransformsRequest->handle(Object(Illuminate\\Http\\Request), Object(Closure))
#43 C:\\Users\\xxxxx\\Documents\\sso-kilau\\kilauCms\\vendor\\laravel\\framework\\src\\Illuminate\\Pipeline\\Pipeline.php(183): Illuminate\\Foundation\\Http\\Middleware\\ConvertEmptyStringsToNull->handle(Object(Illuminate\\Http\\Request), Object(Closure))
#44 C:\\Users\\xxxxx\\Documents\\sso-kilau\\kilauCms\\vendor\\laravel\\framework\\src\\Illuminate\\Foundation\\Http\\Middleware\\TransformsRequest.php(21): Illuminate\\Pipeline\\Pipeline->Illuminate\\Pipeline\\{closure}(Object(Illuminate\\Http\\Request))
#45 C:\\Users\\xxxxx\\Documents\\sso-kilau\\kilauCms\\vendor\\laravel\\framework\\src\\Illuminate\\Foundation\\Http\\Middleware\\TrimStrings.php(40): Illuminate\\Foundation\\Http\\Middleware\\TransformsRequest->handle(Object(Illuminate\\Http\\Request), Object(Closure))
#46 C:\\Users\\xxxxx\\Documents\\sso-kilau\\kilauCms\\vendor\\laravel\\framework\\src\\Illuminate\\Pipeline\\Pipeline.php(183): Illuminate\\Foundation\\Http\\Middleware\\TrimStrings->handle(Object(Illuminate\\Http\\Request), Object(Closure))
#47 C:\\Users\\xxxxx\\Documents\\sso-kilau\\kilauCms\\vendor\\laravel\\framework\\src\\Illuminate\\Foundation\\Http\\Middleware\\ValidatePostSize.php(27): Illuminate\\Pipeline\\Pipeline->Illuminate\\Pipeline\\{closure}(Object(Illuminate\\Http\\Request))
#48 C:\\Users\\xxxxx\\Documents\\sso-kilau\\kilauCms\\vendor\\laravel\\framework\\src\\Illuminate\\Pipeline\\Pipeline.php(183): Illuminate\\Foundation\\Http\\Middleware\\ValidatePostSize->handle(Object(Illuminate\\Http\\Request), Object(Closure))
#49 C:\\Users\\xxxxx\\Documents\\sso-kilau\\kilauCms\\vendor\\laravel\\framework\\src\\Illuminate\\Foundation\\Http\\Middleware\\PreventRequestsDuringMaintenance.php(99): Illuminate\\Pipeline\\Pipeline->Illuminate\\Pipeline\\{closure}(Object(Illuminate\\Http\\Request))
#50 C:\\Users\\xxxxx\\Documents\\sso-kilau\\kilauCms\\vendor\\laravel\\framework\\src\\Illuminate\\Pipeline\\Pipeline.php(183): Illuminate\\Foundation\\Http\\Middleware\\PreventRequestsDuringMaintenance->handle(Object(Illuminate\\Http\\Request), Object(Closure))
#51 C:\\Users\\xxxxx\\Documents\\sso-kilau\\kilauCms\\vendor\\laravel\\framework\\src\\Illuminate\\Http\\Middleware\\HandleCors.php(49): Illuminate\\Pipeline\\Pipeline->Illuminate\\Pipeline\\{closure}(Object(Illuminate\\Http\\Request))
#52 C:\\Users\\xxxxx\\Documents\\sso-kilau\\kilauCms\\vendor\\laravel\\framework\\src\\Illuminate\\Pipeline\\Pipeline.php(183): Illuminate\\Http\\Middleware\\HandleCors->handle(Object(Illuminate\\Http\\Request), Object(Closure))
#53 C:\\Users\\xxxxx\\Documents\\sso-kilau\\kilauCms\\vendor\\laravel\\framework\\src\\Illuminate\\Http\\Middleware\\TrustProxies.php(39): Illuminate\\Pipeline\\Pipeline->Illuminate\\Pipeline\\{closure}(Object(Illuminate\\Http\\Request))
#54 C:\\Users\\xxxxx\\Documents\\sso-kilau\\kilauCms\\vendor\\laravel\\framework\\src\\Illuminate\\Pipeline\\Pipeline.php(183): Illuminate\\Http\\Middleware\\TrustProxies->handle(Object(Illuminate\\Http\\Request), Object(Closure))
#55 C:\\Users\\xxxxx\\Documents\\sso-kilau\\kilauCms\\vendor\\laravel\\framework\\src\\Illuminate\\Pipeline\\Pipeline.php(119): Illuminate\\Pipeline\\Pipeline->Illuminate\\Pipeline\\{closure}(Object(Illuminate\\Http\\Request))
#56 C:\\Users\\xxxxx\\Documents\\sso-kilau\\kilauCms\\vendor\\laravel\\framework\\src\\Illuminate\\Foundation\\Http\\Kernel.php(175): Illuminate\\Pipeline\\Pipeline->then(Object(Closure))
#57 C:\\Users\\xxxxx\\Documents\\sso-kilau\\kilauCms\\vendor\\laravel\\framework\\src\\Illuminate\\Foundation\\Http\\Kernel.php(144): Illuminate\\Foundation\\Http\\Kernel->sendRequestThroughRouter(Object(Illuminate\\Http\\Request))
#58 C:\\Users\\xxxxx\\Documents\\sso-kilau\\kilauCms\\public\\index.php(18): Illuminate\\Foundation\\Http\\Kernel->handle(Object(Illuminate\\Http\\Request))
#59 C:\\Users\\xxxxx\\Documents\\sso-kilau\\kilauCms\\vendor\\laravel\\framework\\src\\Illuminate\\Foundation\\resources\\server.php(16): require_once('C:\\\\Users\\\\xxxxx\\\\...')
#60 {main}

[previous exception] [object] (PDOException(code: 22003): SQLSTATE[22003]: Numeric value out of range: 1264 Out of range value for column 'external_user_id' at row 1 at C:\\Users\\xxxxx\\Documents\\sso-kilau\\kilauCms\\vendor\\laravel\\framework\\src\\Illuminate\\Database\\MySqlConnection.php:45)
[stacktrace]
#0 C:\\Users\\xxxxx\\Documents\\sso-kilau\\kilauCms\\vendor\\laravel\\framework\\src\\Illuminate\\Database\\MySqlConnection.php(45): PDOStatement->execute()
#1 C:\\Users\\xxxxx\\Documents\\sso-kilau\\kilauCms\\vendor\\laravel\\framework\\src\\Illuminate\\Database\\Connection.php(816): Illuminate\\Database\\MySqlConnection->Illuminate\\Database\\{closure}('insert into `do...', Array)
#2 C:\\Users\\xxxxx\\Documents\\sso-kilau\\kilauCms\\vendor\\laravel\\framework\\src\\Illuminate\\Database\\Connection.php(783): Illuminate\\Database\\Connection->runQueryCallback('insert into `do...', Array, Object(Closure))
#3 C:\\Users\\xxxxx\\Documents\\sso-kilau\\kilauCms\\vendor\\laravel\\framework\\src\\Illuminate\\Database\\MySqlConnection.php(34): Illuminate\\Database\\Connection->run('insert into `do...', Array, Object(Closure))
#4 C:\\Users\\xxxxx\\Documents\\sso-kilau\\kilauCms\\vendor\\laravel\\framework\\src\\Illuminate\\Database\\Query\\Processors\\MySqlProcessor.php(35): Illuminate\\Database\\MySqlConnection->insert('insert into `do...', Array, 'id')
#5 C:\\Users\\xxxxx\\Documents\\sso-kilau\\kilauCms\\vendor\\laravel\\framework\\src\\Illuminate\\Database\\Query\\Builder.php(3549): Illuminate\\Database\\Query\\Processors\\MySqlProcessor->processInsertGetId(Object(Illuminate\\Database\\Query\\Builder), 'insert into `do...', Array, 'id')
#6 C:\\Users\\xxxxx\\Documents\\sso-kilau\\kilauCms\\vendor\\laravel\\framework\\src\\Illuminate\\Database\\Eloquent\\Builder.php(1982): Illuminate\\Database\\Query\\Builder->insertGetId(Array, 'id')
#7 C:\\Users\\xxxxx\\Documents\\sso-kilau\\kilauCms\\vendor\\laravel\\framework\\src\\Illuminate\\Database\\Eloquent\\Model.php(1334): Illuminate\\Database\\Eloquent\\Builder->__call('insertGetId', Array)
#8 C:\\Users\\xxxxx\\Documents\\sso-kilau\\kilauCms\\vendor\\laravel\\framework\\src\\Illuminate\\Database\\Eloquent\\Model.php(1299): Illuminate\\Database\\Eloquent\\Model->insertAndSetId(Object(Illuminate\\Database\\Eloquent\\Builder), Array)
#9 C:\\Users\\xxxxx\\Documents\\sso-kilau\\kilauCms\\vendor\\laravel\\framework\\src\\Illuminate\\Database\\Eloquent\\Model.php(1138): Illuminate\\Database\\Eloquent\\Model->performInsert(Object(Illuminate\\Database\\Eloquent\\Builder))
#10 C:\\Users\\xxxxx\\Documents\\sso-kilau\\kilauCms\\vendor\\laravel\\framework\\src\\Illuminate\\Database\\Eloquent\\Builder.php(1025): Illuminate\\Database\\Eloquent\\Model->save()
#11 C:\\Users\\xxxxx\\Documents\\sso-kilau\\kilauCms\\vendor\\laravel\\framework\\src\\Illuminate\\Support\\helpers.php(320): Illuminate\\Database\\Eloquent\\Builder->Illuminate\\Database\\Eloquent\\{closure}(Object(App\\Models\\DonasiHistory))
#12 C:\\Users\\xxxxx\\Documents\\sso-kilau\\kilauCms\\vendor\\laravel\\framework\\src\\Illuminate\\Database\\Eloquent\\Builder.php(1024): tap(Object(App\\Models\\DonasiHistory), Object(Closure))
#13 C:\\Users\\xxxxx\\Documents\\sso-kilau\\kilauCms\\vendor\\laravel\\framework\\src\\Illuminate\\Support\\Traits\\ForwardsCalls.php(23): Illuminate\\Database\\Eloquent\\Builder->create(Array)
#14 C:\\Users\\xxxxx\\Documents\\sso-kilau\\kilauCms\\vendor\\laravel\\framework\\src\\Illuminate\\Database\\Eloquent\\Model.php(2335): Illuminate\\Database\\Eloquent\\Model->forwardCallTo(Object(Illuminate\\Database\\Eloquent\\Builder), 'create', Array)
#15 C:\\Users\\xxxxx\\Documents\\sso-kilau\\kilauCms\\vendor\\laravel\\framework\\src\\Illuminate\\Database\\Eloquent\\Model.php(2347): Illuminate\\Database\\Eloquent\\Model->__call('create', Array)
#16 C:\\Users\\xxxxx\\Documents\\sso-kilau\\kilauCms\\app\\Http\\Controllers\\LandingPage\\HomeController.php(394): Illuminate\\Database\\Eloquent\\Model::__callStatic('create', Array)
#17 C:\\Users\\xxxxx\\Documents\\sso-kilau\\kilauCms\\vendor\\laravel\\framework\\src\\Illuminate\\Routing\\Controller.php(54): App\\Http\\Controllers\\LandingPage\\HomeController->donasi(Object(Illuminate\\Http\\Request), Object(App\\Services\\ReferralCodeService))
#18 C:\\Users\\xxxxx\\Documents\\sso-kilau\\kilauCms\\vendor\\laravel\\framework\\src\\Illuminate\\Routing\\ControllerDispatcher.php(43): Illuminate\\Routing\\Controller->callAction('donasi', Array)
#19 C:\\Users\\xxxxx\\Documents\\sso-kilau\\kilauCms\\vendor\\laravel\\framework\\src\\Illuminate\\Routing\\Route.php(259): Illuminate\\Routing\\ControllerDispatcher->dispatch(Object(Illuminate\\Routing\\Route), Object(App\\Http\\Controllers\\LandingPage\\HomeController), 'donasi')
#20 C:\\Users\\xxxxx\\Documents\\sso-kilau\\kilauCms\\vendor\\laravel\\framework\\src\\Illuminate\\Routing\\Route.php(205): Illuminate\\Routing\\Route->runController()
#21 C:\\Users\\xxxxx\\Documents\\sso-kilau\\kilauCms\\vendor\\laravel\\framework\\src\\Illuminate\\Routing\\Router.php(806): Illuminate\\Routing\\Route->run()
#22 C:\\Users\\xxxxx\\Documents\\sso-kilau\\kilauCms\\vendor\\laravel\\framework\\src\\Illuminate\\Pipeline\\Pipeline.php(144): Illuminate\\Routing\\Router->Illuminate\\Routing\\{closure}(Object(Illuminate\\Http\\Request))
#23 C:\\Users\\xxxxx\\Documents\\sso-kilau\\kilauCms\\vendor\\laravel\\framework\\src\\Illuminate\\Routing\\Middleware\\SubstituteBindings.php(50): Illuminate\\Pipeline\\Pipeline->Illuminate\\Pipeline\\{closure}(Object(Illuminate\\Http\\Request))
#24 C:\\Users\\xxxxx\\Documents\\sso-kilau\\kilauCms\\vendor\\laravel\\framework\\src\\Illuminate\\Pipeline\\Pipeline.php(183): Illuminate\\Routing\\Middleware\\SubstituteBindings->handle(Object(Illuminate\\Http\\Request), Object(Closure))
#25 C:\\Users\\xxxxx\\Documents\\sso-kilau\\kilauCms\\vendor\\laravel\\framework\\src\\Illuminate\\Foundation\\Http\\Middleware\\VerifyCsrfToken.php(78): Illuminate\\Pipeline\\Pipeline->Illuminate\\Pipeline\\{closure}(Object(Illuminate\\Http\\Request))
#26 C:\\Users\\xxxxx\\Documents\\sso-kilau\\kilauCms\\vendor\\laravel\\framework\\src\\Illuminate\\Pipeline\\Pipeline.php(183): Illuminate\\Foundation\\Http\\Middleware\\VerifyCsrfToken->handle(Object(Illuminate\\Http\\Request), Object(Closure))
#27 C:\\Users\\xxxxx\\Documents\\sso-kilau\\kilauCms\\vendor\\laravel\\framework\\src\\Illuminate\\View\\Middleware\\ShareErrorsFromSession.php(49): Illuminate\\Pipeline\\Pipeline->Illuminate\\Pipeline\\{closure}(Object(Illuminate\\Http\\Request))
#28 C:\\Users\\xxxxx\\Documents\\sso-kilau\\kilauCms\\vendor\\laravel\\framework\\src\\Illuminate\\Pipeline\\Pipeline.php(183): Illuminate\\View\\Middleware\\ShareErrorsFromSession->handle(Object(Illuminate\\Http\\Request), Object(Closure))
#29 C:\\Users\\xxxxx\\Documents\\sso-kilau\\kilauCms\\vendor\\laravel\\framework\\src\\Illuminate\\Session\\Middleware\\StartSession.php(121): Illuminate\\Pipeline\\Pipeline->Illuminate\\Pipeline\\{closure}(Object(Illuminate\\Http\\Request))
#30 C:\\Users\\xxxxx\\Documents\\sso-kilau\\kilauCms\\vendor\\laravel\\framework\\src\\Illuminate\\Session\\Middleware\\StartSession.php(64): Illuminate\\Session\\Middleware\\StartSession->handleStatefulRequest(Object(Illuminate\\Http\\Request), Object(Illuminate\\Session\\Store), Object(Closure))
#31 C:\\Users\\xxxxx\\Documents\\sso-kilau\\kilauCms\\vendor\\laravel\\framework\\src\\Illuminate\\Pipeline\\Pipeline.php(183): Illuminate\\Session\\Middleware\\StartSession->handle(Object(Illuminate\\Http\\Request), Object(Closure))
#32 C:\\Users\\xxxxx\\Documents\\sso-kilau\\kilauCms\\vendor\\laravel\\framework\\src\\Illuminate\\Cookie\\Middleware\\AddQueuedCookiesToResponse.php(37): Illuminate\\Pipeline\\Pipeline->Illuminate\\Pipeline\\{closure}(Object(Illuminate\\Http\\Request))
#33 C:\\Users\\xxxxx\\Documents\\sso-kilau\\kilauCms\\vendor\\laravel\\framework\\src\\Illuminate\\Pipeline\\Pipeline.php(183): Illuminate\\Cookie\\Middleware\\AddQueuedCookiesToResponse->handle(Object(Illuminate\\Http\\Request), Object(Closure))
#34 C:\\Users\\xxxxx\\Documents\\sso-kilau\\kilauCms\\vendor\\laravel\\framework\\src\\Illuminate\\Cookie\\Middleware\\EncryptCookies.php(67): Illuminate\\Pipeline\\Pipeline->Illuminate\\Pipeline\\{closure}(Object(Illuminate\\Http\\Request))
#35 C:\\Users\\xxxxx\\Documents\\sso-kilau\\kilauCms\\vendor\\laravel\\framework\\src\\Illuminate\\Pipeline\\Pipeline.php(183): Illuminate\\Cookie\\Middleware\\EncryptCookies->handle(Object(Illuminate\\Http\\Request), Object(Closure))
#36 C:\\Users\\xxxxx\\Documents\\sso-kilau\\kilauCms\\vendor\\laravel\\framework\\src\\Illuminate\\Pipeline\\Pipeline.php(119): Illuminate\\Pipeline\\Pipeline->Illuminate\\Pipeline\\{closure}(Object(Illuminate\\Http\\Request))
#37 C:\\Users\\xxxxx\\Documents\\sso-kilau\\kilauCms\\vendor\\laravel\\framework\\src\\Illuminate\\Routing\\Router.php(805): Illuminate\\Pipeline\\Pipeline->then(Object(Closure))
#38 C:\\Users\\xxxxx\\Documents\\sso-kilau\\kilauCms\\vendor\\laravel\\framework\\src\\Illuminate\\Routing\\Router.php(784): Illuminate\\Routing\\Router->runRouteWithinStack(Object(Illuminate\\Routing\\Route), Object(Illuminate\\Http\\Request))
#39 C:\\Users\\xxxxx\\Documents\\sso-kilau\\kilauCms\\vendor\\laravel\\framework\\src\\Illuminate\\Routing\\Router.php(748): Illuminate\\Routing\\Router->runRoute(Object(Illuminate\\Http\\Request), Object(Illuminate\\Routing\\Route))
#40 C:\\Users\\xxxxx\\Documents\\sso-kilau\\kilauCms\\vendor\\laravel\\framework\\src\\Illuminate\\Routing\\Router.php(737): Illuminate\\Routing\\Router->dispatchToRoute(Object(Illuminate\\Http\\Request))
#41 C:\\Users\\xxxxx\\Documents\\sso-kilau\\kilauCms\\vendor\\laravel\\framework\\src\\Illuminate\\Foundation\\Http\\Kernel.php(200): Illuminate\\Routing\\Router->dispatch(Object(Illuminate\\Http\\Request))
#42 C:\\Users\\xxxxx\\Documents\\sso-kilau\\kilauCms\\vendor\\laravel\\framework\\src\\Illuminate\\Pipeline\\Pipeline.php(144): Illuminate\\Foundation\\Http\\Kernel->Illuminate\\Foundation\\Http\\{closure}(Object(Illuminate\\Http\\Request))
#43 C:\\Users\\xxxxx\\Documents\\sso-kilau\\kilauCms\\vendor\\laravel\\framework\\src\\Illuminate\\Foundation\\Http\\Middleware\\TransformsRequest.php(21): Illuminate\\Pipeline\\Pipeline->Illuminate\\Pipeline\\{closure}(Object(Illuminate\\Http\\Request))
#44 C:\\Users\\xxxxx\\Documents\\sso-kilau\\kilauCms\\vendor\\laravel\\framework\\src\\Illuminate\\Foundation\\Http\\Middleware\\ConvertEmptyStringsToNull.php(31): Illuminate\\Foundation\\Http\\Middleware\\TransformsRequest->handle(Object(Illuminate\\Http\\Request), Object(Closure))
#45 C:\\Users\\xxxxx\\Documents\\sso-kilau\\kilauCms\\vendor\\laravel\\framework\\src\\Illuminate\\Pipeline\\Pipeline.php(183): Illuminate\\Foundation\\Http\\Middleware\\ConvertEmptyStringsToNull->handle(Object(Illuminate\\Http\\Request), Object(Closure))
#46 C:\\Users\\xxxxx\\Documents\\sso-kilau\\kilauCms\\vendor\\laravel\\framework\\src\\Illuminate\\Foundation\\Http\\Middleware\\TransformsRequest.php(21): Illuminate\\Pipeline\\Pipeline->Illuminate\\Pipeline\\{closure}(Object(Illuminate\\Http\\Request))
#47 C:\\Users\\xxxxx\\Documents\\sso-kilau\\kilauCms\\vendor\\laravel\\framework\\src\\Illuminate\\Foundation\\Http\\Middleware\\TrimStrings.php(40): Illuminate\\Foundation\\Http\\Middleware\\TransformsRequest->handle(Object(Illuminate\\Http\\Request), Object(Closure))
#48 C:\\Users\\xxxxx\\Documents\\sso-kilau\\kilauCms\\vendor\\laravel\\framework\\src\\Illuminate\\Pipeline\\Pipeline.php(183): Illuminate\\Foundation\\Http\\Middleware\\TrimStrings->handle(Object(Illuminate\\Http\\Request), Object(Closure))
#49 C:\\Users\\xxxxx\\Documents\\sso-kilau\\kilauCms\\vendor\\laravel\\framework\\src\\Illuminate\\Foundation\\Http\\Middleware\\ValidatePostSize.php(27): Illuminate\\Pipeline\\Pipeline->Illuminate\\Pipeline\\{closure}(Object(Illuminate\\Http\\Request))
#50 C:\\Users\\xxxxx\\Documents\\sso-kilau\\kilauCms\\vendor\\laravel\\framework\\src\\Illuminate\\Pipeline\\Pipeline.php(183): Illuminate\\Foundation\\Http\\Middleware\\ValidatePostSize->handle(Object(Illuminate\\Http\\Request), Object(Closure))
#51 C:\\Users\\xxxxx\\Documents\\sso-kilau\\kilauCms\\vendor\\laravel\\framework\\src\\Illuminate\\Foundation\\Http\\Middleware\\PreventRequestsDuringMaintenance.php(99): Illuminate\\Pipeline\\Pipeline->Illuminate\\Pipeline\\{closure}(Object(Illuminate\\Http\\Request))
#52 C:\\Users\\xxxxx\\Documents\\sso-kilau\\kilauCms\\vendor\\laravel\\framework\\src\\Illuminate\\Pipeline\\Pipeline.php(183): Illuminate\\Foundation\\Http\\Middleware\\PreventRequestsDuringMaintenance->handle(Object(Illuminate\\Http\\Request), Object(Closure))
#53 C:\\Users\\xxxxx\\Documents\\sso-kilau\\kilauCms\\vendor\\laravel\\framework\\src\\Illuminate\\Http\\Middleware\\HandleCors.php(49): Illuminate\\Pipeline\\Pipeline->Illuminate\\Pipeline\\{closure}(Object(Illuminate\\Http\\Request))
#54 C:\\Users\\xxxxx\\Documents\\sso-kilau\\kilauCms\\vendor\\laravel\\framework\\src\\Illuminate\\Pipeline\\Pipeline.php(183): Illuminate\\Http\\Middleware\\HandleCors->handle(Object(Illuminate\\Http\\Request), Object(Closure))
#55 C:\\Users\\xxxxx\\Documents\\sso-kilau\\kilauCms\\vendor\\laravel\\framework\\src\\Illuminate\\Http\\Middleware\\TrustProxies.php(39): Illuminate\\Pipeline\\Pipeline->Illuminate\\Pipeline\\{closure}(Object(Illuminate\\Http\\Request))
#56 C:\\Users\\xxxxx\\Documents\\sso-kilau\\kilauCms\\vendor\\laravel\\framework\\src\\Illuminate\\Pipeline\\Pipeline.php(183): Illuminate\\Http\\Middleware\\TrustProxies->handle(Object(Illuminate\\Http\\Request), Object(Closure))
#57 C:\\Users\\xxxxx\\Documents\\sso-kilau\\kilauCms\\vendor\\laravel\\framework\\src\\Illuminate\\Pipeline\\Pipeline.php(119): Illuminate\\Pipeline\\Pipeline->Illuminate\\Pipeline\\{closure}(Object(Illuminate\\Http\\Request))
#58 C:\\Users\\xxxxx\\Documents\\sso-kilau\\kilauCms\\vendor\\laravel\\framework\\src\\Illuminate\\Foundation\\Http\\Kernel.php(175): Illuminate\\Pipeline\\Pipeline->then(Object(Closure))
#59 C:\\Users\\xxxxx\\Documents\\sso-kilau\\kilauCms\\vendor\\laravel\\framework\\src\\Illuminate\\Foundation\\Http\\Kernel.php(144): Illuminate\\Foundation\\Http\\Kernel->sendRequestThroughRouter(Object(Illuminate\\Http\\Request))
#60 C:\\Users\\xxxxx\\Documents\\sso-kilau\\kilauCms\\public\\index.php(18): Illuminate\\Foundation\\Http\\Kernel->handle(Object(Illuminate\\Http\\Request))
#61 C:\\Users\\xxxxx\\Documents\\sso-kilau\\kilauCms\\vendor\\laravel\\framework\\src\\Illuminate\\Foundation\\resources\\server.php(16): require_once('C:\\\\Users\\\\xxxxx\\\\...')
#62 {main}
"} 
[2026-07-14 07:20:59] local.ERROR: PHP Parse error: Syntax error, unexpected T_NS_SEPARATOR on line 1 {"exception":"[object] (Psy\\Exception\\ParseErrorException(code: 0): PHP Parse error: Syntax error, unexpected T_NS_SEPARATOR on line 1 at C:\\Users\\xxxxx\\Documents\\sso-kilau\\kilauCms\\vendor\\psy\\psysh\\src\\Exception\\ParseErrorException.php:44)
[stacktrace]
#0 C:\\Users\\xxxxx\\Documents\\sso-kilau\\kilauCms\\vendor\\psy\\psysh\\src\\CodeCleaner.php(306): Psy\\Exception\\ParseErrorException::fromParseError(Object(PhpParser\\Error))
#1 C:\\Users\\xxxxx\\Documents\\sso-kilau\\kilauCms\\vendor\\psy\\psysh\\src\\CodeCleaner.php(240): Psy\\CodeCleaner->parse('<?php dump((new...', false)
#2 C:\\Users\\xxxxx\\Documents\\sso-kilau\\kilauCms\\vendor\\psy\\psysh\\src\\Shell.php(852): Psy\\CodeCleaner->clean(Array, false)
#3 C:\\Users\\xxxxx\\Documents\\sso-kilau\\kilauCms\\vendor\\psy\\psysh\\src\\Shell.php(881): Psy\\Shell->addCode('dump((new App\\\\\\\\...', true)
#4 C:\\Users\\xxxxx\\Documents\\sso-kilau\\kilauCms\\vendor\\psy\\psysh\\src\\Shell.php(1390): Psy\\Shell->setCode('dump((new App\\\\\\\\...', true)
#5 C:\\Users\\xxxxx\\Documents\\sso-kilau\\kilauCms\\vendor\\laravel\\tinker\\src\\Console\\TinkerCommand.php(76): Psy\\Shell->execute('dump((new App\\\\\\\\...')
#6 C:\\Users\\xxxxx\\Documents\\sso-kilau\\kilauCms\\vendor\\laravel\\framework\\src\\Illuminate\\Container\\BoundMethod.php(36): Laravel\\Tinker\\Console\\TinkerCommand->handle()
#7 C:\\Users\\xxxxx\\Documents\\sso-kilau\\kilauCms\\vendor\\laravel\\framework\\src\\Illuminate\\Container\\Util.php(41): Illuminate\\Container\\BoundMethod::Illuminate\\Container\\{closure}()
#8 C:\\Users\\xxxxx\\Documents\\sso-kilau\\kilauCms\\vendor\\laravel\\framework\\src\\Illuminate\\Container\\BoundMethod.php(93): Illuminate\\Container\\Util::unwrapIfClosure(Object(Closure))
#9 C:\\Users\\xxxxx\\Documents\\sso-kilau\\kilauCms\\vendor\\laravel\\framework\\src\\Illuminate\\Container\\BoundMethod.php(35): Illuminate\\Container\\BoundMethod::callBoundMethod(Object(Illuminate\\Foundation\\Application), Array, Object(Closure))
#10 C:\\Users\\xxxxx\\Documents\\sso-kilau\\kilauCms\\vendor\\laravel\\framework\\src\\Illuminate\\Container\\Container.php(662): Illuminate\\Container\\BoundMethod::call(Object(Illuminate\\Foundation\\Application), Array, Array, NULL)
#11 C:\\Users\\xxxxx\\Documents\\sso-kilau\\kilauCms\\vendor\\laravel\\framework\\src\\Illuminate\\Console\\Command.php(211): Illuminate\\Container\\Container->call(Array)
#12 C:\\Users\\xxxxx\\Documents\\sso-kilau\\kilauCms\\vendor\\symfony\\console\\Command\\Command.php(326): Illuminate\\Console\\Command->execute(Object(Symfony\\Component\\Console\\Input\\ArgvInput), Object(Illuminate\\Console\\OutputStyle))
#13 C:\\Users\\xxxxx\\Documents\\sso-kilau\\kilauCms\\vendor\\laravel\\framework\\src\\Illuminate\\Console\\Command.php(180): Symfony\\Component\\Console\\Command\\Command->run(Object(Symfony\\Component\\Console\\Input\\ArgvInput), Object(Illuminate\\Console\\OutputStyle))
#14 C:\\Users\\xxxxx\\Documents\\sso-kilau\\kilauCms\\vendor\\symfony\\console\\Application.php(1096): Illuminate\\Console\\Command->run(Object(Symfony\\Component\\Console\\Input\\ArgvInput), Object(Symfony\\Component\\Console\\Output\\ConsoleOutput))
#15 C:\\Users\\xxxxx\\Documents\\sso-kilau\\kilauCms\\vendor\\symfony\\console\\Application.php(324): Symfony\\Component\\Console\\Application->doRunCommand(Object(Laravel\\Tinker\\Console\\TinkerCommand), Object(Symfony\\Component\\Console\\Input\\ArgvInput), Object(Symfony\\Component\\Console\\Output\\ConsoleOutput))
#16 C:\\Users\\xxxxx\\Documents\\sso-kilau\\kilauCms\\vendor\\symfony\\console\\Application.php(175): Symfony\\Component\\Console\\Application->doRun(Object(Symfony\\Component\\Console\\Input\\ArgvInput), Object(Symfony\\Component\\Console\\Output\\ConsoleOutput))
#17 C:\\Users\\xxxxx\\Documents\\sso-kilau\\kilauCms\\vendor\\laravel\\framework\\src\\Illuminate\\Foundation\\Console\\Kernel.php(201): Symfony\\Component\\Console\\Application->run(Object(Symfony\\Component\\Console\\Input\\ArgvInput), Object(Symfony\\Component\\Console\\Output\\ConsoleOutput))
#18 C:\\Users\\xxxxx\\Documents\\sso-kilau\\kilauCms\\artisan(35): Illuminate\\Foundation\\Console\\Kernel->handle(Object(Symfony\\Component\\Console\\Input\\ArgvInput), Object(Symfony\\Component\\Console\\Output\\ConsoleOutput))
#19 {main}
"} 
[2026-07-14 07:33:41] local.ERROR: SQLSTATE[42000]: Syntax error or access violation: 1059 Identifier name 'cms_general_donation_km12_mappings_km12_program_penerimaan_id_index' is too long (Connection: mysql, SQL: alter table `cms_general_donation_km12_mappings` add index `cms_general_donation_km12_mappings_km12_program_penerimaan_id_index`(`km12_program_penerimaan_id`)) {"exception":"[object] (Illuminate\\Database\\QueryException(code: 42000): SQLSTATE[42000]: Syntax error or access violation: 1059 Identifier name 'cms_general_donation_km12_mappings_km12_program_penerimaan_id_index' is too long (Connection: mysql, SQL: alter table `cms_general_donation_km12_mappings` add index `cms_general_donation_km12_mappings_km12_program_penerimaan_id_index`(`km12_program_penerimaan_id`)) at C:\\Users\\xxxxx\\Documents\\sso-kilau\\kilauCms\\vendor\\laravel\\framework\\src\\Illuminate\\Database\\Connection.php:829)
[stacktrace]
#0 C:\\Users\\xxxxx\\Documents\\sso-kilau\\kilauCms\\vendor\\laravel\\framework\\src\\Illuminate\\Database\\Connection.php(783): Illuminate\\Database\\Connection->runQueryCallback('alter table `cm...', Array, Object(Closure))
#1 C:\\Users\\xxxxx\\Documents\\sso-kilau\\kilauCms\\vendor\\laravel\\framework\\src\\Illuminate\\Database\\Connection.php(576): Illuminate\\Database\\Connection->run('alter table `cm...', Array, Object(Closure))
#2 C:\\Users\\xxxxx\\Documents\\sso-kilau\\kilauCms\\vendor\\laravel\\framework\\src\\Illuminate\\Database\\Schema\\Blueprint.php(110): Illuminate\\Database\\Connection->statement('alter table `cm...')
#3 C:\\Users\\xxxxx\\Documents\\sso-kilau\\kilauCms\\vendor\\laravel\\framework\\src\\Illuminate\\Database\\Schema\\Builder.php(602): Illuminate\\Database\\Schema\\Blueprint->build(Object(Illuminate\\Database\\MySqlConnection), Object(Illuminate\\Database\\Schema\\Grammars\\MySqlGrammar))
#4 C:\\Users\\xxxxx\\Documents\\sso-kilau\\kilauCms\\vendor\\laravel\\framework\\src\\Illuminate\\Database\\Schema\\Builder.php(456): Illuminate\\Database\\Schema\\Builder->build(Object(Illuminate\\Database\\Schema\\Blueprint))
#5 C:\\Users\\xxxxx\\Documents\\sso-kilau\\kilauCms\\vendor\\laravel\\framework\\src\\Illuminate\\Support\\Facades\\Facade.php(355): Illuminate\\Database\\Schema\\Builder->create('cms_general_don...', Object(Closure))
#6 C:\\Users\\xxxxx\\Documents\\sso-kilau\\kilauCms\\database\\migrations\\2026_07_14_000001_create_cms_general_donation_km12_mappings_table.php(14): Illuminate\\Support\\Facades\\Facade::__callStatic('create', Array)
#7 C:\\Users\\xxxxx\\Documents\\sso-kilau\\kilauCms\\vendor\\laravel\\framework\\src\\Illuminate\\Database\\Migrations\\Migrator.php(493): Illuminate\\Database\\Migrations\\Migration@anonymous->up()
#8 C:\\Users\\xxxxx\\Documents\\sso-kilau\\kilauCms\\vendor\\laravel\\framework\\src\\Illuminate\\Database\\Migrations\\Migrator.php(410): Illuminate\\Database\\Migrations\\Migrator->runMethod(Object(Illuminate\\Database\\MySqlConnection), Object(Illuminate\\Database\\Migrations\\Migration@anonymous), 'up')
#9 C:\\Users\\xxxxx\\Documents\\sso-kilau\\kilauCms\\vendor\\laravel\\framework\\src\\Illuminate\\Database\\Migrations\\Migrator.php(419): Illuminate\\Database\\Migrations\\Migrator->Illuminate\\Database\\Migrations\\{closure}()
#10 C:\\Users\\xxxxx\\Documents\\sso-kilau\\kilauCms\\vendor\\laravel\\framework\\src\\Illuminate\\Database\\Migrations\\Migrator.php(216): Illuminate\\Database\\Migrations\\Migrator->runMigration(Object(Illuminate\\Database\\Migrations\\Migration@anonymous), 'up')
#11 C:\\Users\\xxxxx\\Documents\\sso-kilau\\kilauCms\\vendor\\laravel\\framework\\src\\Illuminate\\Console\\View\\Components\\Task.php(37): Illuminate\\Database\\Migrations\\Migrator->Illuminate\\Database\\Migrations\\{closure}()
#12 C:\\Users\\xxxxx\\Documents\\sso-kilau\\kilauCms\\vendor\\laravel\\framework\\src\\Illuminate\\Database\\Migrations\\Migrator.php(756): Illuminate\\Console\\View\\Components\\Task->render('2026_07_14_0000...', Object(Closure))
#13 C:\\Users\\xxxxx\\Documents\\sso-kilau\\kilauCms\\vendor\\laravel\\framework\\src\\Illuminate\\Database\\Migrations\\Migrator.php(216): Illuminate\\Database\\Migrations\\Migrator->write('Illuminate\\\\Cons...', '2026_07_14_0000...', Object(Closure))
#14 C:\\Users\\xxxxx\\Documents\\sso-kilau\\kilauCms\\vendor\\laravel\\framework\\src\\Illuminate\\Database\\Migrations\\Migrator.php(181): Illuminate\\Database\\Migrations\\Migrator->runUp('C:\\\\Users\\\\xxxxx\\\\...', 42, false)
#15 C:\\Users\\xxxxx\\Documents\\sso-kilau\\kilauCms\\vendor\\laravel\\framework\\src\\Illuminate\\Database\\Migrations\\Migrator.php(124): Illuminate\\Database\\Migrations\\Migrator->runPending(Array, Array)
#16 C:\\Users\\xxxxx\\Documents\\sso-kilau\\kilauCms\\vendor\\laravel\\framework\\src\\Illuminate\\Database\\Console\\Migrations\\MigrateCommand.php(90): Illuminate\\Database\\Migrations\\Migrator->run(Array, Array)
#17 C:\\Users\\xxxxx\\Documents\\sso-kilau\\kilauCms\\vendor\\laravel\\framework\\src\\Illuminate\\Database\\Migrations\\Migrator.php(633): Illuminate\\Database\\Console\\Migrations\\MigrateCommand->Illuminate\\Database\\Console\\Migrations\\{closure}()
#18 C:\\Users\\xxxxx\\Documents\\sso-kilau\\kilauCms\\vendor\\laravel\\framework\\src\\Illuminate\\Database\\Console\\Migrations\\MigrateCommand.php(83): Illuminate\\Database\\Migrations\\Migrator->usingConnection(NULL, Object(Closure))
#19 C:\\Users\\xxxxx\\Documents\\sso-kilau\\kilauCms\\vendor\\laravel\\framework\\src\\Illuminate\\Container\\BoundMethod.php(36): Illuminate\\Database\\Console\\Migrations\\MigrateCommand->handle()
#20 C:\\Users\\xxxxx\\Documents\\sso-kilau\\kilauCms\\vendor\\laravel\\framework\\src\\Illuminate\\Container\\Util.php(41): Illuminate\\Container\\BoundMethod::Illuminate\\Container\\{closure}()
#21 C:\\Users\\xxxxx\\Documents\\sso-kilau\\kilauCms\\vendor\\laravel\\framework\\src\\Illuminate\\Container\\BoundMethod.php(93): Illuminate\\Container\\Util::unwrapIfClosure(Object(Closure))
#22 C:\\Users\\xxxxx\\Documents\\sso-kilau\\kilauCms\\vendor\\laravel\\framework\\src\\Illuminate\\Container\\BoundMethod.php(35): Illuminate\\Container\\BoundMethod::callBoundMethod(Object(Illuminate\\Foundation\\Application), Array, Object(Closure))
#23 C:\\Users\\xxxxx\\Documents\\sso-kilau\\kilauCms\\vendor\\laravel\\framework\\src\\Illuminate\\Container\\Container.php(662): Illuminate\\Container\\BoundMethod::call(Object(Illuminate\\Foundation\\Application), Array, Array, NULL)
#24 C:\\Users\\xxxxx\\Documents\\sso-kilau\\kilauCms\\vendor\\laravel\\framework\\src\\Illuminate\\Console\\Command.php(211): Illuminate\\Container\\Container->call(Array)
#25 C:\\Users\\xxxxx\\Documents\\sso-kilau\\kilauCms\\vendor\\symfony\\console\\Command\\Command.php(326): Illuminate\\Console\\Command->execute(Object(Symfony\\Component\\Console\\Input\\ArgvInput), Object(Illuminate\\Console\\OutputStyle))
#26 C:\\Users\\xxxxx\\Documents\\sso-kilau\\kilauCms\\vendor\\laravel\\framework\\src\\Illuminate\\Console\\Command.php(180): Symfony\\Component\\Console\\Command\\Command->run(Object(Symfony\\Component\\Console\\Input\\ArgvInput), Object(Illuminate\\Console\\OutputStyle))
#27 C:\\Users\\xxxxx\\Documents\\sso-kilau\\kilauCms\\vendor\\symfony\\console\\Application.php(1096): Illuminate\\Console\\Command->run(Object(Symfony\\Component\\Console\\Input\\ArgvInput), Object(Symfony\\Component\\Console\\Output\\ConsoleOutput))
#28 C:\\Users\\xxxxx\\Documents\\sso-kilau\\kilauCms\\vendor\\symfony\\console\\Application.php(324): Symfony\\Component\\Console\\Application->doRunCommand(Object(Illuminate\\Database\\Console\\Migrations\\MigrateCommand), Object(Symfony\\Component\\Console\\Input\\ArgvInput), Object(Symfony\\Component\\Console\\Output\\ConsoleOutput))
#29 C:\\Users\\xxxxx\\Documents\\sso-kilau\\kilauCms\\vendor\\symfony\\console\\Application.php(175): Symfony\\Component\\Console\\Application->doRun(Object(Symfony\\Component\\Console\\Input\\ArgvInput), Object(Symfony\\Component\\Console\\Output\\ConsoleOutput))
#30 C:\\Users\\xxxxx\\Documents\\sso-kilau\\kilauCms\\vendor\\laravel\\framework\\src\\Illuminate\\Foundation\\Console\\Kernel.php(201): Symfony\\Component\\Console\\Application->run(Object(Symfony\\Component\\Console\\Input\\ArgvInput), Object(Symfony\\Component\\Console\\Output\\ConsoleOutput))
#31 C:\\Users\\xxxxx\\Documents\\sso-kilau\\kilauCms\\artisan(35): Illuminate\\Foundation\\Console\\Kernel->handle(Object(Symfony\\Component\\Console\\Input\\ArgvInput), Object(Symfony\\Component\\Console\\Output\\ConsoleOutput))
#32 {main}

[previous exception] [object] (PDOException(code: 42000): SQLSTATE[42000]: Syntax error or access violation: 1059 Identifier name 'cms_general_donation_km12_mappings_km12_program_penerimaan_id_index' is too long at C:\\Users\\xxxxx\\Documents\\sso-kilau\\kilauCms\\vendor\\laravel\\framework\\src\\Illuminate\\Database\\Connection.php:587)
[stacktrace]
#0 C:\\Users\\xxxxx\\Documents\\sso-kilau\\kilauCms\\vendor\\laravel\\framework\\src\\Illuminate\\Database\\Connection.php(587): PDOStatement->execute()
#1 C:\\Users\\xxxxx\\Documents\\sso-kilau\\kilauCms\\vendor\\laravel\\framework\\src\\Illuminate\\Database\\Connection.php(816): Illuminate\\Database\\Connection->Illuminate\\Database\\{closure}('alter table `cm...', Array)
#2 C:\\Users\\xxxxx\\Documents\\sso-kilau\\kilauCms\\vendor\\laravel\\framework\\src\\Illuminate\\Database\\Connection.php(783): Illuminate\\Database\\Connection->runQueryCallback('alter table `cm...', Array, Object(Closure))
#3 C:\\Users\\xxxxx\\Documents\\sso-kilau\\kilauCms\\vendor\\laravel\\framework\\src\\Illuminate\\Database\\Connection.php(576): Illuminate\\Database\\Connection->run('alter table `cm...', Array, Object(Closure))
#4 C:\\Users\\xxxxx\\Documents\\sso-kilau\\kilauCms\\vendor\\laravel\\framework\\src\\Illuminate\\Database\\Schema\\Blueprint.php(110): Illuminate\\Database\\Connection->statement('alter table `cm...')
#5 C:\\Users\\xxxxx\\Documents\\sso-kilau\\kilauCms\\vendor\\laravel\\framework\\src\\Illuminate\\Database\\Schema\\Builder.php(602): Illuminate\\Database\\Schema\\Blueprint->build(Object(Illuminate\\Database\\MySqlConnection), Object(Illuminate\\Database\\Schema\\Grammars\\MySqlGrammar))
#6 C:\\Users\\xxxxx\\Documents\\sso-kilau\\kilauCms\\vendor\\laravel\\framework\\src\\Illuminate\\Database\\Schema\\Builder.php(456): Illuminate\\Database\\Schema\\Builder->build(Object(Illuminate\\Database\\Schema\\Blueprint))
#7 C:\\Users\\xxxxx\\Documents\\sso-kilau\\kilauCms\\vendor\\laravel\\framework\\src\\Illuminate\\Support\\Facades\\Facade.php(355): Illuminate\\Database\\Schema\\Builder->create('cms_general_don...', Object(Closure))
#8 C:\\Users\\xxxxx\\Documents\\sso-kilau\\kilauCms\\database\\migrations\\2026_07_14_000001_create_cms_general_donation_km12_mappings_table.php(14): Illuminate\\Support\\Facades\\Facade::__callStatic('create', Array)
#9 C:\\Users\\xxxxx\\Documents\\sso-kilau\\kilauCms\\vendor\\laravel\\framework\\src\\Illuminate\\Database\\Migrations\\Migrator.php(493): Illuminate\\Database\\Migrations\\Migration@anonymous->up()
#10 C:\\Users\\xxxxx\\Documents\\sso-kilau\\kilauCms\\vendor\\laravel\\framework\\src\\Illuminate\\Database\\Migrations\\Migrator.php(410): Illuminate\\Database\\Migrations\\Migrator->runMethod(Object(Illuminate\\Database\\MySqlConnection), Object(Illuminate\\Database\\Migrations\\Migration@anonymous), 'up')
#11 C:\\Users\\xxxxx\\Documents\\sso-kilau\\kilauCms\\vendor\\laravel\\framework\\src\\Illuminate\\Database\\Migrations\\Migrator.php(419): Illuminate\\Database\\Migrations\\Migrator->Illuminate\\Database\\Migrations\\{closure}()
#12 C:\\Users\\xxxxx\\Documents\\sso-kilau\\kilauCms\\vendor\\laravel\\framework\\src\\Illuminate\\Database\\Migrations\\Migrator.php(216): Illuminate\\Database\\Migrations\\Migrator->runMigration(Object(Illuminate\\Database\\Migrations\\Migration@anonymous), 'up')
#13 C:\\Users\\xxxxx\\Documents\\sso-kilau\\kilauCms\\vendor\\laravel\\framework\\src\\Illuminate\\Console\\View\\Components\\Task.php(37): Illuminate\\Database\\Migrations\\Migrator->Illuminate\\Database\\Migrations\\{closure}()
#14 C:\\Users\\xxxxx\\Documents\\sso-kilau\\kilauCms\\vendor\\laravel\\framework\\src\\Illuminate\\Database\\Migrations\\Migrator.php(756): Illuminate\\Console\\View\\Components\\Task->render('2026_07_14_0000...', Object(Closure))
#15 C:\\Users\\xxxxx\\Documents\\sso-kilau\\kilauCms\\vendor\\laravel\\framework\\src\\Illuminate\\Database\\Migrations\\Migrator.php(216): Illuminate\\Database\\Migrations\\Migrator->write('Illuminate\\\\Cons...', '2026_07_14_0000...', Object(Closure))
#16 C:\\Users\\xxxxx\\Documents\\sso-kilau\\kilauCms\\vendor\\laravel\\framework\\src\\Illuminate\\Database\\Migrations\\Migrator.php(181): Illuminate\\Database\\Migrations\\Migrator->runUp('C:\\\\Users\\\\xxxxx\\\\...', 42, false)
#17 C:\\Users\\xxxxx\\Documents\\sso-kilau\\kilauCms\\vendor\\laravel\\framework\\src\\Illuminate\\Database\\Migrations\\Migrator.php(124): Illuminate\\Database\\Migrations\\Migrator->runPending(Array, Array)
#18 C:\\Users\\xxxxx\\Documents\\sso-kilau\\kilauCms\\vendor\\laravel\\framework\\src\\Illuminate\\Database\\Console\\Migrations\\MigrateCommand.php(90): Illuminate\\Database\\Migrations\\Migrator->run(Array, Array)
#19 C:\\Users\\xxxxx\\Documents\\sso-kilau\\kilauCms\\vendor\\laravel\\framework\\src\\Illuminate\\Database\\Migrations\\Migrator.php(633): Illuminate\\Database\\Console\\Migrations\\MigrateCommand->Illuminate\\Database\\Console\\Migrations\\{closure}()
#20 C:\\Users\\xxxxx\\Documents\\sso-kilau\\kilauCms\\vendor\\laravel\\framework\\src\\Illuminate\\Database\\Console\\Migrations\\MigrateCommand.php(83): Illuminate\\Database\\Migrations\\Migrator->usingConnection(NULL, Object(Closure))
#21 C:\\Users\\xxxxx\\Documents\\sso-kilau\\kilauCms\\vendor\\laravel\\framework\\src\\Illuminate\\Container\\BoundMethod.php(36): Illuminate\\Database\\Console\\Migrations\\MigrateCommand->handle()
#22 C:\\Users\\xxxxx\\Documents\\sso-kilau\\kilauCms\\vendor\\laravel\\framework\\src\\Illuminate\\Container\\Util.php(41): Illuminate\\Container\\BoundMethod::Illuminate\\Container\\{closure}()
#23 C:\\Users\\xxxxx\\Documents\\sso-kilau\\kilauCms\\vendor\\laravel\\framework\\src\\Illuminate\\Container\\BoundMethod.php(93): Illuminate\\Container\\Util::unwrapIfClosure(Object(Closure))
#24 C:\\Users\\xxxxx\\Documents\\sso-kilau\\kilauCms\\vendor\\laravel\\framework\\src\\Illuminate\\Container\\BoundMethod.php(35): Illuminate\\Container\\BoundMethod::callBoundMethod(Object(Illuminate\\Foundation\\Application), Array, Object(Closure))
#25 C:\\Users\\xxxxx\\Documents\\sso-kilau\\kilauCms\\vendor\\laravel\\framework\\src\\Illuminate\\Container\\Container.php(662): Illuminate\\Container\\BoundMethod::call(Object(Illuminate\\Foundation\\Application), Array, Array, NULL)
#26 C:\\Users\\xxxxx\\Documents\\sso-kilau\\kilauCms\\vendor\\laravel\\framework\\src\\Illuminate\\Console\\Command.php(211): Illuminate\\Container\\Container->call(Array)
#27 C:\\Users\\xxxxx\\Documents\\sso-kilau\\kilauCms\\vendor\\symfony\\console\\Command\\Command.php(326): Illuminate\\Console\\Command->execute(Object(Symfony\\Component\\Console\\Input\\ArgvInput), Object(Illuminate\\Console\\OutputStyle))
#28 C:\\Users\\xxxxx\\Documents\\sso-kilau\\kilauCms\\vendor\\laravel\\framework\\src\\Illuminate\\Console\\Command.php(180): Symfony\\Component\\Console\\Command\\Command->run(Object(Symfony\\Component\\Console\\Input\\ArgvInput), Object(Illuminate\\Console\\OutputStyle))
#29 C:\\Users\\xxxxx\\Documents\\sso-kilau\\kilauCms\\vendor\\symfony\\console\\Application.php(1096): Illuminate\\Console\\Command->run(Object(Symfony\\Component\\Console\\Input\\ArgvInput), Object(Symfony\\Component\\Console\\Output\\ConsoleOutput))
#30 C:\\Users\\xxxxx\\Documents\\sso-kilau\\kilauCms\\vendor\\symfony\\console\\Application.php(324): Symfony\\Component\\Console\\Application->doRunCommand(Object(Illuminate\\Database\\Console\\Migrations\\MigrateCommand), Object(Symfony\\Component\\Console\\Input\\ArgvInput), Object(Symfony\\Component\\Console\\Output\\ConsoleOutput))
#31 C:\\Users\\xxxxx\\Documents\\sso-kilau\\kilauCms\\vendor\\symfony\\console\\Application.php(175): Symfony\\Component\\Console\\Application->doRun(Object(Symfony\\Component\\Console\\Input\\ArgvInput), Object(Symfony\\Component\\Console\\Output\\ConsoleOutput))
#32 C:\\Users\\xxxxx\\Documents\\sso-kilau\\kilauCms\\vendor\\laravel\\framework\\src\\Illuminate\\Foundation\\Console\\Kernel.php(201): Symfony\\Component\\Console\\Application->run(Object(Symfony\\Component\\Console\\Input\\ArgvInput), Object(Symfony\\Component\\Console\\Output\\ConsoleOutput))
#33 C:\\Users\\xxxxx\\Documents\\sso-kilau\\kilauCms\\artisan(35): Illuminate\\Foundation\\Console\\Kernel->handle(Object(Symfony\\Component\\Console\\Input\\ArgvInput), Object(Symfony\\Component\\Console\\Output\\ConsoleOutput))
#34 {main}
"} 
[2026-07-15 04:28:48] local.INFO: Update status donasi request {"status":2} 
[2026-07-15 06:45:04] testing.ERROR: Driver [array] not supported. {"exception":"[object] (InvalidArgumentException(code: 0): Driver [array] not supported. at C:\\Users\\xxxxx\\Documents\\sso-kilau\\kilauCms\\vendor\\laravel\\framework\\src\\Illuminate\\Support\\Manager.php:109)
[stacktrace]
#0 C:\\Users\\xxxxx\\Documents\\sso-kilau\\kilauCms\\vendor\\laravel\\framework\\src\\Illuminate\\Support\\Manager.php(80): Illuminate\\Support\\Manager->createDriver('array')
#1 C:\\Users\\xxxxx\\Documents\\sso-kilau\\kilauCms\\vendor\\laravel\\framework\\src\\Illuminate\\Foundation\\Providers\\FoundationServiceProvider.php(193): Illuminate\\Support\\Manager->driver()
#2 C:\\Users\\xxxxx\\Documents\\sso-kilau\\kilauCms\\vendor\\laravel\\framework\\src\\Illuminate\\Container\\Container.php(908): Illuminate\\Foundation\\Providers\\FoundationServiceProvider->Illuminate\\Foundation\\Providers\\{closure}(Object(Illuminate\\Foundation\\Application), Array)
#3 C:\\Users\\xxxxx\\Documents\\sso-kilau\\kilauCms\\vendor\\laravel\\framework\\src\\Illuminate\\Container\\Container.php(795): Illuminate\\Container\\Container->build(Object(Closure))
#4 C:\\Users\\xxxxx\\Documents\\sso-kilau\\kilauCms\\vendor\\laravel\\framework\\src\\Illuminate\\Foundation\\Application.php(963): Illuminate\\Container\\Container->resolve('Illuminate\\\\Cont...', Array, true)
#5 C:\\Users\\xxxxx\\Documents\\sso-kilau\\kilauCms\\vendor\\laravel\\framework\\src\\Illuminate\\Container\\Container.php(731): Illuminate\\Foundation\\Application->resolve('Illuminate\\\\Cont...', Array)
#6 C:\\Users\\xxxxx\\Documents\\sso-kilau\\kilauCms\\vendor\\laravel\\framework\\src\\Illuminate\\Foundation\\Application.php(948): Illuminate\\Container\\Container->make('Illuminate\\\\Cont...', Array)
#7 C:\\Users\\xxxxx\\Documents\\sso-kilau\\kilauCms\\vendor\\laravel\\framework\\src\\Illuminate\\Foundation\\Application.php(1224): Illuminate\\Foundation\\Application->make('Illuminate\\\\Cont...')
#8 C:\\Users\\xxxxx\\Documents\\sso-kilau\\kilauCms\\vendor\\laravel\\framework\\src\\Illuminate\\Foundation\\Http\\Middleware\\PreventRequestsDuringMaintenance.php(54): Illuminate\\Foundation\\Application->maintenanceMode()
#9 C:\\Users\\xxxxx\\Documents\\sso-kilau\\kilauCms\\vendor\\laravel\\framework\\src\\Illuminate\\Pipeline\\Pipeline.php(183): Illuminate\\Foundation\\Http\\Middleware\\PreventRequestsDuringMaintenance->handle(Object(Illuminate\\Http\\Request), Object(Closure))
#10 C:\\Users\\xxxxx\\Documents\\sso-kilau\\kilauCms\\vendor\\laravel\\framework\\src\\Illuminate\\Http\\Middleware\\HandleCors.php(49): Illuminate\\Pipeline\\Pipeline->Illuminate\\Pipeline\\{closure}(Object(Illuminate\\Http\\Request))
#11 C:\\Users\\xxxxx\\Documents\\sso-kilau\\kilauCms\\vendor\\laravel\\framework\\src\\Illuminate\\Pipeline\\Pipeline.php(183): Illuminate\\Http\\Middleware\\HandleCors->handle(Object(Illuminate\\Http\\Request), Object(Closure))
#12 C:\\Users\\xxxxx\\Documents\\sso-kilau\\kilauCms\\vendor\\laravel\\framework\\src\\Illuminate\\Http\\Middleware\\TrustProxies.php(39): Illuminate\\Pipeline\\Pipeline->Illuminate\\Pipeline\\{closure}(Object(Illuminate\\Http\\Request))
#13 C:\\Users\\xxxxx\\Documents\\sso-kilau\\kilauCms\\vendor\\laravel\\framework\\src\\Illuminate\\Pipeline\\Pipeline.php(183): Illuminate\\Http\\Middleware\\TrustProxies->handle(Object(Illuminate\\Http\\Request), Object(Closure))
#14 C:\\Users\\xxxxx\\Documents\\sso-kilau\\kilauCms\\vendor\\laravel\\framework\\src\\Illuminate\\Pipeline\\Pipeline.php(119): Illuminate\\Pipeline\\Pipeline->Illuminate\\Pipeline\\{closure}(Object(Illuminate\\Http\\Request))
#15 C:\\Users\\xxxxx\\Documents\\sso-kilau\\kilauCms\\vendor\\laravel\\framework\\src\\Illuminate\\Foundation\\Http\\Kernel.php(175): Illuminate\\Pipeline\\Pipeline->then(Object(Closure))
#16 C:\\Users\\xxxxx\\Documents\\sso-kilau\\kilauCms\\vendor\\laravel\\framework\\src\\Illuminate\\Foundation\\Http\\Kernel.php(144): Illuminate\\Foundation\\Http\\Kernel->sendRequestThroughRouter(Object(Illuminate\\Http\\Request))
#17 C:\\Users\\xxxxx\\Documents\\sso-kilau\\kilauCms\\vendor\\laravel\\framework\\src\\Illuminate\\Foundation\\Testing\\Concerns\\MakesHttpRequests.php(585): Illuminate\\Foundation\\Http\\Kernel->handle(Object(Illuminate\\Http\\Request))
#18 C:\\Users\\xxxxx\\Documents\\sso-kilau\\kilauCms\\vendor\\laravel\\framework\\src\\Illuminate\\Foundation\\Testing\\Concerns\\MakesHttpRequests.php(346): Illuminate\\Foundation\\Testing\\TestCase->call('GET', '/', Array, Array, Array, Array)
#19 C:\\Users\\xxxxx\\Documents\\sso-kilau\\kilauCms\\tests\\Feature\\ExampleTest.php(15): Illuminate\\Foundation\\Testing\\TestCase->get('/')
#20 C:\\Users\\xxxxx\\Documents\\sso-kilau\\kilauCms\\vendor\\phpunit\\phpunit\\src\\Framework\\TestCase.php(1189): Tests\\Feature\\ExampleTest->test_the_application_returns_a_successful_response()
#21 C:\\Users\\xxxxx\\Documents\\sso-kilau\\kilauCms\\vendor\\laravel\\framework\\src\\Illuminate\\Foundation\\Testing\\TestCase.php(61): PHPUnit\\Framework\\TestCase->runTest()
#22 C:\\Users\\xxxxx\\Documents\\sso-kilau\\kilauCms\\vendor\\phpunit\\phpunit\\src\\Framework\\TestCase.php(686): Illuminate\\Foundation\\Testing\\TestCase->runTest()
#23 C:\\Users\\xxxxx\\Documents\\sso-kilau\\kilauCms\\vendor\\phpunit\\phpunit\\src\\Framework\\TestRunner.php(105): PHPUnit\\Framework\\TestCase->runBare()
#24 C:\\Users\\xxxxx\\Documents\\sso-kilau\\kilauCms\\vendor\\phpunit\\phpunit\\src\\Framework\\TestCase.php(516): PHPUnit\\Framework\\TestRunner->run(Object(Tests\\Feature\\ExampleTest))
#25 C:\\Users\\xxxxx\\Documents\\sso-kilau\\kilauCms\\vendor\\phpunit\\phpunit\\src\\Framework\\TestSuite.php(374): PHPUnit\\Framework\\TestCase->run()
#26 C:\\Users\\xxxxx\\Documents\\sso-kilau\\kilauCms\\vendor\\phpunit\\phpunit\\src\\Framework\\TestSuite.php(374): PHPUnit\\Framework\\TestSuite->run()
#27 C:\\Users\\xxxxx\\Documents\\sso-kilau\\kilauCms\\vendor\\phpunit\\phpunit\\src\\Framework\\TestSuite.php(374): PHPUnit\\Framework\\TestSuite->run()
#28 C:\\Users\\xxxxx\\Documents\\sso-kilau\\kilauCms\\vendor\\phpunit\\phpunit\\src\\TextUI\\TestRunner.php(64): PHPUnit\\Framework\\TestSuite->run()
#29 C:\\Users\\xxxxx\\Documents\\sso-kilau\\kilauCms\\vendor\\phpunit\\phpunit\\src\\TextUI\\Application.php(203): PHPUnit\\TextUI\\TestRunner->run(Object(PHPUnit\\TextUI\\Configuration\\Configuration), Object(PHPUnit\\Runner\\ResultCache\\DefaultResultCache), Object(PHPUnit\\Framework\\TestSuite))
#30 C:\\Users\\xxxxx\\Documents\\sso-kilau\\kilauCms\\vendor\\phpunit\\phpunit\\phpunit(104): PHPUnit\\TextUI\\Application->run(Array)
#31 {main}
"} 
[2026-07-18 11:54:15] local.ERROR: The "--columns" option does not exist. {"exception":"[object] (Symfony\\Component\\Console\\Exception\\RuntimeException(code: 0): The \"--columns\" option does not exist. at C:\\Users\\xxxxx\\Documents\\sso-kilau\\kilauCms\\vendor\\symfony\\console\\Input\\ArgvInput.php:223)
[stacktrace]
#0 C:\\Users\\xxxxx\\Documents\\sso-kilau\\kilauCms\\vendor\\symfony\\console\\Input\\ArgvInput.php(150): Symfony\\Component\\Console\\Input\\ArgvInput->addLongOption('columns', 'Method,URI,Name...')
#1 C:\\Users\\xxxxx\\Documents\\sso-kilau\\kilauCms\\vendor\\symfony\\console\\Input\\ArgvInput.php(85): Symfony\\Component\\Console\\Input\\ArgvInput->parseLongOption('--columns=Metho...')
#2 C:\\Users\\xxxxx\\Documents\\sso-kilau\\kilauCms\\vendor\\symfony\\console\\Input\\ArgvInput.php(74): Symfony\\Component\\Console\\Input\\ArgvInput->parseToken('--columns=Metho...', true)
#3 C:\\Users\\xxxxx\\Documents\\sso-kilau\\kilauCms\\vendor\\symfony\\console\\Input\\Input.php(56): Symfony\\Component\\Console\\Input\\ArgvInput->parse()
#4 C:\\Users\\xxxxx\\Documents\\sso-kilau\\kilauCms\\vendor\\symfony\\console\\Command\\Command.php(285): Symfony\\Component\\Console\\Input\\Input->bind(Object(Symfony\\Component\\Console\\Input\\InputDefinition))
#5 C:\\Users\\xxxxx\\Documents\\sso-kilau\\kilauCms\\vendor\\laravel\\framework\\src\\Illuminate\\Console\\Command.php(180): Symfony\\Component\\Console\\Command\\Command->run(Object(Symfony\\Component\\Console\\Input\\ArgvInput), Object(Illuminate\\Console\\OutputStyle))
#6 C:\\Users\\xxxxx\\Documents\\sso-kilau\\kilauCms\\vendor\\symfony\\console\\Application.php(1096): Illuminate\\Console\\Command->run(Object(Symfony\\Component\\Console\\Input\\ArgvInput), Object(Symfony\\Component\\Console\\Output\\ConsoleOutput))
#7 C:\\Users\\xxxxx\\Documents\\sso-kilau\\kilauCms\\vendor\\symfony\\console\\Application.php(324): Symfony\\Component\\Console\\Application->doRunCommand(Object(Illuminate\\Foundation\\Console\\RouteListCommand), Object(Symfony\\Component\\Console\\Input\\ArgvInput), Object(Symfony\\Component\\Console\\Output\\ConsoleOutput))
#8 C:\\Users\\xxxxx\\Documents\\sso-kilau\\kilauCms\\vendor\\symfony\\console\\Application.php(175): Symfony\\Component\\Console\\Application->doRun(Object(Symfony\\Component\\Console\\Input\\ArgvInput), Object(Symfony\\Component\\Console\\Output\\ConsoleOutput))
#9 C:\\Users\\xxxxx\\Documents\\sso-kilau\\kilauCms\\vendor\\laravel\\framework\\src\\Illuminate\\Foundation\\Console\\Kernel.php(201): Symfony\\Component\\Console\\Application->run(Object(Symfony\\Component\\Console\\Input\\ArgvInput), Object(Symfony\\Component\\Console\\Output\\ConsoleOutput))
#10 C:\\Users\\xxxxx\\Documents\\sso-kilau\\kilauCms\\artisan(35): Illuminate\\Foundation\\Console\\Kernel->handle(Object(Symfony\\Component\\Console\\Input\\ArgvInput), Object(Symfony\\Component\\Console\\Output\\ConsoleOutput))
#11 {main}
"} 
[2026-07-18 11:54:16] local.ERROR: The "--columns" option does not exist. {"exception":"[object] (Symfony\\Component\\Console\\Exception\\RuntimeException(code: 0): The \"--columns\" option does not exist. at C:\\Users\\xxxxx\\Documents\\sso-kilau\\kilauCms\\vendor\\symfony\\console\\Input\\ArgvInput.php:223)
[stacktrace]
#0 C:\\Users\\xxxxx\\Documents\\sso-kilau\\kilauCms\\vendor\\symfony\\console\\Input\\ArgvInput.php(150): Symfony\\Component\\Console\\Input\\ArgvInput->addLongOption('columns', 'Method,URI,Name...')
#1 C:\\Users\\xxxxx\\Documents\\sso-kilau\\kilauCms\\vendor\\symfony\\console\\Input\\ArgvInput.php(85): Symfony\\Component\\Console\\Input\\ArgvInput->parseLongOption('--columns=Metho...')
#2 C:\\Users\\xxxxx\\Documents\\sso-kilau\\kilauCms\\vendor\\symfony\\console\\Input\\ArgvInput.php(74): Symfony\\Component\\Console\\Input\\ArgvInput->parseToken('--columns=Metho...', true)
#3 C:\\Users\\xxxxx\\Documents\\sso-kilau\\kilauCms\\vendor\\symfony\\console\\Input\\Input.php(56): Symfony\\Component\\Console\\Input\\ArgvInput->parse()
#4 C:\\Users\\xxxxx\\Documents\\sso-kilau\\kilauCms\\vendor\\symfony\\console\\Command\\Command.php(285): Symfony\\Component\\Console\\Input\\Input->bind(Object(Symfony\\Component\\Console\\Input\\InputDefinition))
#5 C:\\Users\\xxxxx\\Documents\\sso-kilau\\kilauCms\\vendor\\laravel\\framework\\src\\Illuminate\\Console\\Command.php(180): Symfony\\Component\\Console\\Command\\Command->run(Object(Symfony\\Component\\Console\\Input\\ArgvInput), Object(Illuminate\\Console\\OutputStyle))
#6 C:\\Users\\xxxxx\\Documents\\sso-kilau\\kilauCms\\vendor\\symfony\\console\\Application.php(1096): Illuminate\\Console\\Command->run(Object(Symfony\\Component\\Console\\Input\\ArgvInput), Object(Symfony\\Component\\Console\\Output\\ConsoleOutput))
#7 C:\\Users\\xxxxx\\Documents\\sso-kilau\\kilauCms\\vendor\\symfony\\console\\Application.php(324): Symfony\\Component\\Console\\Application->doRunCommand(Object(Illuminate\\Foundation\\Console\\RouteListCommand), Object(Symfony\\Component\\Console\\Input\\ArgvInput), Object(Symfony\\Component\\Console\\Output\\ConsoleOutput))
#8 C:\\Users\\xxxxx\\Documents\\sso-kilau\\kilauCms\\vendor\\symfony\\console\\Application.php(175): Symfony\\Component\\Console\\Application->doRun(Object(Symfony\\Component\\Console\\Input\\ArgvInput), Object(Symfony\\Component\\Console\\Output\\ConsoleOutput))
#9 C:\\Users\\xxxxx\\Documents\\sso-kilau\\kilauCms\\vendor\\laravel\\framework\\src\\Illuminate\\Foundation\\Console\\Kernel.php(201): Symfony\\Component\\Console\\Application->run(Object(Symfony\\Component\\Console\\Input\\ArgvInput), Object(Symfony\\Component\\Console\\Output\\ConsoleOutput))
#10 C:\\Users\\xxxxx\\Documents\\sso-kilau\\kilauCms\\artisan(35): Illuminate\\Foundation\\Console\\Kernel->handle(Object(Symfony\\Component\\Console\\Input\\ArgvInput), Object(Symfony\\Component\\Console\\Output\\ConsoleOutput))
#11 {main}
"} 
[2026-07-18 11:55:09] local.ERROR: The "-e" option does not exist. {"exception":"[object] (Symfony\\Component\\Console\\Exception\\RuntimeException(code: 0): The \"-e\" option does not exist. at C:\\Users\\xxxxx\\Documents\\sso-kilau\\kilauCms\\vendor\\symfony\\console\\Input\\ArgvInput.php:125)
[stacktrace]
#0 C:\\Users\\xxxxx\\Documents\\sso-kilau\\kilauCms\\vendor\\symfony\\console\\Input\\ArgvInput.php(107): Symfony\\Component\\Console\\Input\\ArgvInput->parseShortOptionSet('encodedCommand')
#1 C:\\Users\\xxxxx\\Documents\\sso-kilau\\kilauCms\\vendor\\symfony\\console\\Input\\ArgvInput.php(87): Symfony\\Component\\Console\\Input\\ArgvInput->parseShortOption('-encodedCommand')
#2 C:\\Users\\xxxxx\\Documents\\sso-kilau\\kilauCms\\vendor\\symfony\\console\\Input\\ArgvInput.php(74): Symfony\\Component\\Console\\Input\\ArgvInput->parseToken('-encodedCommand', true)
#3 C:\\Users\\xxxxx\\Documents\\sso-kilau\\kilauCms\\vendor\\symfony\\console\\Input\\Input.php(56): Symfony\\Component\\Console\\Input\\ArgvInput->parse()
#4 C:\\Users\\xxxxx\\Documents\\sso-kilau\\kilauCms\\vendor\\symfony\\console\\Command\\Command.php(285): Symfony\\Component\\Console\\Input\\Input->bind(Object(Symfony\\Component\\Console\\Input\\InputDefinition))
#5 C:\\Users\\xxxxx\\Documents\\sso-kilau\\kilauCms\\vendor\\laravel\\framework\\src\\Illuminate\\Console\\Command.php(180): Symfony\\Component\\Console\\Command\\Command->run(Object(Symfony\\Component\\Console\\Input\\ArgvInput), Object(Illuminate\\Console\\OutputStyle))
#6 C:\\Users\\xxxxx\\Documents\\sso-kilau\\kilauCms\\vendor\\symfony\\console\\Application.php(1096): Illuminate\\Console\\Command->run(Object(Symfony\\Component\\Console\\Input\\ArgvInput), Object(Symfony\\Component\\Console\\Output\\ConsoleOutput))
#7 C:\\Users\\xxxxx\\Documents\\sso-kilau\\kilauCms\\vendor\\symfony\\console\\Application.php(324): Symfony\\Component\\Console\\Application->doRunCommand(Object(Illuminate\\Foundation\\Console\\RouteListCommand), Object(Symfony\\Component\\Console\\Input\\ArgvInput), Object(Symfony\\Component\\Console\\Output\\ConsoleOutput))
#8 C:\\Users\\xxxxx\\Documents\\sso-kilau\\kilauCms\\vendor\\symfony\\console\\Application.php(175): Symfony\\Component\\Console\\Application->doRun(Object(Symfony\\Component\\Console\\Input\\ArgvInput), Object(Symfony\\Component\\Console\\Output\\ConsoleOutput))
#9 C:\\Users\\xxxxx\\Documents\\sso-kilau\\kilauCms\\vendor\\laravel\\framework\\src\\Illuminate\\Foundation\\Console\\Kernel.php(201): Symfony\\Component\\Console\\Application->run(Object(Symfony\\Component\\Console\\Input\\ArgvInput), Object(Symfony\\Component\\Console\\Output\\ConsoleOutput))
#10 C:\\Users\\xxxxx\\Documents\\sso-kilau\\kilauCms\\artisan(35): Illuminate\\Foundation\\Console\\Kernel->handle(Object(Symfony\\Component\\Console\\Input\\ArgvInput), Object(Symfony\\Component\\Console\\Output\\ConsoleOutput))
#11 {main}
"} 
[2026-07-19 03:48:31] local.ERROR: PHP Parse error: Syntax error, unexpected '=' on line 1 {"exception":"[object] (Psy\\Exception\\ParseErrorException(code: 0): PHP Parse error: Syntax error, unexpected '=' on line 1 at C:\\Users\\xxxxx\\Documents\\sso-kilau\\kilauCms\\vendor\\psy\\psysh\\src\\Exception\\ParseErrorException.php:44)
[stacktrace]
#0 C:\\Users\\xxxxx\\Documents\\sso-kilau\\kilauCms\\vendor\\psy\\psysh\\src\\CodeCleaner.php(306): Psy\\Exception\\ParseErrorException::fromParseError(Object(PhpParser\\Error))
#1 C:\\Users\\xxxxx\\Documents\\sso-kilau\\kilauCms\\vendor\\psy\\psysh\\src\\CodeCleaner.php(240): Psy\\CodeCleaner->parse('<?php =DB::tabl...', false)
#2 C:\\Users\\xxxxx\\Documents\\sso-kilau\\kilauCms\\vendor\\psy\\psysh\\src\\Shell.php(852): Psy\\CodeCleaner->clean(Array, false)
#3 C:\\Users\\xxxxx\\Documents\\sso-kilau\\kilauCms\\vendor\\psy\\psysh\\src\\Shell.php(881): Psy\\Shell->addCode('=DB::table('don...', true)
#4 C:\\Users\\xxxxx\\Documents\\sso-kilau\\kilauCms\\vendor\\psy\\psysh\\src\\Shell.php(1390): Psy\\Shell->setCode('=DB::table('don...', true)
#5 C:\\Users\\xxxxx\\Documents\\sso-kilau\\kilauCms\\vendor\\laravel\\tinker\\src\\Console\\TinkerCommand.php(76): Psy\\Shell->execute('=DB::table('don...')
#6 C:\\Users\\xxxxx\\Documents\\sso-kilau\\kilauCms\\vendor\\laravel\\framework\\src\\Illuminate\\Container\\BoundMethod.php(36): Laravel\\Tinker\\Console\\TinkerCommand->handle()
#7 C:\\Users\\xxxxx\\Documents\\sso-kilau\\kilauCms\\vendor\\laravel\\framework\\src\\Illuminate\\Container\\Util.php(41): Illuminate\\Container\\BoundMethod::Illuminate\\Container\\{closure}()
#8 C:\\Users\\xxxxx\\Documents\\sso-kilau\\kilauCms\\vendor\\laravel\\framework\\src\\Illuminate\\Container\\BoundMethod.php(93): Illuminate\\Container\\Util::unwrapIfClosure(Object(Closure))
#9 C:\\Users\\xxxxx\\Documents\\sso-kilau\\kilauCms\\vendor\\laravel\\framework\\src\\Illuminate\\Container\\BoundMethod.php(35): Illuminate\\Container\\BoundMethod::callBoundMethod(Object(Illuminate\\Foundation\\Application), Array, Object(Closure))
#10 C:\\Users\\xxxxx\\Documents\\sso-kilau\\kilauCms\\vendor\\laravel\\framework\\src\\Illuminate\\Container\\Container.php(662): Illuminate\\Container\\BoundMethod::call(Object(Illuminate\\Foundation\\Application), Array, Array, NULL)
#11 C:\\Users\\xxxxx\\Documents\\sso-kilau\\kilauCms\\vendor\\laravel\\framework\\src\\Illuminate\\Console\\Command.php(211): Illuminate\\Container\\Container->call(Array)
#12 C:\\Users\\xxxxx\\Documents\\sso-kilau\\kilauCms\\vendor\\symfony\\console\\Command\\Command.php(326): Illuminate\\Console\\Command->execute(Object(Symfony\\Component\\Console\\Input\\ArgvInput), Object(Illuminate\\Console\\OutputStyle))
#13 C:\\Users\\xxxxx\\Documents\\sso-kilau\\kilauCms\\vendor\\laravel\\framework\\src\\Illuminate\\Console\\Command.php(180): Symfony\\Component\\Console\\Command\\Command->run(Object(Symfony\\Component\\Console\\Input\\ArgvInput), Object(Illuminate\\Console\\OutputStyle))
#14 C:\\Users\\xxxxx\\Documents\\sso-kilau\\kilauCms\\vendor\\symfony\\console\\Application.php(1096): Illuminate\\Console\\Command->run(Object(Symfony\\Component\\Console\\Input\\ArgvInput), Object(Symfony\\Component\\Console\\Output\\ConsoleOutput))
#15 C:\\Users\\xxxxx\\Documents\\sso-kilau\\kilauCms\\vendor\\symfony\\console\\Application.php(324): Symfony\\Component\\Console\\Application->doRunCommand(Object(Laravel\\Tinker\\Console\\TinkerCommand), Object(Symfony\\Component\\Console\\Input\\ArgvInput), Object(Symfony\\Component\\Console\\Output\\ConsoleOutput))
#16 C:\\Users\\xxxxx\\Documents\\sso-kilau\\kilauCms\\vendor\\symfony\\console\\Application.php(175): Symfony\\Component\\Console\\Application->doRun(Object(Symfony\\Component\\Console\\Input\\ArgvInput), Object(Symfony\\Component\\Console\\Output\\ConsoleOutput))
#17 C:\\Users\\xxxxx\\Documents\\sso-kilau\\kilauCms\\vendor\\laravel\\framework\\src\\Illuminate\\Foundation\\Console\\Kernel.php(201): Symfony\\Component\\Console\\Application->run(Object(Symfony\\Component\\Console\\Input\\ArgvInput), Object(Symfony\\Component\\Console\\Output\\ConsoleOutput))
#18 C:\\Users\\xxxxx\\Documents\\sso-kilau\\kilauCms\\artisan(35): Illuminate\\Foundation\\Console\\Kernel->handle(Object(Symfony\\Component\\Console\\Input\\ArgvInput), Object(Symfony\\Component\\Console\\Output\\ConsoleOutput))
#19 {main}
"} 
[2026-07-20 07:46:57] local.ERROR: The "--columns" option does not exist. {"exception":"[object] (Symfony\\Component\\Console\\Exception\\RuntimeException(code: 0): The \"--columns\" option does not exist. at C:\\Users\\xxxxx\\Documents\\sso-kilau\\kilauCms\\vendor\\symfony\\console\\Input\\ArgvInput.php:223)
[stacktrace]
#0 C:\\Users\\xxxxx\\Documents\\sso-kilau\\kilauCms\\vendor\\symfony\\console\\Input\\ArgvInput.php(150): Symfony\\Component\\Console\\Input\\ArgvInput->addLongOption('columns', 'Method,URI,Name...')
#1 C:\\Users\\xxxxx\\Documents\\sso-kilau\\kilauCms\\vendor\\symfony\\console\\Input\\ArgvInput.php(85): Symfony\\Component\\Console\\Input\\ArgvInput->parseLongOption('--columns=Metho...')
#2 C:\\Users\\xxxxx\\Documents\\sso-kilau\\kilauCms\\vendor\\symfony\\console\\Input\\ArgvInput.php(74): Symfony\\Component\\Console\\Input\\ArgvInput->parseToken('--columns=Metho...', true)
#3 C:\\Users\\xxxxx\\Documents\\sso-kilau\\kilauCms\\vendor\\symfony\\console\\Input\\Input.php(56): Symfony\\Component\\Console\\Input\\ArgvInput->parse()
#4 C:\\Users\\xxxxx\\Documents\\sso-kilau\\kilauCms\\vendor\\symfony\\console\\Command\\Command.php(285): Symfony\\Component\\Console\\Input\\Input->bind(Object(Symfony\\Component\\Console\\Input\\InputDefinition))
#5 C:\\Users\\xxxxx\\Documents\\sso-kilau\\kilauCms\\vendor\\laravel\\framework\\src\\Illuminate\\Console\\Command.php(180): Symfony\\Component\\Console\\Command\\Command->run(Object(Symfony\\Component\\Console\\Input\\ArgvInput), Object(Illuminate\\Console\\OutputStyle))
#6 C:\\Users\\xxxxx\\Documents\\sso-kilau\\kilauCms\\vendor\\symfony\\console\\Application.php(1096): Illuminate\\Console\\Command->run(Object(Symfony\\Component\\Console\\Input\\ArgvInput), Object(Symfony\\Component\\Console\\Output\\ConsoleOutput))
#7 C:\\Users\\xxxxx\\Documents\\sso-kilau\\kilauCms\\vendor\\symfony\\console\\Application.php(324): Symfony\\Component\\Console\\Application->doRunCommand(Object(Illuminate\\Foundation\\Console\\RouteListCommand), Object(Symfony\\Component\\Console\\Input\\ArgvInput), Object(Symfony\\Component\\Console\\Output\\ConsoleOutput))
#8 C:\\Users\\xxxxx\\Documents\\sso-kilau\\kilauCms\\vendor\\symfony\\console\\Application.php(175): Symfony\\Component\\Console\\Application->doRun(Object(Symfony\\Component\\Console\\Input\\ArgvInput), Object(Symfony\\Component\\Console\\Output\\ConsoleOutput))
#9 C:\\Users\\xxxxx\\Documents\\sso-kilau\\kilauCms\\vendor\\laravel\\framework\\src\\Illuminate\\Foundation\\Console\\Kernel.php(201): Symfony\\Component\\Console\\Application->run(Object(Symfony\\Component\\Console\\Input\\ArgvInput), Object(Symfony\\Component\\Console\\Output\\ConsoleOutput))
#10 C:\\Users\\xxxxx\\Documents\\sso-kilau\\kilauCms\\artisan(35): Illuminate\\Foundation\\Console\\Kernel->handle(Object(Symfony\\Component\\Console\\Input\\ArgvInput), Object(Symfony\\Component\\Console\\Output\\ConsoleOutput))
#11 {main}
"} 
[2026-07-20 08:01:12] local.ERROR: Error fetching berita: cURL error 28: SSL connection timeout (see https://curl.haxx.se/libcurl/c/libcurl-errors.html) for https://berbagipendidikan.org/api/berita  
[2026-07-20 08:15:45] local.ERROR: Command "config:clear`" is not defined.

Did you mean one of these?
    cache:clear
    config:cache
    config:clear
    config:show
    event:clear
    optimize:clear
    queue:clear
    route:clear
    view:clear {"exception":"[object] (Symfony\\Component\\Console\\Exception\\CommandNotFoundException(code: 0): Command \"config:clear`\" is not defined.

Did you mean one of these?
    cache:clear
    config:cache
    config:clear
    config:show
    event:clear
    optimize:clear
    queue:clear
    route:clear
    view:clear at C:\\Users\\xxxxx\\Documents\\sso-kilau\\kilauCms\\vendor\\symfony\\console\\Application.php:737)
[stacktrace]
#0 C:\\Users\\xxxxx\\Documents\\sso-kilau\\kilauCms\\vendor\\symfony\\console\\Application.php(266): Symfony\\Component\\Console\\Application->find('config:clear`')
#1 C:\\Users\\xxxxx\\Documents\\sso-kilau\\kilauCms\\vendor\\symfony\\console\\Application.php(175): Symfony\\Component\\Console\\Application->doRun(Object(Symfony\\Component\\Console\\Input\\ArgvInput), Object(Symfony\\Component\\Console\\Output\\ConsoleOutput))
#2 C:\\Users\\xxxxx\\Documents\\sso-kilau\\kilauCms\\vendor\\laravel\\framework\\src\\Illuminate\\Foundation\\Console\\Kernel.php(201): Symfony\\Component\\Console\\Application->run(Object(Symfony\\Component\\Console\\Input\\ArgvInput), Object(Symfony\\Component\\Console\\Output\\ConsoleOutput))
#3 C:\\Users\\xxxxx\\Documents\\sso-kilau\\kilauCms\\artisan(35): Illuminate\\Foundation\\Console\\Kernel->handle(Object(Symfony\\Component\\Console\\Input\\ArgvInput), Object(Symfony\\Component\\Console\\Output\\ConsoleOutput))
#4 {main}
"} 
[2026-07-20 09:01:56] local.INFO: Outbox integrasi berhasil dikirim. {"outbox_id":"b484d6fc-7a7a-4070-a275-83ebbbc58378","event_type":"donation.paid","attempt":1,"http_status":201} 
[2026-07-21 03:59:52] local.WARNING: Pengiriman outbox integrasi gagal. {"outbox_id":"35954f7e-7f7d-4cf4-ba4c-a003639c5c3f","event_type":"donation.paid","attempt":1,"error_code":"UPSTREAM_ERROR","http_status":503,"dead_letter":false} 
[2026-07-21 04:00:54] local.WARNING: Pengiriman outbox integrasi gagal. {"outbox_id":"35954f7e-7f7d-4cf4-ba4c-a003639c5c3f","event_type":"donation.paid","attempt":2,"error_code":"UPSTREAM_ERROR","http_status":503,"dead_letter":false} 
[2026-07-21 04:05:56] local.WARNING: Pengiriman outbox integrasi gagal. {"outbox_id":"35954f7e-7f7d-4cf4-ba4c-a003639c5c3f","event_type":"donation.paid","attempt":3,"error_code":"UPSTREAM_ERROR","http_status":503,"dead_letter":false} 
[2026-07-21 04:16:01] local.INFO: Outbox integrasi berhasil dikirim. {"outbox_id":"35954f7e-7f7d-4cf4-ba4c-a003639c5c3f","event_type":"donation.paid","attempt":1,"http_status":201} 
[2026-07-21 06:42:21] testing.ERROR: SQLSTATE[HY000]: General error: 1 no such table: jobs (Connection: sqlite, SQL: insert into "jobs" ("queue", "attempts", "reserved_at", "available_at", "created_at", "payload") values (integrations, 0, ?, 1784616141, 1784616141, {"uuid":"284f8dd7-a2a1-44d3-abab-fcd8aeb91740","displayName":"App\\Jobs\\DeliverIntegrationOutboxMessage","job":"Illuminate\\Queue\\CallQueuedHandler@call","maxTries":1,"maxExceptions":null,"failOnTimeout":false,"backoff":null,"timeout":30,"retryUntil":null,"data":{"commandName":"App\\Jobs\\DeliverIntegrationOutboxMessage","command":"O:40:\"App\\Jobs\\DeliverIntegrationOutboxMessage\":3:{s:8:\"outboxId\";s:36:\"946fb91e-130e-4b34-8f4c-5170d9079528\";s:10:\"connection\";s:8:\"database\";s:5:\"queue\";s:12:\"integrations\";}"}})) {"exception":"[object] (Illuminate\\Database\\QueryException(code: HY000): SQLSTATE[HY000]: General error: 1 no such table: jobs (Connection: sqlite, SQL: insert into \"jobs\" (\"queue\", \"attempts\", \"reserved_at\", \"available_at\", \"created_at\", \"payload\") values (integrations, 0, ?, 1784616141, 1784616141, {\"uuid\":\"284f8dd7-a2a1-44d3-abab-fcd8aeb91740\",\"displayName\":\"App\\\\Jobs\\\\DeliverIntegrationOutboxMessage\",\"job\":\"Illuminate\\\\Queue\\\\CallQueuedHandler@call\",\"maxTries\":1,\"maxExceptions\":null,\"failOnTimeout\":false,\"backoff\":null,\"timeout\":30,\"retryUntil\":null,\"data\":{\"commandName\":\"App\\\\Jobs\\\\DeliverIntegrationOutboxMessage\",\"command\":\"O:40:\\\"App\\\\Jobs\\\\DeliverIntegrationOutboxMessage\\\":3:{s:8:\\\"outboxId\\\";s:36:\\\"946fb91e-130e-4b34-8f4c-5170d9079528\\\";s:10:\\\"connection\\\";s:8:\\\"database\\\";s:5:\\\"queue\\\";s:12:\\\"integrations\\\";}\"}})) at C:\\Users\\xxxxx\\Documents\\sso-kilau\\kilauCms\\vendor\\laravel\\framework\\src\\Illuminate\\Database\\Connection.php:829)
[stacktrace]
#0 C:\\Users\\xxxxx\\Documents\\sso-kilau\\kilauCms\\vendor\\laravel\\framework\\src\\Illuminate\\Database\\Connection.php(783): Illuminate\\Database\\Connection->runQueryCallback('insert into \"jo...', Array, Object(Closure))
#1 C:\\Users\\xxxxx\\Documents\\sso-kilau\\kilauCms\\vendor\\laravel\\framework\\src\\Illuminate\\Database\\Connection.php(576): Illuminate\\Database\\Connection->run('insert into \"jo...', Array, Object(Closure))
#2 C:\\Users\\xxxxx\\Documents\\sso-kilau\\kilauCms\\vendor\\laravel\\framework\\src\\Illuminate\\Database\\Connection.php(540): Illuminate\\Database\\Connection->statement('insert into \"jo...', Array)
#3 C:\\Users\\xxxxx\\Documents\\sso-kilau\\kilauCms\\vendor\\laravel\\framework\\src\\Illuminate\\Database\\Query\\Processors\\Processor.php(32): Illuminate\\Database\\Connection->insert('insert into \"jo...', Array)
#4 C:\\Users\\xxxxx\\Documents\\sso-kilau\\kilauCms\\vendor\\laravel\\framework\\src\\Illuminate\\Database\\Query\\Builder.php(3549): Illuminate\\Database\\Query\\Processors\\Processor->processInsertGetId(Object(Illuminate\\Database\\Query\\Builder), 'insert into \"jo...', Array, NULL)
#5 C:\\Users\\xxxxx\\Documents\\sso-kilau\\kilauCms\\vendor\\laravel\\framework\\src\\Illuminate\\Queue\\DatabaseQueue.php(185): Illuminate\\Database\\Query\\Builder->insertGetId(Array)
#6 C:\\Users\\xxxxx\\Documents\\sso-kilau\\kilauCms\\vendor\\laravel\\framework\\src\\Illuminate\\Queue\\DatabaseQueue.php(96): Illuminate\\Queue\\DatabaseQueue->pushToDatabase('integrations', '{\"uuid\":\"284f8d...')
#7 C:\\Users\\xxxxx\\Documents\\sso-kilau\\kilauCms\\vendor\\laravel\\framework\\src\\Illuminate\\Queue\\Queue.php(342): Illuminate\\Queue\\DatabaseQueue->Illuminate\\Queue\\{closure}('{\"uuid\":\"284f8d...', 'integrations', NULL)
#8 C:\\Users\\xxxxx\\Documents\\sso-kilau\\kilauCms\\vendor\\laravel\\framework\\src\\Illuminate\\Queue\\DatabaseQueue.php(90): Illuminate\\Queue\\Queue->enqueueUsing(Object(App\\Jobs\\DeliverIntegrationOutboxMessage), '{\"uuid\":\"284f8d...', 'integrations', NULL, Object(Closure))
#9 C:\\Users\\xxxxx\\Documents\\sso-kilau\\kilauCms\\vendor\\laravel\\framework\\src\\Illuminate\\Queue\\Queue.php(59): Illuminate\\Queue\\DatabaseQueue->push(Object(App\\Jobs\\DeliverIntegrationOutboxMessage), '', 'integrations')
#10 C:\\Users\\xxxxx\\Documents\\sso-kilau\\kilauCms\\vendor\\laravel\\framework\\src\\Illuminate\\Bus\\Dispatcher.php(247): Illuminate\\Queue\\Queue->pushOn('integrations', Object(App\\Jobs\\DeliverIntegrationOutboxMessage))
#11 C:\\Users\\xxxxx\\Documents\\sso-kilau\\kilauCms\\vendor\\laravel\\framework\\src\\Illuminate\\Bus\\Dispatcher.php(230): Illuminate\\Bus\\Dispatcher->pushCommandToQueue(Object(Illuminate\\Queue\\DatabaseQueue), Object(App\\Jobs\\DeliverIntegrationOutboxMessage))
#12 C:\\Users\\xxxxx\\Documents\\sso-kilau\\kilauCms\\vendor\\laravel\\framework\\src\\Illuminate\\Bus\\Dispatcher.php(77): Illuminate\\Bus\\Dispatcher->dispatchToQueue(Object(App\\Jobs\\DeliverIntegrationOutboxMessage))
#13 C:\\Users\\xxxxx\\Documents\\sso-kilau\\kilauCms\\vendor\\laravel\\framework\\src\\Illuminate\\Foundation\\Bus\\PendingDispatch.php(193): Illuminate\\Bus\\Dispatcher->dispatch(Object(App\\Jobs\\DeliverIntegrationOutboxMessage))
#14 C:\\Users\\xxxxx\\Documents\\sso-kilau\\kilauCms\\app\\Services\\IntegrationOutboxService.php(167): Illuminate\\Foundation\\Bus\\PendingDispatch->__destruct()
#15 C:\\Users\\xxxxx\\Documents\\sso-kilau\\kilauCms\\app\\Services\\IntegrationOutboxService.php(79): App\\Services\\IntegrationOutboxService->dispatch('946fb91e-130e-4...')
#16 C:\\Users\\xxxxx\\Documents\\sso-kilau\\kilauCms\\vendor\\laravel\\framework\\src\\Illuminate\\Database\\DatabaseTransactionRecord.php(69): App\\Services\\IntegrationOutboxService->App\\Services\\{closure}()
#17 C:\\Users\\xxxxx\\Documents\\sso-kilau\\kilauCms\\vendor\\laravel\\framework\\src\\Illuminate\\Collections\\HigherOrderCollectionProxy.php(60): Illuminate\\Database\\DatabaseTransactionRecord->executeCallbacks()
#18 [internal function]: Illuminate\\Support\\HigherOrderCollectionProxy->Illuminate\\Support\\{closure}(Object(Illuminate\\Database\\DatabaseTransactionRecord), 1)
#19 C:\\Users\\xxxxx\\Documents\\sso-kilau\\kilauCms\\vendor\\laravel\\framework\\src\\Illuminate\\Collections\\Arr.php(600): array_map(Object(Closure), Array, Array)
#20 C:\\Users\\xxxxx\\Documents\\sso-kilau\\kilauCms\\vendor\\laravel\\framework\\src\\Illuminate\\Collections\\Collection.php(778): Illuminate\\Support\\Arr::map(Array, Object(Closure))
#21 C:\\Users\\xxxxx\\Documents\\sso-kilau\\kilauCms\\vendor\\laravel\\framework\\src\\Illuminate\\Collections\\HigherOrderCollectionProxy.php(59): Illuminate\\Support\\Collection->map(Object(Closure))
#22 C:\\Users\\xxxxx\\Documents\\sso-kilau\\kilauCms\\vendor\\laravel\\framework\\src\\Illuminate\\Database\\DatabaseTransactionsManager.php(96): Illuminate\\Support\\HigherOrderCollectionProxy->__call('executeCallback...', Array)
#23 C:\\Users\\xxxxx\\Documents\\sso-kilau\\kilauCms\\vendor\\laravel\\framework\\src\\Illuminate\\Database\\Concerns\\ManagesTransactions.php(61): Illuminate\\Database\\DatabaseTransactionsManager->commit('sqlite', 1, 0)
#24 C:\\Users\\xxxxx\\Documents\\sso-kilau\\kilauCms\\vendor\\laravel\\framework\\src\\Illuminate\\Database\\DatabaseManager.php(509): Illuminate\\Database\\Connection->transaction(Object(Closure))
#25 C:\\Users\\xxxxx\\Documents\\sso-kilau\\kilauCms\\vendor\\laravel\\framework\\src\\Illuminate\\Support\\Facades\\Facade.php(355): Illuminate\\Database\\DatabaseManager->__call('transaction', Array)
#26 C:\\Users\\xxxxx\\Documents\\sso-kilau\\kilauCms\\app\\Services\\MidtransNotificationService.php(68): Illuminate\\Support\\Facades\\Facade::__callStatic('transaction', Array)
#27 C:\\Users\\xxxxx\\Documents\\sso-kilau\\kilauCms\\app\\Services\\MidtransNotificationService.php(35): App\\Services\\MidtransNotificationService->applyVerifiedStatus(Object(App\\Models\\DonasiKilau), Array)
#28 C:\\Users\\xxxxx\\Documents\\sso-kilau\\kilauCms\\app\\Http\\Controllers\\LandingPage\\HomeController.php(456): App\\Services\\MidtransNotificationService->process(Array)
#29 C:\\Users\\xxxxx\\Documents\\sso-kilau\\kilauCms\\vendor\\laravel\\framework\\src\\Illuminate\\Routing\\Controller.php(54): App\\Http\\Controllers\\LandingPage\\HomeController->handleMidtransCallback(Object(App\\Http\\Requests\\MidtransNotificationRequest), Object(App\\Services\\MidtransNotificationService))
#30 C:\\Users\\xxxxx\\Documents\\sso-kilau\\kilauCms\\vendor\\laravel\\framework\\src\\Illuminate\\Routing\\ControllerDispatcher.php(43): Illuminate\\Routing\\Controller->callAction('handleMidtransC...', Array)
#31 C:\\Users\\xxxxx\\Documents\\sso-kilau\\kilauCms\\vendor\\laravel\\framework\\src\\Illuminate\\Routing\\Route.php(259): Illuminate\\Routing\\ControllerDispatcher->dispatch(Object(Illuminate\\Routing\\Route), Object(App\\Http\\Controllers\\LandingPage\\HomeController), 'handleMidtransC...')
#32 C:\\Users\\xxxxx\\Documents\\sso-kilau\\kilauCms\\vendor\\laravel\\framework\\src\\Illuminate\\Routing\\Route.php(205): Illuminate\\Routing\\Route->runController()
#33 C:\\Users\\xxxxx\\Documents\\sso-kilau\\kilauCms\\vendor\\laravel\\framework\\src\\Illuminate\\Routing\\Router.php(806): Illuminate\\Routing\\Route->run()
#34 C:\\Users\\xxxxx\\Documents\\sso-kilau\\kilauCms\\vendor\\laravel\\framework\\src\\Illuminate\\Pipeline\\Pipeline.php(144): Illuminate\\Routing\\Router->Illuminate\\Routing\\{closure}(Object(Illuminate\\Http\\Request))
#35 C:\\Users\\xxxxx\\Documents\\sso-kilau\\kilauCms\\vendor\\laravel\\framework\\src\\Illuminate\\Routing\\Middleware\\SubstituteBindings.php(50): Illuminate\\Pipeline\\Pipeline->Illuminate\\Pipeline\\{closure}(Object(Illuminate\\Http\\Request))
#36 C:\\Users\\xxxxx\\Documents\\sso-kilau\\kilauCms\\vendor\\laravel\\framework\\src\\Illuminate\\Pipeline\\Pipeline.php(183): Illuminate\\Routing\\Middleware\\SubstituteBindings->handle(Object(Illuminate\\Http\\Request), Object(Closure))
#37 C:\\Users\\xxxxx\\Documents\\sso-kilau\\kilauCms\\vendor\\laravel\\framework\\src\\Illuminate\\Foundation\\Http\\Middleware\\VerifyCsrfToken.php(78): Illuminate\\Pipeline\\Pipeline->Illuminate\\Pipeline\\{closure}(Object(Illuminate\\Http\\Request))
#38 C:\\Users\\xxxxx\\Documents\\sso-kilau\\kilauCms\\vendor\\laravel\\framework\\src\\Illuminate\\Pipeline\\Pipeline.php(183): Illuminate\\Foundation\\Http\\Middleware\\VerifyCsrfToken->handle(Object(Illuminate\\Http\\Request), Object(Closure))
#39 C:\\Users\\xxxxx\\Documents\\sso-kilau\\kilauCms\\vendor\\laravel\\framework\\src\\Illuminate\\View\\Middleware\\ShareErrorsFromSession.php(49): Illuminate\\Pipeline\\Pipeline->Illuminate\\Pipeline\\{closure}(Object(Illuminate\\Http\\Request))
#40 C:\\Users\\xxxxx\\Documents\\sso-kilau\\kilauCms\\vendor\\laravel\\framework\\src\\Illuminate\\Pipeline\\Pipeline.php(183): Illuminate\\View\\Middleware\\ShareErrorsFromSession->handle(Object(Illuminate\\Http\\Request), Object(Closure))
#41 C:\\Users\\xxxxx\\Documents\\sso-kilau\\kilauCms\\vendor\\laravel\\framework\\src\\Illuminate\\Session\\Middleware\\StartSession.php(121): Illuminate\\Pipeline\\Pipeline->Illuminate\\Pipeline\\{closure}(Object(Illuminate\\Http\\Request))
#42 C:\\Users\\xxxxx\\Documents\\sso-kilau\\kilauCms\\vendor\\laravel\\framework\\src\\Illuminate\\Session\\Middleware\\StartSession.php(64): Illuminate\\Session\\Middleware\\StartSession->handleStatefulRequest(Object(Illuminate\\Http\\Request), Object(Illuminate\\Session\\Store), Object(Closure))
#43 C:\\Users\\xxxxx\\Documents\\sso-kilau\\kilauCms\\vendor\\laravel\\framework\\src\\Illuminate\\Pipeline\\Pipeline.php(183): Illuminate\\Session\\Middleware\\StartSession->handle(Object(Illuminate\\Http\\Request), Object(Closure))
#44 C:\\Users\\xxxxx\\Documents\\sso-kilau\\kilauCms\\vendor\\laravel\\framework\\src\\Illuminate\\Cookie\\Middleware\\AddQueuedCookiesToResponse.php(37): Illuminate\\Pipeline\\Pipeline->Illuminate\\Pipeline\\{closure}(Object(Illuminate\\Http\\Request))
#45 C:\\Users\\xxxxx\\Documents\\sso-kilau\\kilauCms\\vendor\\laravel\\framework\\src\\Illuminate\\Pipeline\\Pipeline.php(183): Illuminate\\Cookie\\Middleware\\AddQueuedCookiesToResponse->handle(Object(Illuminate\\Http\\Request), Object(Closure))
#46 C:\\Users\\xxxxx\\Documents\\sso-kilau\\kilauCms\\vendor\\laravel\\framework\\src\\Illuminate\\Cookie\\Middleware\\EncryptCookies.php(67): Illuminate\\Pipeline\\Pipeline->Illuminate\\Pipeline\\{closure}(Object(Illuminate\\Http\\Request))
#47 C:\\Users\\xxxxx\\Documents\\sso-kilau\\kilauCms\\vendor\\laravel\\framework\\src\\Illuminate\\Pipeline\\Pipeline.php(183): Illuminate\\Cookie\\Middleware\\EncryptCookies->handle(Object(Illuminate\\Http\\Request), Object(Closure))
#48 C:\\Users\\xxxxx\\Documents\\sso-kilau\\kilauCms\\vendor\\laravel\\framework\\src\\Illuminate\\Pipeline\\Pipeline.php(119): Illuminate\\Pipeline\\Pipeline->Illuminate\\Pipeline\\{closure}(Object(Illuminate\\Http\\Request))
#49 C:\\Users\\xxxxx\\Documents\\sso-kilau\\kilauCms\\vendor\\laravel\\framework\\src\\Illuminate\\Routing\\Router.php(805): Illuminate\\Pipeline\\Pipeline->then(Object(Closure))
#50 C:\\Users\\xxxxx\\Documents\\sso-kilau\\kilauCms\\vendor\\laravel\\framework\\src\\Illuminate\\Routing\\Router.php(784): Illuminate\\Routing\\Router->runRouteWithinStack(Object(Illuminate\\Routing\\Route), Object(Illuminate\\Http\\Request))
#51 C:\\Users\\xxxxx\\Documents\\sso-kilau\\kilauCms\\vendor\\laravel\\framework\\src\\Illuminate\\Routing\\Router.php(748): Illuminate\\Routing\\Router->runRoute(Object(Illuminate\\Http\\Request), Object(Illuminate\\Routing\\Route))
#52 C:\\Users\\xxxxx\\Documents\\sso-kilau\\kilauCms\\vendor\\laravel\\framework\\src\\Illuminate\\Routing\\Router.php(737): Illuminate\\Routing\\Router->dispatchToRoute(Object(Illuminate\\Http\\Request))
#53 C:\\Users\\xxxxx\\Documents\\sso-kilau\\kilauCms\\vendor\\laravel\\framework\\src\\Illuminate\\Foundation\\Http\\Kernel.php(200): Illuminate\\Routing\\Router->dispatch(Object(Illuminate\\Http\\Request))
#54 C:\\Users\\xxxxx\\Documents\\sso-kilau\\kilauCms\\vendor\\laravel\\framework\\src\\Illuminate\\Pipeline\\Pipeline.php(144): Illuminate\\Foundation\\Http\\Kernel->Illuminate\\Foundation\\Http\\{closure}(Object(Illuminate\\Http\\Request))
#55 C:\\Users\\xxxxx\\Documents\\sso-kilau\\kilauCms\\vendor\\laravel\\framework\\src\\Illuminate\\Foundation\\Http\\Middleware\\TransformsRequest.php(21): Illuminate\\Pipeline\\Pipeline->Illuminate\\Pipeline\\{closure}(Object(Illuminate\\Http\\Request))
#56 C:\\Users\\xxxxx\\Documents\\sso-kilau\\kilauCms\\vendor\\laravel\\framework\\src\\Illuminate\\Foundation\\Http\\Middleware\\ConvertEmptyStringsToNull.php(31): Illuminate\\Foundation\\Http\\Middleware\\TransformsRequest->handle(Object(Illuminate\\Http\\Request), Object(Closure))
#57 C:\\Users\\xxxxx\\Documents\\sso-kilau\\kilauCms\\vendor\\laravel\\framework\\src\\Illuminate\\Pipeline\\Pipeline.php(183): Illuminate\\Foundation\\Http\\Middleware\\ConvertEmptyStringsToNull->handle(Object(Illuminate\\Http\\Request), Object(Closure))
#58 C:\\Users\\xxxxx\\Documents\\sso-kilau\\kilauCms\\vendor\\laravel\\framework\\src\\Illuminate\\Foundation\\Http\\Middleware\\TransformsRequest.php(21): Illuminate\\Pipeline\\Pipeline->Illuminate\\Pipeline\\{closure}(Object(Illuminate\\Http\\Request))
#59 C:\\Users\\xxxxx\\Documents\\sso-kilau\\kilauCms\\vendor\\laravel\\framework\\src\\Illuminate\\Foundation\\Http\\Middleware\\TrimStrings.php(40): Illuminate\\Foundation\\Http\\Middleware\\TransformsRequest->handle(Object(Illuminate\\Http\\Request), Object(Closure))
#60 C:\\Users\\xxxxx\\Documents\\sso-kilau\\kilauCms\\vendor\\laravel\\framework\\src\\Illuminate\\Pipeline\\Pipeline.php(183): Illuminate\\Foundation\\Http\\Middleware\\TrimStrings->handle(Object(Illuminate\\Http\\Request), Object(Closure))
#61 C:\\Users\\xxxxx\\Documents\\sso-kilau\\kilauCms\\vendor\\laravel\\framework\\src\\Illuminate\\Foundation\\Http\\Middleware\\ValidatePostSize.php(27): Illuminate\\Pipeline\\Pipeline->Illuminate\\Pipeline\\{closure}(Object(Illuminate\\Http\\Request))
#62 C:\\Users\\xxxxx\\Documents\\sso-kilau\\kilauCms\\vendor\\laravel\\framework\\src\\Illuminate\\Pipeline\\Pipeline.php(183): Illuminate\\Foundation\\Http\\Middleware\\ValidatePostSize->handle(Object(Illuminate\\Http\\Request), Object(Closure))
#63 C:\\Users\\xxxxx\\Documents\\sso-kilau\\kilauCms\\vendor\\laravel\\framework\\src\\Illuminate\\Foundation\\Http\\Middleware\\PreventRequestsDuringMaintenance.php(99): Illuminate\\Pipeline\\Pipeline->Illuminate\\Pipeline\\{closure}(Object(Illuminate\\Http\\Request))
#64 C:\\Users\\xxxxx\\Documents\\sso-kilau\\kilauCms\\vendor\\laravel\\framework\\src\\Illuminate\\Pipeline\\Pipeline.php(183): Illuminate\\Foundation\\Http\\Middleware\\PreventRequestsDuringMaintenance->handle(Object(Illuminate\\Http\\Request), Object(Closure))
#65 C:\\Users\\xxxxx\\Documents\\sso-kilau\\kilauCms\\vendor\\laravel\\framework\\src\\Illuminate\\Http\\Middleware\\HandleCors.php(49): Illuminate\\Pipeline\\Pipeline->Illuminate\\Pipeline\\{closure}(Object(Illuminate\\Http\\Request))
#66 C:\\Users\\xxxxx\\Documents\\sso-kilau\\kilauCms\\vendor\\laravel\\framework\\src\\Illuminate\\Pipeline\\Pipeline.php(183): Illuminate\\Http\\Middleware\\HandleCors->handle(Object(Illuminate\\Http\\Request), Object(Closure))
#67 C:\\Users\\xxxxx\\Documents\\sso-kilau\\kilauCms\\vendor\\laravel\\framework\\src\\Illuminate\\Http\\Middleware\\TrustProxies.php(39): Illuminate\\Pipeline\\Pipeline->Illuminate\\Pipeline\\{closure}(Object(Illuminate\\Http\\Request))
#68 C:\\Users\\xxxxx\\Documents\\sso-kilau\\kilauCms\\vendor\\laravel\\framework\\src\\Illuminate\\Pipeline\\Pipeline.php(183): Illuminate\\Http\\Middleware\\TrustProxies->handle(Object(Illuminate\\Http\\Request), Object(Closure))
#69 C:\\Users\\xxxxx\\Documents\\sso-kilau\\kilauCms\\vendor\\laravel\\framework\\src\\Illuminate\\Pipeline\\Pipeline.php(119): Illuminate\\Pipeline\\Pipeline->Illuminate\\Pipeline\\{closure}(Object(Illuminate\\Http\\Request))
#70 C:\\Users\\xxxxx\\Documents\\sso-kilau\\kilauCms\\vendor\\laravel\\framework\\src\\Illuminate\\Foundation\\Http\\Kernel.php(175): Illuminate\\Pipeline\\Pipeline->then(Object(Closure))
#71 C:\\Users\\xxxxx\\Documents\\sso-kilau\\kilauCms\\vendor\\laravel\\framework\\src\\Illuminate\\Foundation\\Http\\Kernel.php(144): Illuminate\\Foundation\\Http\\Kernel->sendRequestThroughRouter(Object(Illuminate\\Http\\Request))
#72 C:\\Users\\xxxxx\\Documents\\sso-kilau\\kilauCms\\vendor\\laravel\\framework\\src\\Illuminate\\Foundation\\Testing\\Concerns\\MakesHttpRequests.php(585): Illuminate\\Foundation\\Http\\Kernel->handle(Object(Illuminate\\Http\\Request))
#73 C:\\Users\\xxxxx\\Documents\\sso-kilau\\kilauCms\\vendor\\laravel\\framework\\src\\Illuminate\\Foundation\\Testing\\Concerns\\MakesHttpRequests.php(551): Illuminate\\Foundation\\Testing\\TestCase->call('POST', '/midtrans-notif...', Array, Array, Array, Array, '{\"order_id\":\"do...')
#74 C:\\Users\\xxxxx\\Documents\\sso-kilau\\kilauCms\\vendor\\laravel\\framework\\src\\Illuminate\\Foundation\\Testing\\Concerns\\MakesHttpRequests.php(389): Illuminate\\Foundation\\Testing\\TestCase->json('POST', '/midtrans-notif...', Array, Array, 0)
#75 C:\\Users\\xxxxx\\Documents\\sso-kilau\\kilauCms\\tests\\Feature\\MidtransNotificationSecurityTest.php(186): Illuminate\\Foundation\\Testing\\TestCase->postJson('/midtrans-notif...', Array)
#76 C:\\Users\\xxxxx\\Documents\\sso-kilau\\kilauCms\\vendor\\phpunit\\phpunit\\src\\Framework\\TestCase.php(1189): Tests\\Feature\\MidtransNotificationSecurityTest->test_new_paid_transition_records_one_forward_outbox_with_latest_profile()
#77 C:\\Users\\xxxxx\\Documents\\sso-kilau\\kilauCms\\vendor\\laravel\\framework\\src\\Illuminate\\Foundation\\Testing\\TestCase.php(61): PHPUnit\\Framework\\TestCase->runTest()
#78 C:\\Users\\xxxxx\\Documents\\sso-kilau\\kilauCms\\vendor\\phpunit\\phpunit\\src\\Framework\\TestCase.php(686): Illuminate\\Foundation\\Testing\\TestCase->runTest()
#79 C:\\Users\\xxxxx\\Documents\\sso-kilau\\kilauCms\\vendor\\phpunit\\phpunit\\src\\Framework\\TestRunner.php(105): PHPUnit\\Framework\\TestCase->runBare()
#80 C:\\Users\\xxxxx\\Documents\\sso-kilau\\kilauCms\\vendor\\phpunit\\phpunit\\src\\Framework\\TestCase.php(516): PHPUnit\\Framework\\TestRunner->run(Object(Tests\\Feature\\MidtransNotificationSecurityTest))
#81 C:\\Users\\xxxxx\\Documents\\sso-kilau\\kilauCms\\vendor\\phpunit\\phpunit\\src\\Framework\\TestSuite.php(374): PHPUnit\\Framework\\TestCase->run()
#82 C:\\Users\\xxxxx\\Documents\\sso-kilau\\kilauCms\\vendor\\phpunit\\phpunit\\src\\Framework\\TestSuite.php(374): PHPUnit\\Framework\\TestSuite->run()
#83 C:\\Users\\xxxxx\\Documents\\sso-kilau\\kilauCms\\vendor\\phpunit\\phpunit\\src\\Framework\\TestSuite.php(374): PHPUnit\\Framework\\TestSuite->run()
#84 C:\\Users\\xxxxx\\Documents\\sso-kilau\\kilauCms\\vendor\\phpunit\\phpunit\\src\\TextUI\\TestRunner.php(64): PHPUnit\\Framework\\TestSuite->run()
#85 C:\\Users\\xxxxx\\Documents\\sso-kilau\\kilauCms\\vendor\\phpunit\\phpunit\\src\\TextUI\\Application.php(203): PHPUnit\\TextUI\\TestRunner->run(Object(PHPUnit\\TextUI\\Configuration\\Configuration), Object(PHPUnit\\Runner\\ResultCache\\DefaultResultCache), Object(PHPUnit\\Framework\\TestSuite))
#86 C:\\Users\\xxxxx\\Documents\\sso-kilau\\kilauCms\\vendor\\phpunit\\phpunit\\phpunit(104): PHPUnit\\TextUI\\Application->run(Array)
#87 {main}

[previous exception] [object] (PDOException(code: HY000): SQLSTATE[HY000]: General error: 1 no such table: jobs at C:\\Users\\xxxxx\\Documents\\sso-kilau\\kilauCms\\vendor\\laravel\\framework\\src\\Illuminate\\Database\\Connection.php:581)
[stacktrace]
#0 C:\\Users\\xxxxx\\Documents\\sso-kilau\\kilauCms\\vendor\\laravel\\framework\\src\\Illuminate\\Database\\Connection.php(581): PDO->prepare('insert into \"jo...')
#1 C:\\Users\\xxxxx\\Documents\\sso-kilau\\kilauCms\\vendor\\laravel\\framework\\src\\Illuminate\\Database\\Connection.php(816): Illuminate\\Database\\Connection->Illuminate\\Database\\{closure}('insert into \"jo...', Array)
#2 C:\\Users\\xxxxx\\Documents\\sso-kilau\\kilauCms\\vendor\\laravel\\framework\\src\\Illuminate\\Database\\Connection.php(783): Illuminate\\Database\\Connection->runQueryCallback('insert into \"jo...', Array, Object(Closure))
#3 C:\\Users\\xxxxx\\Documents\\sso-kilau\\kilauCms\\vendor\\laravel\\framework\\src\\Illuminate\\Database\\Connection.php(576): Illuminate\\Database\\Connection->run('insert into \"jo...', Array, Object(Closure))
#4 C:\\Users\\xxxxx\\Documents\\sso-kilau\\kilauCms\\vendor\\laravel\\framework\\src\\Illuminate\\Database\\Connection.php(540): Illuminate\\Database\\Connection->statement('insert into \"jo...', Array)
#5 C:\\Users\\xxxxx\\Documents\\sso-kilau\\kilauCms\\vendor\\laravel\\framework\\src\\Illuminate\\Database\\Query\\Processors\\Processor.php(32): Illuminate\\Database\\Connection->insert('insert into \"jo...', Array)
#6 C:\\Users\\xxxxx\\Documents\\sso-kilau\\kilauCms\\vendor\\laravel\\framework\\src\\Illuminate\\Database\\Query\\Builder.php(3549): Illuminate\\Database\\Query\\Processors\\Processor->processInsertGetId(Object(Illuminate\\Database\\Query\\Builder), 'insert into \"jo...', Array, NULL)
#7 C:\\Users\\xxxxx\\Documents\\sso-kilau\\kilauCms\\vendor\\laravel\\framework\\src\\Illuminate\\Queue\\DatabaseQueue.php(185): Illuminate\\Database\\Query\\Builder->insertGetId(Array)
#8 C:\\Users\\xxxxx\\Documents\\sso-kilau\\kilauCms\\vendor\\laravel\\framework\\src\\Illuminate\\Queue\\DatabaseQueue.php(96): Illuminate\\Queue\\DatabaseQueue->pushToDatabase('integrations', '{\"uuid\":\"284f8d...')
#9 C:\\Users\\xxxxx\\Documents\\sso-kilau\\kilauCms\\vendor\\laravel\\framework\\src\\Illuminate\\Queue\\Queue.php(342): Illuminate\\Queue\\DatabaseQueue->Illuminate\\Queue\\{closure}('{\"uuid\":\"284f8d...', 'integrations', NULL)
#10 C:\\Users\\xxxxx\\Documents\\sso-kilau\\kilauCms\\vendor\\laravel\\framework\\src\\Illuminate\\Queue\\DatabaseQueue.php(90): Illuminate\\Queue\\Queue->enqueueUsing(Object(App\\Jobs\\DeliverIntegrationOutboxMessage), '{\"uuid\":\"284f8d...', 'integrations', NULL, Object(Closure))
#11 C:\\Users\\xxxxx\\Documents\\sso-kilau\\kilauCms\\vendor\\laravel\\framework\\src\\Illuminate\\Queue\\Queue.php(59): Illuminate\\Queue\\DatabaseQueue->push(Object(App\\Jobs\\DeliverIntegrationOutboxMessage), '', 'integrations')
#12 C:\\Users\\xxxxx\\Documents\\sso-kilau\\kilauCms\\vendor\\laravel\\framework\\src\\Illuminate\\Bus\\Dispatcher.php(247): Illuminate\\Queue\\Queue->pushOn('integrations', Object(App\\Jobs\\DeliverIntegrationOutboxMessage))
#13 C:\\Users\\xxxxx\\Documents\\sso-kilau\\kilauCms\\vendor\\laravel\\framework\\src\\Illuminate\\Bus\\Dispatcher.php(230): Illuminate\\Bus\\Dispatcher->pushCommandToQueue(Object(Illuminate\\Queue\\DatabaseQueue), Object(App\\Jobs\\DeliverIntegrationOutboxMessage))
#14 C:\\Users\\xxxxx\\Documents\\sso-kilau\\kilauCms\\vendor\\laravel\\framework\\src\\Illuminate\\Bus\\Dispatcher.php(77): Illuminate\\Bus\\Dispatcher->dispatchToQueue(Object(App\\Jobs\\DeliverIntegrationOutboxMessage))
#15 C:\\Users\\xxxxx\\Documents\\sso-kilau\\kilauCms\\vendor\\laravel\\framework\\src\\Illuminate\\Foundation\\Bus\\PendingDispatch.php(193): Illuminate\\Bus\\Dispatcher->dispatch(Object(App\\Jobs\\DeliverIntegrationOutboxMessage))
#16 C:\\Users\\xxxxx\\Documents\\sso-kilau\\kilauCms\\app\\Services\\IntegrationOutboxService.php(167): Illuminate\\Foundation\\Bus\\PendingDispatch->__destruct()
#17 C:\\Users\\xxxxx\\Documents\\sso-kilau\\kilauCms\\app\\Services\\IntegrationOutboxService.php(79): App\\Services\\IntegrationOutboxService->dispatch('946fb91e-130e-4...')
#18 C:\\Users\\xxxxx\\Documents\\sso-kilau\\kilauCms\\vendor\\laravel\\framework\\src\\Illuminate\\Database\\DatabaseTransactionRecord.php(69): App\\Services\\IntegrationOutboxService->App\\Services\\{closure}()
#19 C:\\Users\\xxxxx\\Documents\\sso-kilau\\kilauCms\\vendor\\laravel\\framework\\src\\Illuminate\\Collections\\HigherOrderCollectionProxy.php(60): Illuminate\\Database\\DatabaseTransactionRecord->executeCallbacks()
#20 [internal function]: Illuminate\\Support\\HigherOrderCollectionProxy->Illuminate\\Support\\{closure}(Object(Illuminate\\Database\\DatabaseTransactionRecord), 1)
#21 C:\\Users\\xxxxx\\Documents\\sso-kilau\\kilauCms\\vendor\\laravel\\framework\\src\\Illuminate\\Collections\\Arr.php(600): array_map(Object(Closure), Array, Array)
#22 C:\\Users\\xxxxx\\Documents\\sso-kilau\\kilauCms\\vendor\\laravel\\framework\\src\\Illuminate\\Collections\\Collection.php(778): Illuminate\\Support\\Arr::map(Array, Object(Closure))
#23 C:\\Users\\xxxxx\\Documents\\sso-kilau\\kilauCms\\vendor\\laravel\\framework\\src\\Illuminate\\Collections\\HigherOrderCollectionProxy.php(59): Illuminate\\Support\\Collection->map(Object(Closure))
#24 C:\\Users\\xxxxx\\Documents\\sso-kilau\\kilauCms\\vendor\\laravel\\framework\\src\\Illuminate\\Database\\DatabaseTransactionsManager.php(96): Illuminate\\Support\\HigherOrderCollectionProxy->__call('executeCallback...', Array)
#25 C:\\Users\\xxxxx\\Documents\\sso-kilau\\kilauCms\\vendor\\laravel\\framework\\src\\Illuminate\\Database\\Concerns\\ManagesTransactions.php(61): Illuminate\\Database\\DatabaseTransactionsManager->commit('sqlite', 1, 0)
#26 C:\\Users\\xxxxx\\Documents\\sso-kilau\\kilauCms\\vendor\\laravel\\framework\\src\\Illuminate\\Database\\DatabaseManager.php(509): Illuminate\\Database\\Connection->transaction(Object(Closure))
#27 C:\\Users\\xxxxx\\Documents\\sso-kilau\\kilauCms\\vendor\\laravel\\framework\\src\\Illuminate\\Support\\Facades\\Facade.php(355): Illuminate\\Database\\DatabaseManager->__call('transaction', Array)
#28 C:\\Users\\xxxxx\\Documents\\sso-kilau\\kilauCms\\app\\Services\\MidtransNotificationService.php(68): Illuminate\\Support\\Facades\\Facade::__callStatic('transaction', Array)
#29 C:\\Users\\xxxxx\\Documents\\sso-kilau\\kilauCms\\app\\Services\\MidtransNotificationService.php(35): App\\Services\\MidtransNotificationService->applyVerifiedStatus(Object(App\\Models\\DonasiKilau), Array)
#30 C:\\Users\\xxxxx\\Documents\\sso-kilau\\kilauCms\\app\\Http\\Controllers\\LandingPage\\HomeController.php(456): App\\Services\\MidtransNotificationService->process(Array)
#31 C:\\Users\\xxxxx\\Documents\\sso-kilau\\kilauCms\\vendor\\laravel\\framework\\src\\Illuminate\\Routing\\Controller.php(54): App\\Http\\Controllers\\LandingPage\\HomeController->handleMidtransCallback(Object(App\\Http\\Requests\\MidtransNotificationRequest), Object(App\\Services\\MidtransNotificationService))
#32 C:\\Users\\xxxxx\\Documents\\sso-kilau\\kilauCms\\vendor\\laravel\\framework\\src\\Illuminate\\Routing\\ControllerDispatcher.php(43): Illuminate\\Routing\\Controller->callAction('handleMidtransC...', Array)
#33 C:\\Users\\xxxxx\\Documents\\sso-kilau\\kilauCms\\vendor\\laravel\\framework\\src\\Illuminate\\Routing\\Route.php(259): Illuminate\\Routing\\ControllerDispatcher->dispatch(Object(Illuminate\\Routing\\Route), Object(App\\Http\\Controllers\\LandingPage\\HomeController), 'handleMidtransC...')
#34 C:\\Users\\xxxxx\\Documents\\sso-kilau\\kilauCms\\vendor\\laravel\\framework\\src\\Illuminate\\Routing\\Route.php(205): Illuminate\\Routing\\Route->runController()
#35 C:\\Users\\xxxxx\\Documents\\sso-kilau\\kilauCms\\vendor\\laravel\\framework\\src\\Illuminate\\Routing\\Router.php(806): Illuminate\\Routing\\Route->run()
#36 C:\\Users\\xxxxx\\Documents\\sso-kilau\\kilauCms\\vendor\\laravel\\framework\\src\\Illuminate\\Pipeline\\Pipeline.php(144): Illuminate\\Routing\\Router->Illuminate\\Routing\\{closure}(Object(Illuminate\\Http\\Request))
#37 C:\\Users\\xxxxx\\Documents\\sso-kilau\\kilauCms\\vendor\\laravel\\framework\\src\\Illuminate\\Routing\\Middleware\\SubstituteBindings.php(50): Illuminate\\Pipeline\\Pipeline->Illuminate\\Pipeline\\{closure}(Object(Illuminate\\Http\\Request))
#38 C:\\Users\\xxxxx\\Documents\\sso-kilau\\kilauCms\\vendor\\laravel\\framework\\src\\Illuminate\\Pipeline\\Pipeline.php(183): Illuminate\\Routing\\Middleware\\SubstituteBindings->handle(Object(Illuminate\\Http\\Request), Object(Closure))
#39 C:\\Users\\xxxxx\\Documents\\sso-kilau\\kilauCms\\vendor\\laravel\\framework\\src\\Illuminate\\Foundation\\Http\\Middleware\\VerifyCsrfToken.php(78): Illuminate\\Pipeline\\Pipeline->Illuminate\\Pipeline\\{closure}(Object(Illuminate\\Http\\Request))
#40 C:\\Users\\xxxxx\\Documents\\sso-kilau\\kilauCms\\vendor\\laravel\\framework\\src\\Illuminate\\Pipeline\\Pipeline.php(183): Illuminate\\Foundation\\Http\\Middleware\\VerifyCsrfToken->handle(Object(Illuminate\\Http\\Request), Object(Closure))
#41 C:\\Users\\xxxxx\\Documents\\sso-kilau\\kilauCms\\vendor\\laravel\\framework\\src\\Illuminate\\View\\Middleware\\ShareErrorsFromSession.php(49): Illuminate\\Pipeline\\Pipeline->Illuminate\\Pipeline\\{closure}(Object(Illuminate\\Http\\Request))
#42 C:\\Users\\xxxxx\\Documents\\sso-kilau\\kilauCms\\vendor\\laravel\\framework\\src\\Illuminate\\Pipeline\\Pipeline.php(183): Illuminate\\View\\Middleware\\ShareErrorsFromSession->handle(Object(Illuminate\\Http\\Request), Object(Closure))
#43 C:\\Users\\xxxxx\\Documents\\sso-kilau\\kilauCms\\vendor\\laravel\\framework\\src\\Illuminate\\Session\\Middleware\\StartSession.php(121): Illuminate\\Pipeline\\Pipeline->Illuminate\\Pipeline\\{closure}(Object(Illuminate\\Http\\Request))
#44 C:\\Users\\xxxxx\\Documents\\sso-kilau\\kilauCms\\vendor\\laravel\\framework\\src\\Illuminate\\Session\\Middleware\\StartSession.php(64): Illuminate\\Session\\Middleware\\StartSession->handleStatefulRequest(Object(Illuminate\\Http\\Request), Object(Illuminate\\Session\\Store), Object(Closure))
#45 C:\\Users\\xxxxx\\Documents\\sso-kilau\\kilauCms\\vendor\\laravel\\framework\\src\\Illuminate\\Pipeline\\Pipeline.php(183): Illuminate\\Session\\Middleware\\StartSession->handle(Object(Illuminate\\Http\\Request), Object(Closure))
#46 C:\\Users\\xxxxx\\Documents\\sso-kilau\\kilauCms\\vendor\\laravel\\framework\\src\\Illuminate\\Cookie\\Middleware\\AddQueuedCookiesToResponse.php(37): Illuminate\\Pipeline\\Pipeline->Illuminate\\Pipeline\\{closure}(Object(Illuminate\\Http\\Request))
#47 C:\\Users\\xxxxx\\Documents\\sso-kilau\\kilauCms\\vendor\\laravel\\framework\\src\\Illuminate\\Pipeline\\Pipeline.php(183): Illuminate\\Cookie\\Middleware\\AddQueuedCookiesToResponse->handle(Object(Illuminate\\Http\\Request), Object(Closure))
#48 C:\\Users\\xxxxx\\Documents\\sso-kilau\\kilauCms\\vendor\\laravel\\framework\\src\\Illuminate\\Cookie\\Middleware\\EncryptCookies.php(67): Illuminate\\Pipeline\\Pipeline->Illuminate\\Pipeline\\{closure}(Object(Illuminate\\Http\\Request))
#49 C:\\Users\\xxxxx\\Documents\\sso-kilau\\kilauCms\\vendor\\laravel\\framework\\src\\Illuminate\\Pipeline\\Pipeline.php(183): Illuminate\\Cookie\\Middleware\\EncryptCookies->handle(Object(Illuminate\\Http\\Request), Object(Closure))
#50 C:\\Users\\xxxxx\\Documents\\sso-kilau\\kilauCms\\vendor\\laravel\\framework\\src\\Illuminate\\Pipeline\\Pipeline.php(119): Illuminate\\Pipeline\\Pipeline->Illuminate\\Pipeline\\{closure}(Object(Illuminate\\Http\\Request))
#51 C:\\Users\\xxxxx\\Documents\\sso-kilau\\kilauCms\\vendor\\laravel\\framework\\src\\Illuminate\\Routing\\Router.php(805): Illuminate\\Pipeline\\Pipeline->then(Object(Closure))
#52 C:\\Users\\xxxxx\\Documents\\sso-kilau\\kilauCms\\vendor\\laravel\\framework\\src\\Illuminate\\Routing\\Router.php(784): Illuminate\\Routing\\Router->runRouteWithinStack(Object(Illuminate\\Routing\\Route), Object(Illuminate\\Http\\Request))
#53 C:\\Users\\xxxxx\\Documents\\sso-kilau\\kilauCms\\vendor\\laravel\\framework\\src\\Illuminate\\Routing\\Router.php(748): Illuminate\\Routing\\Router->runRoute(Object(Illuminate\\Http\\Request), Object(Illuminate\\Routing\\Route))
#54 C:\\Users\\xxxxx\\Documents\\sso-kilau\\kilauCms\\vendor\\laravel\\framework\\src\\Illuminate\\Routing\\Router.php(737): Illuminate\\Routing\\Router->dispatchToRoute(Object(Illuminate\\Http\\Request))
#55 C:\\Users\\xxxxx\\Documents\\sso-kilau\\kilauCms\\vendor\\laravel\\framework\\src\\Illuminate\\Foundation\\Http\\Kernel.php(200): Illuminate\\Routing\\Router->dispatch(Object(Illuminate\\Http\\Request))
#56 C:\\Users\\xxxxx\\Documents\\sso-kilau\\kilauCms\\vendor\\laravel\\framework\\src\\Illuminate\\Pipeline\\Pipeline.php(144): Illuminate\\Foundation\\Http\\Kernel->Illuminate\\Foundation\\Http\\{closure}(Object(Illuminate\\Http\\Request))
#57 C:\\Users\\xxxxx\\Documents\\sso-kilau\\kilauCms\\vendor\\laravel\\framework\\src\\Illuminate\\Foundation\\Http\\Middleware\\TransformsRequest.php(21): Illuminate\\Pipeline\\Pipeline->Illuminate\\Pipeline\\{closure}(Object(Illuminate\\Http\\Request))
#58 C:\\Users\\xxxxx\\Documents\\sso-kilau\\kilauCms\\vendor\\laravel\\framework\\src\\Illuminate\\Foundation\\Http\\Middleware\\ConvertEmptyStringsToNull.php(31): Illuminate\\Foundation\\Http\\Middleware\\TransformsRequest->handle(Object(Illuminate\\Http\\Request), Object(Closure))
#59 C:\\Users\\xxxxx\\Documents\\sso-kilau\\kilauCms\\vendor\\laravel\\framework\\src\\Illuminate\\Pipeline\\Pipeline.php(183): Illuminate\\Foundation\\Http\\Middleware\\ConvertEmptyStringsToNull->handle(Object(Illuminate\\Http\\Request), Object(Closure))
#60 C:\\Users\\xxxxx\\Documents\\sso-kilau\\kilauCms\\vendor\\laravel\\framework\\src\\Illuminate\\Foundation\\Http\\Middleware\\TransformsRequest.php(21): Illuminate\\Pipeline\\Pipeline->Illuminate\\Pipeline\\{closure}(Object(Illuminate\\Http\\Request))
#61 C:\\Users\\xxxxx\\Documents\\sso-kilau\\kilauCms\\vendor\\laravel\\framework\\src\\Illuminate\\Foundation\\Http\\Middleware\\TrimStrings.php(40): Illuminate\\Foundation\\Http\\Middleware\\TransformsRequest->handle(Object(Illuminate\\Http\\Request), Object(Closure))
#62 C:\\Users\\xxxxx\\Documents\\sso-kilau\\kilauCms\\vendor\\laravel\\framework\\src\\Illuminate\\Pipeline\\Pipeline.php(183): Illuminate\\Foundation\\Http\\Middleware\\TrimStrings->handle(Object(Illuminate\\Http\\Request), Object(Closure))
#63 C:\\Users\\xxxxx\\Documents\\sso-kilau\\kilauCms\\vendor\\laravel\\framework\\src\\Illuminate\\Foundation\\Http\\Middleware\\ValidatePostSize.php(27): Illuminate\\Pipeline\\Pipeline->Illuminate\\Pipeline\\{closure}(Object(Illuminate\\Http\\Request))
#64 C:\\Users\\xxxxx\\Documents\\sso-kilau\\kilauCms\\vendor\\laravel\\framework\\src\\Illuminate\\Pipeline\\Pipeline.php(183): Illuminate\\Foundation\\Http\\Middleware\\ValidatePostSize->handle(Object(Illuminate\\Http\\Request), Object(Closure))
#65 C:\\Users\\xxxxx\\Documents\\sso-kilau\\kilauCms\\vendor\\laravel\\framework\\src\\Illuminate\\Foundation\\Http\\Middleware\\PreventRequestsDuringMaintenance.php(99): Illuminate\\Pipeline\\Pipeline->Illuminate\\Pipeline\\{closure}(Object(Illuminate\\Http\\Request))
#66 C:\\Users\\xxxxx\\Documents\\sso-kilau\\kilauCms\\vendor\\laravel\\framework\\src\\Illuminate\\Pipeline\\Pipeline.php(183): Illuminate\\Foundation\\Http\\Middleware\\PreventRequestsDuringMaintenance->handle(Object(Illuminate\\Http\\Request), Object(Closure))
#67 C:\\Users\\xxxxx\\Documents\\sso-kilau\\kilauCms\\vendor\\laravel\\framework\\src\\Illuminate\\Http\\Middleware\\HandleCors.php(49): Illuminate\\Pipeline\\Pipeline->Illuminate\\Pipeline\\{closure}(Object(Illuminate\\Http\\Request))
#68 C:\\Users\\xxxxx\\Documents\\sso-kilau\\kilauCms\\vendor\\laravel\\framework\\src\\Illuminate\\Pipeline\\Pipeline.php(183): Illuminate\\Http\\Middleware\\HandleCors->handle(Object(Illuminate\\Http\\Request), Object(Closure))
#69 C:\\Users\\xxxxx\\Documents\\sso-kilau\\kilauCms\\vendor\\laravel\\framework\\src\\Illuminate\\Http\\Middleware\\TrustProxies.php(39): Illuminate\\Pipeline\\Pipeline->Illuminate\\Pipeline\\{closure}(Object(Illuminate\\Http\\Request))
#70 C:\\Users\\xxxxx\\Documents\\sso-kilau\\kilauCms\\vendor\\laravel\\framework\\src\\Illuminate\\Pipeline\\Pipeline.php(183): Illuminate\\Http\\Middleware\\TrustProxies->handle(Object(Illuminate\\Http\\Request), Object(Closure))
#71 C:\\Users\\xxxxx\\Documents\\sso-kilau\\kilauCms\\vendor\\laravel\\framework\\src\\Illuminate\\Pipeline\\Pipeline.php(119): Illuminate\\Pipeline\\Pipeline->Illuminate\\Pipeline\\{closure}(Object(Illuminate\\Http\\Request))
#72 C:\\Users\\xxxxx\\Documents\\sso-kilau\\kilauCms\\vendor\\laravel\\framework\\src\\Illuminate\\Foundation\\Http\\Kernel.php(175): Illuminate\\Pipeline\\Pipeline->then(Object(Closure))
#73 C:\\Users\\xxxxx\\Documents\\sso-kilau\\kilauCms\\vendor\\laravel\\framework\\src\\Illuminate\\Foundation\\Http\\Kernel.php(144): Illuminate\\Foundation\\Http\\Kernel->sendRequestThroughRouter(Object(Illuminate\\Http\\Request))
#74 C:\\Users\\xxxxx\\Documents\\sso-kilau\\kilauCms\\vendor\\laravel\\framework\\src\\Illuminate\\Foundation\\Testing\\Concerns\\MakesHttpRequests.php(585): Illuminate\\Foundation\\Http\\Kernel->handle(Object(Illuminate\\Http\\Request))
#75 C:\\Users\\xxxxx\\Documents\\sso-kilau\\kilauCms\\vendor\\laravel\\framework\\src\\Illuminate\\Foundation\\Testing\\Concerns\\MakesHttpRequests.php(551): Illuminate\\Foundation\\Testing\\TestCase->call('POST', '/midtrans-notif...', Array, Array, Array, Array, '{\"order_id\":\"do...')
#76 C:\\Users\\xxxxx\\Documents\\sso-kilau\\kilauCms\\vendor\\laravel\\framework\\src\\Illuminate\\Foundation\\Testing\\Concerns\\MakesHttpRequests.php(389): Illuminate\\Foundation\\Testing\\TestCase->json('POST', '/midtrans-notif...', Array, Array, 0)
#77 C:\\Users\\xxxxx\\Documents\\sso-kilau\\kilauCms\\tests\\Feature\\MidtransNotificationSecurityTest.php(186): Illuminate\\Foundation\\Testing\\TestCase->postJson('/midtrans-notif...', Array)
#78 C:\\Users\\xxxxx\\Documents\\sso-kilau\\kilauCms\\vendor\\phpunit\\phpunit\\src\\Framework\\TestCase.php(1189): Tests\\Feature\\MidtransNotificationSecurityTest->test_new_paid_transition_records_one_forward_outbox_with_latest_profile()
#79 C:\\Users\\xxxxx\\Documents\\sso-kilau\\kilauCms\\vendor\\laravel\\framework\\src\\Illuminate\\Foundation\\Testing\\TestCase.php(61): PHPUnit\\Framework\\TestCase->runTest()
#80 C:\\Users\\xxxxx\\Documents\\sso-kilau\\kilauCms\\vendor\\phpunit\\phpunit\\src\\Framework\\TestCase.php(686): Illuminate\\Foundation\\Testing\\TestCase->runTest()
#81 C:\\Users\\xxxxx\\Documents\\sso-kilau\\kilauCms\\vendor\\phpunit\\phpunit\\src\\Framework\\TestRunner.php(105): PHPUnit\\Framework\\TestCase->runBare()
#82 C:\\Users\\xxxxx\\Documents\\sso-kilau\\kilauCms\\vendor\\phpunit\\phpunit\\src\\Framework\\TestCase.php(516): PHPUnit\\Framework\\TestRunner->run(Object(Tests\\Feature\\MidtransNotificationSecurityTest))
#83 C:\\Users\\xxxxx\\Documents\\sso-kilau\\kilauCms\\vendor\\phpunit\\phpunit\\src\\Framework\\TestSuite.php(374): PHPUnit\\Framework\\TestCase->run()
#84 C:\\Users\\xxxxx\\Documents\\sso-kilau\\kilauCms\\vendor\\phpunit\\phpunit\\src\\Framework\\TestSuite.php(374): PHPUnit\\Framework\\TestSuite->run()
#85 C:\\Users\\xxxxx\\Documents\\sso-kilau\\kilauCms\\vendor\\phpunit\\phpunit\\src\\Framework\\TestSuite.php(374): PHPUnit\\Framework\\TestSuite->run()
#86 C:\\Users\\xxxxx\\Documents\\sso-kilau\\kilauCms\\vendor\\phpunit\\phpunit\\src\\TextUI\\TestRunner.php(64): PHPUnit\\Framework\\TestSuite->run()
#87 C:\\Users\\xxxxx\\Documents\\sso-kilau\\kilauCms\\vendor\\phpunit\\phpunit\\src\\TextUI\\Application.php(203): PHPUnit\\TextUI\\TestRunner->run(Object(PHPUnit\\TextUI\\Configuration\\Configuration), Object(PHPUnit\\Runner\\ResultCache\\DefaultResultCache), Object(PHPUnit\\Framework\\TestSuite))
#88 C:\\Users\\xxxxx\\Documents\\sso-kilau\\kilauCms\\vendor\\phpunit\\phpunit\\phpunit(104): PHPUnit\\TextUI\\Application->run(Array)
#89 {main}
"} 
[2026-07-21 06:42:21] testing.ERROR: SQLSTATE[HY000]: General error: 1 no such table: jobs (Connection: sqlite, SQL: insert into "jobs" ("queue", "attempts", "reserved_at", "available_at", "created_at", "payload") values (integrations, 0, ?, 1784616141, 1784616141, {"uuid":"5f6a5347-87d1-4a49-9388-f2f36d16d10b","displayName":"App\\Jobs\\DeliverIntegrationOutboxMessage","job":"Illuminate\\Queue\\CallQueuedHandler@call","maxTries":1,"maxExceptions":null,"failOnTimeout":false,"backoff":null,"timeout":30,"retryUntil":null,"data":{"commandName":"App\\Jobs\\DeliverIntegrationOutboxMessage","command":"O:40:\"App\\Jobs\\DeliverIntegrationOutboxMessage\":3:{s:8:\"outboxId\";s:36:\"7cb62571-3312-4215-8e8f-9404d01517d6\";s:10:\"connection\";s:8:\"database\";s:5:\"queue\";s:12:\"integrations\";}"}})) {"exception":"[object] (Illuminate\\Database\\QueryException(code: HY000): SQLSTATE[HY000]: General error: 1 no such table: jobs (Connection: sqlite, SQL: insert into \"jobs\" (\"queue\", \"attempts\", \"reserved_at\", \"available_at\", \"created_at\", \"payload\") values (integrations, 0, ?, 1784616141, 1784616141, {\"uuid\":\"5f6a5347-87d1-4a49-9388-f2f36d16d10b\",\"displayName\":\"App\\\\Jobs\\\\DeliverIntegrationOutboxMessage\",\"job\":\"Illuminate\\\\Queue\\\\CallQueuedHandler@call\",\"maxTries\":1,\"maxExceptions\":null,\"failOnTimeout\":false,\"backoff\":null,\"timeout\":30,\"retryUntil\":null,\"data\":{\"commandName\":\"App\\\\Jobs\\\\DeliverIntegrationOutboxMessage\",\"command\":\"O:40:\\\"App\\\\Jobs\\\\DeliverIntegrationOutboxMessage\\\":3:{s:8:\\\"outboxId\\\";s:36:\\\"7cb62571-3312-4215-8e8f-9404d01517d6\\\";s:10:\\\"connection\\\";s:8:\\\"database\\\";s:5:\\\"queue\\\";s:12:\\\"integrations\\\";}\"}})) at C:\\Users\\xxxxx\\Documents\\sso-kilau\\kilauCms\\vendor\\laravel\\framework\\src\\Illuminate\\Database\\Connection.php:829)
[stacktrace]
#0 C:\\Users\\xxxxx\\Documents\\sso-kilau\\kilauCms\\vendor\\laravel\\framework\\src\\Illuminate\\Database\\Connection.php(783): Illuminate\\Database\\Connection->runQueryCallback('insert into \"jo...', Array, Object(Closure))
#1 C:\\Users\\xxxxx\\Documents\\sso-kilau\\kilauCms\\vendor\\laravel\\framework\\src\\Illuminate\\Database\\Connection.php(576): Illuminate\\Database\\Connection->run('insert into \"jo...', Array, Object(Closure))
#2 C:\\Users\\xxxxx\\Documents\\sso-kilau\\kilauCms\\vendor\\laravel\\framework\\src\\Illuminate\\Database\\Connection.php(540): Illuminate\\Database\\Connection->statement('insert into \"jo...', Array)
#3 C:\\Users\\xxxxx\\Documents\\sso-kilau\\kilauCms\\vendor\\laravel\\framework\\src\\Illuminate\\Database\\Query\\Processors\\Processor.php(32): Illuminate\\Database\\Connection->insert('insert into \"jo...', Array)
#4 C:\\Users\\xxxxx\\Documents\\sso-kilau\\kilauCms\\vendor\\laravel\\framework\\src\\Illuminate\\Database\\Query\\Builder.php(3549): Illuminate\\Database\\Query\\Processors\\Processor->processInsertGetId(Object(Illuminate\\Database\\Query\\Builder), 'insert into \"jo...', Array, NULL)
#5 C:\\Users\\xxxxx\\Documents\\sso-kilau\\kilauCms\\vendor\\laravel\\framework\\src\\Illuminate\\Queue\\DatabaseQueue.php(185): Illuminate\\Database\\Query\\Builder->insertGetId(Array)
#6 C:\\Users\\xxxxx\\Documents\\sso-kilau\\kilauCms\\vendor\\laravel\\framework\\src\\Illuminate\\Queue\\DatabaseQueue.php(96): Illuminate\\Queue\\DatabaseQueue->pushToDatabase('integrations', '{\"uuid\":\"5f6a53...')
#7 C:\\Users\\xxxxx\\Documents\\sso-kilau\\kilauCms\\vendor\\laravel\\framework\\src\\Illuminate\\Queue\\Queue.php(342): Illuminate\\Queue\\DatabaseQueue->Illuminate\\Queue\\{closure}('{\"uuid\":\"5f6a53...', 'integrations', NULL)
#8 C:\\Users\\xxxxx\\Documents\\sso-kilau\\kilauCms\\vendor\\laravel\\framework\\src\\Illuminate\\Queue\\DatabaseQueue.php(90): Illuminate\\Queue\\Queue->enqueueUsing(Object(App\\Jobs\\DeliverIntegrationOutboxMessage), '{\"uuid\":\"5f6a53...', 'integrations', NULL, Object(Closure))
#9 C:\\Users\\xxxxx\\Documents\\sso-kilau\\kilauCms\\vendor\\laravel\\framework\\src\\Illuminate\\Queue\\Queue.php(59): Illuminate\\Queue\\DatabaseQueue->push(Object(App\\Jobs\\DeliverIntegrationOutboxMessage), '', 'integrations')
#10 C:\\Users\\xxxxx\\Documents\\sso-kilau\\kilauCms\\vendor\\laravel\\framework\\src\\Illuminate\\Bus\\Dispatcher.php(247): Illuminate\\Queue\\Queue->pushOn('integrations', Object(App\\Jobs\\DeliverIntegrationOutboxMessage))
#11 C:\\Users\\xxxxx\\Documents\\sso-kilau\\kilauCms\\vendor\\laravel\\framework\\src\\Illuminate\\Bus\\Dispatcher.php(230): Illuminate\\Bus\\Dispatcher->pushCommandToQueue(Object(Illuminate\\Queue\\DatabaseQueue), Object(App\\Jobs\\DeliverIntegrationOutboxMessage))
#12 C:\\Users\\xxxxx\\Documents\\sso-kilau\\kilauCms\\vendor\\laravel\\framework\\src\\Illuminate\\Bus\\Dispatcher.php(77): Illuminate\\Bus\\Dispatcher->dispatchToQueue(Object(App\\Jobs\\DeliverIntegrationOutboxMessage))
#13 C:\\Users\\xxxxx\\Documents\\sso-kilau\\kilauCms\\vendor\\laravel\\framework\\src\\Illuminate\\Foundation\\Bus\\PendingDispatch.php(193): Illuminate\\Bus\\Dispatcher->dispatch(Object(App\\Jobs\\DeliverIntegrationOutboxMessage))
#14 C:\\Users\\xxxxx\\Documents\\sso-kilau\\kilauCms\\app\\Services\\IntegrationOutboxService.php(167): Illuminate\\Foundation\\Bus\\PendingDispatch->__destruct()
#15 C:\\Users\\xxxxx\\Documents\\sso-kilau\\kilauCms\\app\\Services\\IntegrationOutboxService.php(79): App\\Services\\IntegrationOutboxService->dispatch('7cb62571-3312-4...')
#16 C:\\Users\\xxxxx\\Documents\\sso-kilau\\kilauCms\\vendor\\laravel\\framework\\src\\Illuminate\\Database\\DatabaseTransactionRecord.php(69): App\\Services\\IntegrationOutboxService->App\\Services\\{closure}()
#17 C:\\Users\\xxxxx\\Documents\\sso-kilau\\kilauCms\\vendor\\laravel\\framework\\src\\Illuminate\\Collections\\HigherOrderCollectionProxy.php(60): Illuminate\\Database\\DatabaseTransactionRecord->executeCallbacks()
#18 [internal function]: Illuminate\\Support\\HigherOrderCollectionProxy->Illuminate\\Support\\{closure}(Object(Illuminate\\Database\\DatabaseTransactionRecord), 1)
#19 C:\\Users\\xxxxx\\Documents\\sso-kilau\\kilauCms\\vendor\\laravel\\framework\\src\\Illuminate\\Collections\\Arr.php(600): array_map(Object(Closure), Array, Array)
#20 C:\\Users\\xxxxx\\Documents\\sso-kilau\\kilauCms\\vendor\\laravel\\framework\\src\\Illuminate\\Collections\\Collection.php(778): Illuminate\\Support\\Arr::map(Array, Object(Closure))
#21 C:\\Users\\xxxxx\\Documents\\sso-kilau\\kilauCms\\vendor\\laravel\\framework\\src\\Illuminate\\Collections\\HigherOrderCollectionProxy.php(59): Illuminate\\Support\\Collection->map(Object(Closure))
#22 C:\\Users\\xxxxx\\Documents\\sso-kilau\\kilauCms\\vendor\\laravel\\framework\\src\\Illuminate\\Database\\DatabaseTransactionsManager.php(96): Illuminate\\Support\\HigherOrderCollectionProxy->__call('executeCallback...', Array)
#23 C:\\Users\\xxxxx\\Documents\\sso-kilau\\kilauCms\\vendor\\laravel\\framework\\src\\Illuminate\\Database\\Concerns\\ManagesTransactions.php(61): Illuminate\\Database\\DatabaseTransactionsManager->commit('sqlite', 1, 0)
#24 C:\\Users\\xxxxx\\Documents\\sso-kilau\\kilauCms\\vendor\\laravel\\framework\\src\\Illuminate\\Database\\DatabaseManager.php(509): Illuminate\\Database\\Connection->transaction(Object(Closure))
#25 C:\\Users\\xxxxx\\Documents\\sso-kilau\\kilauCms\\vendor\\laravel\\framework\\src\\Illuminate\\Support\\Facades\\Facade.php(355): Illuminate\\Database\\DatabaseManager->__call('transaction', Array)
#26 C:\\Users\\xxxxx\\Documents\\sso-kilau\\kilauCms\\app\\Services\\MidtransNotificationService.php(68): Illuminate\\Support\\Facades\\Facade::__callStatic('transaction', Array)
#27 C:\\Users\\xxxxx\\Documents\\sso-kilau\\kilauCms\\app\\Services\\MidtransNotificationService.php(35): App\\Services\\MidtransNotificationService->applyVerifiedStatus(Object(App\\Models\\DonasiKilau), Array)
#28 C:\\Users\\xxxxx\\Documents\\sso-kilau\\kilauCms\\app\\Http\\Controllers\\LandingPage\\HomeController.php(456): App\\Services\\MidtransNotificationService->process(Array)
#29 C:\\Users\\xxxxx\\Documents\\sso-kilau\\kilauCms\\vendor\\laravel\\framework\\src\\Illuminate\\Routing\\Controller.php(54): App\\Http\\Controllers\\LandingPage\\HomeController->handleMidtransCallback(Object(App\\Http\\Requests\\MidtransNotificationRequest), Object(App\\Services\\MidtransNotificationService))
#30 C:\\Users\\xxxxx\\Documents\\sso-kilau\\kilauCms\\vendor\\laravel\\framework\\src\\Illuminate\\Routing\\ControllerDispatcher.php(43): Illuminate\\Routing\\Controller->callAction('handleMidtransC...', Array)
#31 C:\\Users\\xxxxx\\Documents\\sso-kilau\\kilauCms\\vendor\\laravel\\framework\\src\\Illuminate\\Routing\\Route.php(259): Illuminate\\Routing\\ControllerDispatcher->dispatch(Object(Illuminate\\Routing\\Route), Object(App\\Http\\Controllers\\LandingPage\\HomeController), 'handleMidtransC...')
#32 C:\\Users\\xxxxx\\Documents\\sso-kilau\\kilauCms\\vendor\\laravel\\framework\\src\\Illuminate\\Routing\\Route.php(205): Illuminate\\Routing\\Route->runController()
#33 C:\\Users\\xxxxx\\Documents\\sso-kilau\\kilauCms\\vendor\\laravel\\framework\\src\\Illuminate\\Routing\\Router.php(806): Illuminate\\Routing\\Route->run()
#34 C:\\Users\\xxxxx\\Documents\\sso-kilau\\kilauCms\\vendor\\laravel\\framework\\src\\Illuminate\\Pipeline\\Pipeline.php(144): Illuminate\\Routing\\Router->Illuminate\\Routing\\{closure}(Object(Illuminate\\Http\\Request))
#35 C:\\Users\\xxxxx\\Documents\\sso-kilau\\kilauCms\\vendor\\laravel\\framework\\src\\Illuminate\\Routing\\Middleware\\SubstituteBindings.php(50): Illuminate\\Pipeline\\Pipeline->Illuminate\\Pipeline\\{closure}(Object(Illuminate\\Http\\Request))
#36 C:\\Users\\xxxxx\\Documents\\sso-kilau\\kilauCms\\vendor\\laravel\\framework\\src\\Illuminate\\Pipeline\\Pipeline.php(183): Illuminate\\Routing\\Middleware\\SubstituteBindings->handle(Object(Illuminate\\Http\\Request), Object(Closure))
#37 C:\\Users\\xxxxx\\Documents\\sso-kilau\\kilauCms\\vendor\\laravel\\framework\\src\\Illuminate\\Foundation\\Http\\Middleware\\VerifyCsrfToken.php(78): Illuminate\\Pipeline\\Pipeline->Illuminate\\Pipeline\\{closure}(Object(Illuminate\\Http\\Request))
#38 C:\\Users\\xxxxx\\Documents\\sso-kilau\\kilauCms\\vendor\\laravel\\framework\\src\\Illuminate\\Pipeline\\Pipeline.php(183): Illuminate\\Foundation\\Http\\Middleware\\VerifyCsrfToken->handle(Object(Illuminate\\Http\\Request), Object(Closure))
#39 C:\\Users\\xxxxx\\Documents\\sso-kilau\\kilauCms\\vendor\\laravel\\framework\\src\\Illuminate\\View\\Middleware\\ShareErrorsFromSession.php(49): Illuminate\\Pipeline\\Pipeline->Illuminate\\Pipeline\\{closure}(Object(Illuminate\\Http\\Request))
#40 C:\\Users\\xxxxx\\Documents\\sso-kilau\\kilauCms\\vendor\\laravel\\framework\\src\\Illuminate\\Pipeline\\Pipeline.php(183): Illuminate\\View\\Middleware\\ShareErrorsFromSession->handle(Object(Illuminate\\Http\\Request), Object(Closure))
#41 C:\\Users\\xxxxx\\Documents\\sso-kilau\\kilauCms\\vendor\\laravel\\framework\\src\\Illuminate\\Session\\Middleware\\StartSession.php(121): Illuminate\\Pipeline\\Pipeline->Illuminate\\Pipeline\\{closure}(Object(Illuminate\\Http\\Request))
#42 C:\\Users\\xxxxx\\Documents\\sso-kilau\\kilauCms\\vendor\\laravel\\framework\\src\\Illuminate\\Session\\Middleware\\StartSession.php(64): Illuminate\\Session\\Middleware\\StartSession->handleStatefulRequest(Object(Illuminate\\Http\\Request), Object(Illuminate\\Session\\Store), Object(Closure))
#43 C:\\Users\\xxxxx\\Documents\\sso-kilau\\kilauCms\\vendor\\laravel\\framework\\src\\Illuminate\\Pipeline\\Pipeline.php(183): Illuminate\\Session\\Middleware\\StartSession->handle(Object(Illuminate\\Http\\Request), Object(Closure))
#44 C:\\Users\\xxxxx\\Documents\\sso-kilau\\kilauCms\\vendor\\laravel\\framework\\src\\Illuminate\\Cookie\\Middleware\\AddQueuedCookiesToResponse.php(37): Illuminate\\Pipeline\\Pipeline->Illuminate\\Pipeline\\{closure}(Object(Illuminate\\Http\\Request))
#45 C:\\Users\\xxxxx\\Documents\\sso-kilau\\kilauCms\\vendor\\laravel\\framework\\src\\Illuminate\\Pipeline\\Pipeline.php(183): Illuminate\\Cookie\\Middleware\\AddQueuedCookiesToResponse->handle(Object(Illuminate\\Http\\Request), Object(Closure))
#46 C:\\Users\\xxxxx\\Documents\\sso-kilau\\kilauCms\\vendor\\laravel\\framework\\src\\Illuminate\\Cookie\\Middleware\\EncryptCookies.php(67): Illuminate\\Pipeline\\Pipeline->Illuminate\\Pipeline\\{closure}(Object(Illuminate\\Http\\Request))
#47 C:\\Users\\xxxxx\\Documents\\sso-kilau\\kilauCms\\vendor\\laravel\\framework\\src\\Illuminate\\Pipeline\\Pipeline.php(183): Illuminate\\Cookie\\Middleware\\EncryptCookies->handle(Object(Illuminate\\Http\\Request), Object(Closure))
#48 C:\\Users\\xxxxx\\Documents\\sso-kilau\\kilauCms\\vendor\\laravel\\framework\\src\\Illuminate\\Pipeline\\Pipeline.php(119): Illuminate\\Pipeline\\Pipeline->Illuminate\\Pipeline\\{closure}(Object(Illuminate\\Http\\Request))
#49 C:\\Users\\xxxxx\\Documents\\sso-kilau\\kilauCms\\vendor\\laravel\\framework\\src\\Illuminate\\Routing\\Router.php(805): Illuminate\\Pipeline\\Pipeline->then(Object(Closure))
#50 C:\\Users\\xxxxx\\Documents\\sso-kilau\\kilauCms\\vendor\\laravel\\framework\\src\\Illuminate\\Routing\\Router.php(784): Illuminate\\Routing\\Router->runRouteWithinStack(Object(Illuminate\\Routing\\Route), Object(Illuminate\\Http\\Request))
#51 C:\\Users\\xxxxx\\Documents\\sso-kilau\\kilauCms\\vendor\\laravel\\framework\\src\\Illuminate\\Routing\\Router.php(748): Illuminate\\Routing\\Router->runRoute(Object(Illuminate\\Http\\Request), Object(Illuminate\\Routing\\Route))
#52 C:\\Users\\xxxxx\\Documents\\sso-kilau\\kilauCms\\vendor\\laravel\\framework\\src\\Illuminate\\Routing\\Router.php(737): Illuminate\\Routing\\Router->dispatchToRoute(Object(Illuminate\\Http\\Request))
#53 C:\\Users\\xxxxx\\Documents\\sso-kilau\\kilauCms\\vendor\\laravel\\framework\\src\\Illuminate\\Foundation\\Http\\Kernel.php(200): Illuminate\\Routing\\Router->dispatch(Object(Illuminate\\Http\\Request))
#54 C:\\Users\\xxxxx\\Documents\\sso-kilau\\kilauCms\\vendor\\laravel\\framework\\src\\Illuminate\\Pipeline\\Pipeline.php(144): Illuminate\\Foundation\\Http\\Kernel->Illuminate\\Foundation\\Http\\{closure}(Object(Illuminate\\Http\\Request))
#55 C:\\Users\\xxxxx\\Documents\\sso-kilau\\kilauCms\\vendor\\laravel\\framework\\src\\Illuminate\\Foundation\\Http\\Middleware\\TransformsRequest.php(21): Illuminate\\Pipeline\\Pipeline->Illuminate\\Pipeline\\{closure}(Object(Illuminate\\Http\\Request))
#56 C:\\Users\\xxxxx\\Documents\\sso-kilau\\kilauCms\\vendor\\laravel\\framework\\src\\Illuminate\\Foundation\\Http\\Middleware\\ConvertEmptyStringsToNull.php(31): Illuminate\\Foundation\\Http\\Middleware\\TransformsRequest->handle(Object(Illuminate\\Http\\Request), Object(Closure))
#57 C:\\Users\\xxxxx\\Documents\\sso-kilau\\kilauCms\\vendor\\laravel\\framework\\src\\Illuminate\\Pipeline\\Pipeline.php(183): Illuminate\\Foundation\\Http\\Middleware\\ConvertEmptyStringsToNull->handle(Object(Illuminate\\Http\\Request), Object(Closure))
#58 C:\\Users\\xxxxx\\Documents\\sso-kilau\\kilauCms\\vendor\\laravel\\framework\\src\\Illuminate\\Foundation\\Http\\Middleware\\TransformsRequest.php(21): Illuminate\\Pipeline\\Pipeline->Illuminate\\Pipeline\\{closure}(Object(Illuminate\\Http\\Request))
#59 C:\\Users\\xxxxx\\Documents\\sso-kilau\\kilauCms\\vendor\\laravel\\framework\\src\\Illuminate\\Foundation\\Http\\Middleware\\TrimStrings.php(40): Illuminate\\Foundation\\Http\\Middleware\\TransformsRequest->handle(Object(Illuminate\\Http\\Request), Object(Closure))
#60 C:\\Users\\xxxxx\\Documents\\sso-kilau\\kilauCms\\vendor\\laravel\\framework\\src\\Illuminate\\Pipeline\\Pipeline.php(183): Illuminate\\Foundation\\Http\\Middleware\\TrimStrings->handle(Object(Illuminate\\Http\\Request), Object(Closure))
#61 C:\\Users\\xxxxx\\Documents\\sso-kilau\\kilauCms\\vendor\\laravel\\framework\\src\\Illuminate\\Foundation\\Http\\Middleware\\ValidatePostSize.php(27): Illuminate\\Pipeline\\Pipeline->Illuminate\\Pipeline\\{closure}(Object(Illuminate\\Http\\Request))
#62 C:\\Users\\xxxxx\\Documents\\sso-kilau\\kilauCms\\vendor\\laravel\\framework\\src\\Illuminate\\Pipeline\\Pipeline.php(183): Illuminate\\Foundation\\Http\\Middleware\\ValidatePostSize->handle(Object(Illuminate\\Http\\Request), Object(Closure))
#63 C:\\Users\\xxxxx\\Documents\\sso-kilau\\kilauCms\\vendor\\laravel\\framework\\src\\Illuminate\\Foundation\\Http\\Middleware\\PreventRequestsDuringMaintenance.php(99): Illuminate\\Pipeline\\Pipeline->Illuminate\\Pipeline\\{closure}(Object(Illuminate\\Http\\Request))
#64 C:\\Users\\xxxxx\\Documents\\sso-kilau\\kilauCms\\vendor\\laravel\\framework\\src\\Illuminate\\Pipeline\\Pipeline.php(183): Illuminate\\Foundation\\Http\\Middleware\\PreventRequestsDuringMaintenance->handle(Object(Illuminate\\Http\\Request), Object(Closure))
#65 C:\\Users\\xxxxx\\Documents\\sso-kilau\\kilauCms\\vendor\\laravel\\framework\\src\\Illuminate\\Http\\Middleware\\HandleCors.php(49): Illuminate\\Pipeline\\Pipeline->Illuminate\\Pipeline\\{closure}(Object(Illuminate\\Http\\Request))
#66 C:\\Users\\xxxxx\\Documents\\sso-kilau\\kilauCms\\vendor\\laravel\\framework\\src\\Illuminate\\Pipeline\\Pipeline.php(183): Illuminate\\Http\\Middleware\\HandleCors->handle(Object(Illuminate\\Http\\Request), Object(Closure))
#67 C:\\Users\\xxxxx\\Documents\\sso-kilau\\kilauCms\\vendor\\laravel\\framework\\src\\Illuminate\\Http\\Middleware\\TrustProxies.php(39): Illuminate\\Pipeline\\Pipeline->Illuminate\\Pipeline\\{closure}(Object(Illuminate\\Http\\Request))
#68 C:\\Users\\xxxxx\\Documents\\sso-kilau\\kilauCms\\vendor\\laravel\\framework\\src\\Illuminate\\Pipeline\\Pipeline.php(183): Illuminate\\Http\\Middleware\\TrustProxies->handle(Object(Illuminate\\Http\\Request), Object(Closure))
#69 C:\\Users\\xxxxx\\Documents\\sso-kilau\\kilauCms\\vendor\\laravel\\framework\\src\\Illuminate\\Pipeline\\Pipeline.php(119): Illuminate\\Pipeline\\Pipeline->Illuminate\\Pipeline\\{closure}(Object(Illuminate\\Http\\Request))
#70 C:\\Users\\xxxxx\\Documents\\sso-kilau\\kilauCms\\vendor\\laravel\\framework\\src\\Illuminate\\Foundation\\Http\\Kernel.php(175): Illuminate\\Pipeline\\Pipeline->then(Object(Closure))
#71 C:\\Users\\xxxxx\\Documents\\sso-kilau\\kilauCms\\vendor\\laravel\\framework\\src\\Illuminate\\Foundation\\Http\\Kernel.php(144): Illuminate\\Foundation\\Http\\Kernel->sendRequestThroughRouter(Object(Illuminate\\Http\\Request))
#72 C:\\Users\\xxxxx\\Documents\\sso-kilau\\kilauCms\\vendor\\laravel\\framework\\src\\Illuminate\\Foundation\\Testing\\Concerns\\MakesHttpRequests.php(585): Illuminate\\Foundation\\Http\\Kernel->handle(Object(Illuminate\\Http\\Request))
#73 C:\\Users\\xxxxx\\Documents\\sso-kilau\\kilauCms\\vendor\\laravel\\framework\\src\\Illuminate\\Foundation\\Testing\\Concerns\\MakesHttpRequests.php(551): Illuminate\\Foundation\\Testing\\TestCase->call('POST', '/midtrans-notif...', Array, Array, Array, Array, '{\"order_id\":\"do...')
#74 C:\\Users\\xxxxx\\Documents\\sso-kilau\\kilauCms\\vendor\\laravel\\framework\\src\\Illuminate\\Foundation\\Testing\\Concerns\\MakesHttpRequests.php(389): Illuminate\\Foundation\\Testing\\TestCase->json('POST', '/midtrans-notif...', Array, Array, 0)
#75 C:\\Users\\xxxxx\\Documents\\sso-kilau\\kilauCms\\tests\\Feature\\MidtransNotificationSecurityTest.php(249): Illuminate\\Foundation\\Testing\\TestCase->postJson('/midtrans-notif...', Array)
#76 C:\\Users\\xxxxx\\Documents\\sso-kilau\\kilauCms\\vendor\\phpunit\\phpunit\\src\\Framework\\TestCase.php(1189): Tests\\Feature\\MidtransNotificationSecurityTest->test_logged_donor_payload_uses_latest_local_auth_profile_and_transaction_snapshot()
#77 C:\\Users\\xxxxx\\Documents\\sso-kilau\\kilauCms\\vendor\\laravel\\framework\\src\\Illuminate\\Foundation\\Testing\\TestCase.php(61): PHPUnit\\Framework\\TestCase->runTest()
#78 C:\\Users\\xxxxx\\Documents\\sso-kilau\\kilauCms\\vendor\\phpunit\\phpunit\\src\\Framework\\TestCase.php(686): Illuminate\\Foundation\\Testing\\TestCase->runTest()
#79 C:\\Users\\xxxxx\\Documents\\sso-kilau\\kilauCms\\vendor\\phpunit\\phpunit\\src\\Framework\\TestRunner.php(105): PHPUnit\\Framework\\TestCase->runBare()
#80 C:\\Users\\xxxxx\\Documents\\sso-kilau\\kilauCms\\vendor\\phpunit\\phpunit\\src\\Framework\\TestCase.php(516): PHPUnit\\Framework\\TestRunner->run(Object(Tests\\Feature\\MidtransNotificationSecurityTest))
#81 C:\\Users\\xxxxx\\Documents\\sso-kilau\\kilauCms\\vendor\\phpunit\\phpunit\\src\\Framework\\TestSuite.php(374): PHPUnit\\Framework\\TestCase->run()
#82 C:\\Users\\xxxxx\\Documents\\sso-kilau\\kilauCms\\vendor\\phpunit\\phpunit\\src\\Framework\\TestSuite.php(374): PHPUnit\\Framework\\TestSuite->run()
#83 C:\\Users\\xxxxx\\Documents\\sso-kilau\\kilauCms\\vendor\\phpunit\\phpunit\\src\\Framework\\TestSuite.php(374): PHPUnit\\Framework\\TestSuite->run()
#84 C:\\Users\\xxxxx\\Documents\\sso-kilau\\kilauCms\\vendor\\phpunit\\phpunit\\src\\TextUI\\TestRunner.php(64): PHPUnit\\Framework\\TestSuite->run()
#85 C:\\Users\\xxxxx\\Documents\\sso-kilau\\kilauCms\\vendor\\phpunit\\phpunit\\src\\TextUI\\Application.php(203): PHPUnit\\TextUI\\TestRunner->run(Object(PHPUnit\\TextUI\\Configuration\\Configuration), Object(PHPUnit\\Runner\\ResultCache\\DefaultResultCache), Object(PHPUnit\\Framework\\TestSuite))
#86 C:\\Users\\xxxxx\\Documents\\sso-kilau\\kilauCms\\vendor\\phpunit\\phpunit\\phpunit(104): PHPUnit\\TextUI\\Application->run(Array)
#87 {main}

[previous exception] [object] (PDOException(code: HY000): SQLSTATE[HY000]: General error: 1 no such table: jobs at C:\\Users\\xxxxx\\Documents\\sso-kilau\\kilauCms\\vendor\\laravel\\framework\\src\\Illuminate\\Database\\Connection.php:581)
[stacktrace]
#0 C:\\Users\\xxxxx\\Documents\\sso-kilau\\kilauCms\\vendor\\laravel\\framework\\src\\Illuminate\\Database\\Connection.php(581): PDO->prepare('insert into \"jo...')
#1 C:\\Users\\xxxxx\\Documents\\sso-kilau\\kilauCms\\vendor\\laravel\\framework\\src\\Illuminate\\Database\\Connection.php(816): Illuminate\\Database\\Connection->Illuminate\\Database\\{closure}('insert into \"jo...', Array)
#2 C:\\Users\\xxxxx\\Documents\\sso-kilau\\kilauCms\\vendor\\laravel\\framework\\src\\Illuminate\\Database\\Connection.php(783): Illuminate\\Database\\Connection->runQueryCallback('insert into \"jo...', Array, Object(Closure))
#3 C:\\Users\\xxxxx\\Documents\\sso-kilau\\kilauCms\\vendor\\laravel\\framework\\src\\Illuminate\\Database\\Connection.php(576): Illuminate\\Database\\Connection->run('insert into \"jo...', Array, Object(Closure))
#4 C:\\Users\\xxxxx\\Documents\\sso-kilau\\kilauCms\\vendor\\laravel\\framework\\src\\Illuminate\\Database\\Connection.php(540): Illuminate\\Database\\Connection->statement('insert into \"jo...', Array)
#5 C:\\Users\\xxxxx\\Documents\\sso-kilau\\kilauCms\\vendor\\laravel\\framework\\src\\Illuminate\\Database\\Query\\Processors\\Processor.php(32): Illuminate\\Database\\Connection->insert('insert into \"jo...', Array)
#6 C:\\Users\\xxxxx\\Documents\\sso-kilau\\kilauCms\\vendor\\laravel\\framework\\src\\Illuminate\\Database\\Query\\Builder.php(3549): Illuminate\\Database\\Query\\Processors\\Processor->processInsertGetId(Object(Illuminate\\Database\\Query\\Builder), 'insert into \"jo...', Array, NULL)
#7 C:\\Users\\xxxxx\\Documents\\sso-kilau\\kilauCms\\vendor\\laravel\\framework\\src\\Illuminate\\Queue\\DatabaseQueue.php(185): Illuminate\\Database\\Query\\Builder->insertGetId(Array)
#8 C:\\Users\\xxxxx\\Documents\\sso-kilau\\kilauCms\\vendor\\laravel\\framework\\src\\Illuminate\\Queue\\DatabaseQueue.php(96): Illuminate\\Queue\\DatabaseQueue->pushToDatabase('integrations', '{\"uuid\":\"5f6a53...')
#9 C:\\Users\\xxxxx\\Documents\\sso-kilau\\kilauCms\\vendor\\laravel\\framework\\src\\Illuminate\\Queue\\Queue.php(342): Illuminate\\Queue\\DatabaseQueue->Illuminate\\Queue\\{closure}('{\"uuid\":\"5f6a53...', 'integrations', NULL)
#10 C:\\Users\\xxxxx\\Documents\\sso-kilau\\kilauCms\\vendor\\laravel\\framework\\src\\Illuminate\\Queue\\DatabaseQueue.php(90): Illuminate\\Queue\\Queue->enqueueUsing(Object(App\\Jobs\\DeliverIntegrationOutboxMessage), '{\"uuid\":\"5f6a53...', 'integrations', NULL, Object(Closure))
#11 C:\\Users\\xxxxx\\Documents\\sso-kilau\\kilauCms\\vendor\\laravel\\framework\\src\\Illuminate\\Queue\\Queue.php(59): Illuminate\\Queue\\DatabaseQueue->push(Object(App\\Jobs\\DeliverIntegrationOutboxMessage), '', 'integrations')
#12 C:\\Users\\xxxxx\\Documents\\sso-kilau\\kilauCms\\vendor\\laravel\\framework\\src\\Illuminate\\Bus\\Dispatcher.php(247): Illuminate\\Queue\\Queue->pushOn('integrations', Object(App\\Jobs\\DeliverIntegrationOutboxMessage))
#13 C:\\Users\\xxxxx\\Documents\\sso-kilau\\kilauCms\\vendor\\laravel\\framework\\src\\Illuminate\\Bus\\Dispatcher.php(230): Illuminate\\Bus\\Dispatcher->pushCommandToQueue(Object(Illuminate\\Queue\\DatabaseQueue), Object(App\\Jobs\\DeliverIntegrationOutboxMessage))
#14 C:\\Users\\xxxxx\\Documents\\sso-kilau\\kilauCms\\vendor\\laravel\\framework\\src\\Illuminate\\Bus\\Dispatcher.php(77): Illuminate\\Bus\\Dispatcher->dispatchToQueue(Object(App\\Jobs\\DeliverIntegrationOutboxMessage))
#15 C:\\Users\\xxxxx\\Documents\\sso-kilau\\kilauCms\\vendor\\laravel\\framework\\src\\Illuminate\\Foundation\\Bus\\PendingDispatch.php(193): Illuminate\\Bus\\Dispatcher->dispatch(Object(App\\Jobs\\DeliverIntegrationOutboxMessage))
#16 C:\\Users\\xxxxx\\Documents\\sso-kilau\\kilauCms\\app\\Services\\IntegrationOutboxService.php(167): Illuminate\\Foundation\\Bus\\PendingDispatch->__destruct()
#17 C:\\Users\\xxxxx\\Documents\\sso-kilau\\kilauCms\\app\\Services\\IntegrationOutboxService.php(79): App\\Services\\IntegrationOutboxService->dispatch('7cb62571-3312-4...')
#18 C:\\Users\\xxxxx\\Documents\\sso-kilau\\kilauCms\\vendor\\laravel\\framework\\src\\Illuminate\\Database\\DatabaseTransactionRecord.php(69): App\\Services\\IntegrationOutboxService->App\\Services\\{closure}()
#19 C:\\Users\\xxxxx\\Documents\\sso-kilau\\kilauCms\\vendor\\laravel\\framework\\src\\Illuminate\\Collections\\HigherOrderCollectionProxy.php(60): Illuminate\\Database\\DatabaseTransactionRecord->executeCallbacks()
#20 [internal function]: Illuminate\\Support\\HigherOrderCollectionProxy->Illuminate\\Support\\{closure}(Object(Illuminate\\Database\\DatabaseTransactionRecord), 1)
#21 C:\\Users\\xxxxx\\Documents\\sso-kilau\\kilauCms\\vendor\\laravel\\framework\\src\\Illuminate\\Collections\\Arr.php(600): array_map(Object(Closure), Array, Array)
#22 C:\\Users\\xxxxx\\Documents\\sso-kilau\\kilauCms\\vendor\\laravel\\framework\\src\\Illuminate\\Collections\\Collection.php(778): Illuminate\\Support\\Arr::map(Array, Object(Closure))
#23 C:\\Users\\xxxxx\\Documents\\sso-kilau\\kilauCms\\vendor\\laravel\\framework\\src\\Illuminate\\Collections\\HigherOrderCollectionProxy.php(59): Illuminate\\Support\\Collection->map(Object(Closure))
#24 C:\\Users\\xxxxx\\Documents\\sso-kilau\\kilauCms\\vendor\\laravel\\framework\\src\\Illuminate\\Database\\DatabaseTransactionsManager.php(96): Illuminate\\Support\\HigherOrderCollectionProxy->__call('executeCallback...', Array)
#25 C:\\Users\\xxxxx\\Documents\\sso-kilau\\kilauCms\\vendor\\laravel\\framework\\src\\Illuminate\\Database\\Concerns\\ManagesTransactions.php(61): Illuminate\\Database\\DatabaseTransactionsManager->commit('sqlite', 1, 0)
#26 C:\\Users\\xxxxx\\Documents\\sso-kilau\\kilauCms\\vendor\\laravel\\framework\\src\\Illuminate\\Database\\DatabaseManager.php(509): Illuminate\\Database\\Connection->transaction(Object(Closure))
#27 C:\\Users\\xxxxx\\Documents\\sso-kilau\\kilauCms\\vendor\\laravel\\framework\\src\\Illuminate\\Support\\Facades\\Facade.php(355): Illuminate\\Database\\DatabaseManager->__call('transaction', Array)
#28 C:\\Users\\xxxxx\\Documents\\sso-kilau\\kilauCms\\app\\Services\\MidtransNotificationService.php(68): Illuminate\\Support\\Facades\\Facade::__callStatic('transaction', Array)
#29 C:\\Users\\xxxxx\\Documents\\sso-kilau\\kilauCms\\app\\Services\\MidtransNotificationService.php(35): App\\Services\\MidtransNotificationService->applyVerifiedStatus(Object(App\\Models\\DonasiKilau), Array)
#30 C:\\Users\\xxxxx\\Documents\\sso-kilau\\kilauCms\\app\\Http\\Controllers\\LandingPage\\HomeController.php(456): App\\Services\\MidtransNotificationService->process(Array)
#31 C:\\Users\\xxxxx\\Documents\\sso-kilau\\kilauCms\\vendor\\laravel\\framework\\src\\Illuminate\\Routing\\Controller.php(54): App\\Http\\Controllers\\LandingPage\\HomeController->handleMidtransCallback(Object(App\\Http\\Requests\\MidtransNotificationRequest), Object(App\\Services\\MidtransNotificationService))
#32 C:\\Users\\xxxxx\\Documents\\sso-kilau\\kilauCms\\vendor\\laravel\\framework\\src\\Illuminate\\Routing\\ControllerDispatcher.php(43): Illuminate\\Routing\\Controller->callAction('handleMidtransC...', Array)
#33 C:\\Users\\xxxxx\\Documents\\sso-kilau\\kilauCms\\vendor\\laravel\\framework\\src\\Illuminate\\Routing\\Route.php(259): Illuminate\\Routing\\ControllerDispatcher->dispatch(Object(Illuminate\\Routing\\Route), Object(App\\Http\\Controllers\\LandingPage\\HomeController), 'handleMidtransC...')
#34 C:\\Users\\xxxxx\\Documents\\sso-kilau\\kilauCms\\vendor\\laravel\\framework\\src\\Illuminate\\Routing\\Route.php(205): Illuminate\\Routing\\Route->runController()
#35 C:\\Users\\xxxxx\\Documents\\sso-kilau\\kilauCms\\vendor\\laravel\\framework\\src\\Illuminate\\Routing\\Router.php(806): Illuminate\\Routing\\Route->run()
#36 C:\\Users\\xxxxx\\Documents\\sso-kilau\\kilauCms\\vendor\\laravel\\framework\\src\\Illuminate\\Pipeline\\Pipeline.php(144): Illuminate\\Routing\\Router->Illuminate\\Routing\\{closure}(Object(Illuminate\\Http\\Request))
#37 C:\\Users\\xxxxx\\Documents\\sso-kilau\\kilauCms\\vendor\\laravel\\framework\\src\\Illuminate\\Routing\\Middleware\\SubstituteBindings.php(50): Illuminate\\Pipeline\\Pipeline->Illuminate\\Pipeline\\{closure}(Object(Illuminate\\Http\\Request))
#38 C:\\Users\\xxxxx\\Documents\\sso-kilau\\kilauCms\\vendor\\laravel\\framework\\src\\Illuminate\\Pipeline\\Pipeline.php(183): Illuminate\\Routing\\Middleware\\SubstituteBindings->handle(Object(Illuminate\\Http\\Request), Object(Closure))
#39 C:\\Users\\xxxxx\\Documents\\sso-kilau\\kilauCms\\vendor\\laravel\\framework\\src\\Illuminate\\Foundation\\Http\\Middleware\\VerifyCsrfToken.php(78): Illuminate\\Pipeline\\Pipeline->Illuminate\\Pipeline\\{closure}(Object(Illuminate\\Http\\Request))
#40 C:\\Users\\xxxxx\\Documents\\sso-kilau\\kilauCms\\vendor\\laravel\\framework\\src\\Illuminate\\Pipeline\\Pipeline.php(183): Illuminate\\Foundation\\Http\\Middleware\\VerifyCsrfToken->handle(Object(Illuminate\\Http\\Request), Object(Closure))
#41 C:\\Users\\xxxxx\\Documents\\sso-kilau\\kilauCms\\vendor\\laravel\\framework\\src\\Illuminate\\View\\Middleware\\ShareErrorsFromSession.php(49): Illuminate\\Pipeline\\Pipeline->Illuminate\\Pipeline\\{closure}(Object(Illuminate\\Http\\Request))
#42 C:\\Users\\xxxxx\\Documents\\sso-kilau\\kilauCms\\vendor\\laravel\\framework\\src\\Illuminate\\Pipeline\\Pipeline.php(183): Illuminate\\View\\Middleware\\ShareErrorsFromSession->handle(Object(Illuminate\\Http\\Request), Object(Closure))
#43 C:\\Users\\xxxxx\\Documents\\sso-kilau\\kilauCms\\vendor\\laravel\\framework\\src\\Illuminate\\Session\\Middleware\\StartSession.php(121): Illuminate\\Pipeline\\Pipeline->Illuminate\\Pipeline\\{closure}(Object(Illuminate\\Http\\Request))
#44 C:\\Users\\xxxxx\\Documents\\sso-kilau\\kilauCms\\vendor\\laravel\\framework\\src\\Illuminate\\Session\\Middleware\\StartSession.php(64): Illuminate\\Session\\Middleware\\StartSession->handleStatefulRequest(Object(Illuminate\\Http\\Request), Object(Illuminate\\Session\\Store), Object(Closure))
#45 C:\\Users\\xxxxx\\Documents\\sso-kilau\\kilauCms\\vendor\\laravel\\framework\\src\\Illuminate\\Pipeline\\Pipeline.php(183): Illuminate\\Session\\Middleware\\StartSession->handle(Object(Illuminate\\Http\\Request), Object(Closure))
#46 C:\\Users\\xxxxx\\Documents\\sso-kilau\\kilauCms\\vendor\\laravel\\framework\\src\\Illuminate\\Cookie\\Middleware\\AddQueuedCookiesToResponse.php(37): Illuminate\\Pipeline\\Pipeline->Illuminate\\Pipeline\\{closure}(Object(Illuminate\\Http\\Request))
#47 C:\\Users\\xxxxx\\Documents\\sso-kilau\\kilauCms\\vendor\\laravel\\framework\\src\\Illuminate\\Pipeline\\Pipeline.php(183): Illuminate\\Cookie\\Middleware\\AddQueuedCookiesToResponse->handle(Object(Illuminate\\Http\\Request), Object(Closure))
#48 C:\\Users\\xxxxx\\Documents\\sso-kilau\\kilauCms\\vendor\\laravel\\framework\\src\\Illuminate\\Cookie\\Middleware\\EncryptCookies.php(67): Illuminate\\Pipeline\\Pipeline->Illuminate\\Pipeline\\{closure}(Object(Illuminate\\Http\\Request))
#49 C:\\Users\\xxxxx\\Documents\\sso-kilau\\kilauCms\\vendor\\laravel\\framework\\src\\Illuminate\\Pipeline\\Pipeline.php(183): Illuminate\\Cookie\\Middleware\\EncryptCookies->handle(Object(Illuminate\\Http\\Request), Object(Closure))
#50 C:\\Users\\xxxxx\\Documents\\sso-kilau\\kilauCms\\vendor\\laravel\\framework\\src\\Illuminate\\Pipeline\\Pipeline.php(119): Illuminate\\Pipeline\\Pipeline->Illuminate\\Pipeline\\{closure}(Object(Illuminate\\Http\\Request))
#51 C:\\Users\\xxxxx\\Documents\\sso-kilau\\kilauCms\\vendor\\laravel\\framework\\src\\Illuminate\\Routing\\Router.php(805): Illuminate\\Pipeline\\Pipeline->then(Object(Closure))
#52 C:\\Users\\xxxxx\\Documents\\sso-kilau\\kilauCms\\vendor\\laravel\\framework\\src\\Illuminate\\Routing\\Router.php(784): Illuminate\\Routing\\Router->runRouteWithinStack(Object(Illuminate\\Routing\\Route), Object(Illuminate\\Http\\Request))
#53 C:\\Users\\xxxxx\\Documents\\sso-kilau\\kilauCms\\vendor\\laravel\\framework\\src\\Illuminate\\Routing\\Router.php(748): Illuminate\\Routing\\Router->runRoute(Object(Illuminate\\Http\\Request), Object(Illuminate\\Routing\\Route))
#54 C:\\Users\\xxxxx\\Documents\\sso-kilau\\kilauCms\\vendor\\laravel\\framework\\src\\Illuminate\\Routing\\Router.php(737): Illuminate\\Routing\\Router->dispatchToRoute(Object(Illuminate\\Http\\Request))
#55 C:\\Users\\xxxxx\\Documents\\sso-kilau\\kilauCms\\vendor\\laravel\\framework\\src\\Illuminate\\Foundation\\Http\\Kernel.php(200): Illuminate\\Routing\\Router->dispatch(Object(Illuminate\\Http\\Request))
#56 C:\\Users\\xxxxx\\Documents\\sso-kilau\\kilauCms\\vendor\\laravel\\framework\\src\\Illuminate\\Pipeline\\Pipeline.php(144): Illuminate\\Foundation\\Http\\Kernel->Illuminate\\Foundation\\Http\\{closure}(Object(Illuminate\\Http\\Request))
#57 C:\\Users\\xxxxx\\Documents\\sso-kilau\\kilauCms\\vendor\\laravel\\framework\\src\\Illuminate\\Foundation\\Http\\Middleware\\TransformsRequest.php(21): Illuminate\\Pipeline\\Pipeline->Illuminate\\Pipeline\\{closure}(Object(Illuminate\\Http\\Request))
#58 C:\\Users\\xxxxx\\Documents\\sso-kilau\\kilauCms\\vendor\\laravel\\framework\\src\\Illuminate\\Foundation\\Http\\Middleware\\ConvertEmptyStringsToNull.php(31): Illuminate\\Foundation\\Http\\Middleware\\TransformsRequest->handle(Object(Illuminate\\Http\\Request), Object(Closure))
#59 C:\\Users\\xxxxx\\Documents\\sso-kilau\\kilauCms\\vendor\\laravel\\framework\\src\\Illuminate\\Pipeline\\Pipeline.php(183): Illuminate\\Foundation\\Http\\Middleware\\ConvertEmptyStringsToNull->handle(Object(Illuminate\\Http\\Request), Object(Closure))
#60 C:\\Users\\xxxxx\\Documents\\sso-kilau\\kilauCms\\vendor\\laravel\\framework\\src\\Illuminate\\Foundation\\Http\\Middleware\\TransformsRequest.php(21): Illuminate\\Pipeline\\Pipeline->Illuminate\\Pipeline\\{closure}(Object(Illuminate\\Http\\Request))
#61 C:\\Users\\xxxxx\\Documents\\sso-kilau\\kilauCms\\vendor\\laravel\\framework\\src\\Illuminate\\Foundation\\Http\\Middleware\\TrimStrings.php(40): Illuminate\\Foundation\\Http\\Middleware\\TransformsRequest->handle(Object(Illuminate\\Http\\Request), Object(Closure))
#62 C:\\Users\\xxxxx\\Documents\\sso-kilau\\kilauCms\\vendor\\laravel\\framework\\src\\Illuminate\\Pipeline\\Pipeline.php(183): Illuminate\\Foundation\\Http\\Middleware\\TrimStrings->handle(Object(Illuminate\\Http\\Request), Object(Closure))
#63 C:\\Users\\xxxxx\\Documents\\sso-kilau\\kilauCms\\vendor\\laravel\\framework\\src\\Illuminate\\Foundation\\Http\\Middleware\\ValidatePostSize.php(27): Illuminate\\Pipeline\\Pipeline->Illuminate\\Pipeline\\{closure}(Object(Illuminate\\Http\\Request))
#64 C:\\Users\\xxxxx\\Documents\\sso-kilau\\kilauCms\\vendor\\laravel\\framework\\src\\Illuminate\\Pipeline\\Pipeline.php(183): Illuminate\\Foundation\\Http\\Middleware\\ValidatePostSize->handle(Object(Illuminate\\Http\\Request), Object(Closure))
#65 C:\\Users\\xxxxx\\Documents\\sso-kilau\\kilauCms\\vendor\\laravel\\framework\\src\\Illuminate\\Foundation\\Http\\Middleware\\PreventRequestsDuringMaintenance.php(99): Illuminate\\Pipeline\\Pipeline->Illuminate\\Pipeline\\{closure}(Object(Illuminate\\Http\\Request))
#66 C:\\Users\\xxxxx\\Documents\\sso-kilau\\kilauCms\\vendor\\laravel\\framework\\src\\Illuminate\\Pipeline\\Pipeline.php(183): Illuminate\\Foundation\\Http\\Middleware\\PreventRequestsDuringMaintenance->handle(Object(Illuminate\\Http\\Request), Object(Closure))
#67 C:\\Users\\xxxxx\\Documents\\sso-kilau\\kilauCms\\vendor\\laravel\\framework\\src\\Illuminate\\Http\\Middleware\\HandleCors.php(49): Illuminate\\Pipeline\\Pipeline->Illuminate\\Pipeline\\{closure}(Object(Illuminate\\Http\\Request))
#68 C:\\Users\\xxxxx\\Documents\\sso-kilau\\kilauCms\\vendor\\laravel\\framework\\src\\Illuminate\\Pipeline\\Pipeline.php(183): Illuminate\\Http\\Middleware\\HandleCors->handle(Object(Illuminate\\Http\\Request), Object(Closure))
#69 C:\\Users\\xxxxx\\Documents\\sso-kilau\\kilauCms\\vendor\\laravel\\framework\\src\\Illuminate\\Http\\Middleware\\TrustProxies.php(39): Illuminate\\Pipeline\\Pipeline->Illuminate\\Pipeline\\{closure}(Object(Illuminate\\Http\\Request))
#70 C:\\Users\\xxxxx\\Documents\\sso-kilau\\kilauCms\\vendor\\laravel\\framework\\src\\Illuminate\\Pipeline\\Pipeline.php(183): Illuminate\\Http\\Middleware\\TrustProxies->handle(Object(Illuminate\\Http\\Request), Object(Closure))
#71 C:\\Users\\xxxxx\\Documents\\sso-kilau\\kilauCms\\vendor\\laravel\\framework\\src\\Illuminate\\Pipeline\\Pipeline.php(119): Illuminate\\Pipeline\\Pipeline->Illuminate\\Pipeline\\{closure}(Object(Illuminate\\Http\\Request))
#72 C:\\Users\\xxxxx\\Documents\\sso-kilau\\kilauCms\\vendor\\laravel\\framework\\src\\Illuminate\\Foundation\\Http\\Kernel.php(175): Illuminate\\Pipeline\\Pipeline->then(Object(Closure))
#73 C:\\Users\\xxxxx\\Documents\\sso-kilau\\kilauCms\\vendor\\laravel\\framework\\src\\Illuminate\\Foundation\\Http\\Kernel.php(144): Illuminate\\Foundation\\Http\\Kernel->sendRequestThroughRouter(Object(Illuminate\\Http\\Request))
#74 C:\\Users\\xxxxx\\Documents\\sso-kilau\\kilauCms\\vendor\\laravel\\framework\\src\\Illuminate\\Foundation\\Testing\\Concerns\\MakesHttpRequests.php(585): Illuminate\\Foundation\\Http\\Kernel->handle(Object(Illuminate\\Http\\Request))
#75 C:\\Users\\xxxxx\\Documents\\sso-kilau\\kilauCms\\vendor\\laravel\\framework\\src\\Illuminate\\Foundation\\Testing\\Concerns\\MakesHttpRequests.php(551): Illuminate\\Foundation\\Testing\\TestCase->call('POST', '/midtrans-notif...', Array, Array, Array, Array, '{\"order_id\":\"do...')
#76 C:\\Users\\xxxxx\\Documents\\sso-kilau\\kilauCms\\vendor\\laravel\\framework\\src\\Illuminate\\Foundation\\Testing\\Concerns\\MakesHttpRequests.php(389): Illuminate\\Foundation\\Testing\\TestCase->json('POST', '/midtrans-notif...', Array, Array, 0)
#77 C:\\Users\\xxxxx\\Documents\\sso-kilau\\kilauCms\\tests\\Feature\\MidtransNotificationSecurityTest.php(249): Illuminate\\Foundation\\Testing\\TestCase->postJson('/midtrans-notif...', Array)
#78 C:\\Users\\xxxxx\\Documents\\sso-kilau\\kilauCms\\vendor\\phpunit\\phpunit\\src\\Framework\\TestCase.php(1189): Tests\\Feature\\MidtransNotificationSecurityTest->test_logged_donor_payload_uses_latest_local_auth_profile_and_transaction_snapshot()
#79 C:\\Users\\xxxxx\\Documents\\sso-kilau\\kilauCms\\vendor\\laravel\\framework\\src\\Illuminate\\Foundation\\Testing\\TestCase.php(61): PHPUnit\\Framework\\TestCase->runTest()
#80 C:\\Users\\xxxxx\\Documents\\sso-kilau\\kilauCms\\vendor\\phpunit\\phpunit\\src\\Framework\\TestCase.php(686): Illuminate\\Foundation\\Testing\\TestCase->runTest()
#81 C:\\Users\\xxxxx\\Documents\\sso-kilau\\kilauCms\\vendor\\phpunit\\phpunit\\src\\Framework\\TestRunner.php(105): PHPUnit\\Framework\\TestCase->runBare()
#82 C:\\Users\\xxxxx\\Documents\\sso-kilau\\kilauCms\\vendor\\phpunit\\phpunit\\src\\Framework\\TestCase.php(516): PHPUnit\\Framework\\TestRunner->run(Object(Tests\\Feature\\MidtransNotificationSecurityTest))
#83 C:\\Users\\xxxxx\\Documents\\sso-kilau\\kilauCms\\vendor\\phpunit\\phpunit\\src\\Framework\\TestSuite.php(374): PHPUnit\\Framework\\TestCase->run()
#84 C:\\Users\\xxxxx\\Documents\\sso-kilau\\kilauCms\\vendor\\phpunit\\phpunit\\src\\Framework\\TestSuite.php(374): PHPUnit\\Framework\\TestSuite->run()
#85 C:\\Users\\xxxxx\\Documents\\sso-kilau\\kilauCms\\vendor\\phpunit\\phpunit\\src\\Framework\\TestSuite.php(374): PHPUnit\\Framework\\TestSuite->run()
#86 C:\\Users\\xxxxx\\Documents\\sso-kilau\\kilauCms\\vendor\\phpunit\\phpunit\\src\\TextUI\\TestRunner.php(64): PHPUnit\\Framework\\TestSuite->run()
#87 C:\\Users\\xxxxx\\Documents\\sso-kilau\\kilauCms\\vendor\\phpunit\\phpunit\\src\\TextUI\\Application.php(203): PHPUnit\\TextUI\\TestRunner->run(Object(PHPUnit\\TextUI\\Configuration\\Configuration), Object(PHPUnit\\Runner\\ResultCache\\DefaultResultCache), Object(PHPUnit\\Framework\\TestSuite))
#88 C:\\Users\\xxxxx\\Documents\\sso-kilau\\kilauCms\\vendor\\phpunit\\phpunit\\phpunit(104): PHPUnit\\TextUI\\Application->run(Array)
#89 {main}
"} 
[2026-07-21 06:44:46] local.INFO: Outbox integrasi berhasil dikirim. {"outbox_id":"1d78dd38-c590-4e61-aab8-fcf9b9e4062e","event_type":"donation.paid","attempt":1,"http_status":201} 
[2026-07-21 06:44:47] local.INFO: Outbox integrasi berhasil dikirim. {"outbox_id":"9923b74c-0f9d-438d-bb05-382c4a86eac5","event_type":"donation.paid","attempt":1,"http_status":201} 
[2026-07-21 07:19:32] testing.ERROR: Driver [array] not supported. {"userId":1,"exception":"[object] (InvalidArgumentException(code: 0): Driver [array] not supported. at C:\\Users\\xxxxx\\Documents\\sso-kilau\\kilauCms\\vendor\\laravel\\framework\\src\\Illuminate\\Support\\Manager.php:109)
[stacktrace]
#0 C:\\Users\\xxxxx\\Documents\\sso-kilau\\kilauCms\\vendor\\laravel\\framework\\src\\Illuminate\\Support\\Manager.php(80): Illuminate\\Support\\Manager->createDriver('array')
#1 C:\\Users\\xxxxx\\Documents\\sso-kilau\\kilauCms\\vendor\\laravel\\framework\\src\\Illuminate\\Foundation\\Providers\\FoundationServiceProvider.php(193): Illuminate\\Support\\Manager->driver()
#2 C:\\Users\\xxxxx\\Documents\\sso-kilau\\kilauCms\\vendor\\laravel\\framework\\src\\Illuminate\\Container\\Container.php(908): Illuminate\\Foundation\\Providers\\FoundationServiceProvider->Illuminate\\Foundation\\Providers\\{closure}(Object(Illuminate\\Foundation\\Application), Array)
#3 C:\\Users\\xxxxx\\Documents\\sso-kilau\\kilauCms\\vendor\\laravel\\framework\\src\\Illuminate\\Container\\Container.php(795): Illuminate\\Container\\Container->build(Object(Closure))
#4 C:\\Users\\xxxxx\\Documents\\sso-kilau\\kilauCms\\vendor\\laravel\\framework\\src\\Illuminate\\Foundation\\Application.php(963): Illuminate\\Container\\Container->resolve('Illuminate\\\\Cont...', Array, true)
#5 C:\\Users\\xxxxx\\Documents\\sso-kilau\\kilauCms\\vendor\\laravel\\framework\\src\\Illuminate\\Container\\Container.php(731): Illuminate\\Foundation\\Application->resolve('Illuminate\\\\Cont...', Array)
#6 C:\\Users\\xxxxx\\Documents\\sso-kilau\\kilauCms\\vendor\\laravel\\framework\\src\\Illuminate\\Foundation\\Application.php(948): Illuminate\\Container\\Container->make('Illuminate\\\\Cont...', Array)
#7 C:\\Users\\xxxxx\\Documents\\sso-kilau\\kilauCms\\vendor\\laravel\\framework\\src\\Illuminate\\Foundation\\Application.php(1224): Illuminate\\Foundation\\Application->make('Illuminate\\\\Cont...')
#8 C:\\Users\\xxxxx\\Documents\\sso-kilau\\kilauCms\\vendor\\laravel\\framework\\src\\Illuminate\\Foundation\\Http\\Middleware\\PreventRequestsDuringMaintenance.php(54): Illuminate\\Foundation\\Application->maintenanceMode()
#9 C:\\Users\\xxxxx\\Documents\\sso-kilau\\kilauCms\\vendor\\laravel\\framework\\src\\Illuminate\\Pipeline\\Pipeline.php(183): Illuminate\\Foundation\\Http\\Middleware\\PreventRequestsDuringMaintenance->handle(Object(Illuminate\\Http\\Request), Object(Closure))
#10 C:\\Users\\xxxxx\\Documents\\sso-kilau\\kilauCms\\vendor\\laravel\\framework\\src\\Illuminate\\Http\\Middleware\\HandleCors.php(49): Illuminate\\Pipeline\\Pipeline->Illuminate\\Pipeline\\{closure}(Object(Illuminate\\Http\\Request))
#11 C:\\Users\\xxxxx\\Documents\\sso-kilau\\kilauCms\\vendor\\laravel\\framework\\src\\Illuminate\\Pipeline\\Pipeline.php(183): Illuminate\\Http\\Middleware\\HandleCors->handle(Object(Illuminate\\Http\\Request), Object(Closure))
#12 C:\\Users\\xxxxx\\Documents\\sso-kilau\\kilauCms\\vendor\\laravel\\framework\\src\\Illuminate\\Http\\Middleware\\TrustProxies.php(39): Illuminate\\Pipeline\\Pipeline->Illuminate\\Pipeline\\{closure}(Object(Illuminate\\Http\\Request))
#13 C:\\Users\\xxxxx\\Documents\\sso-kilau\\kilauCms\\vendor\\laravel\\framework\\src\\Illuminate\\Pipeline\\Pipeline.php(183): Illuminate\\Http\\Middleware\\TrustProxies->handle(Object(Illuminate\\Http\\Request), Object(Closure))
#14 C:\\Users\\xxxxx\\Documents\\sso-kilau\\kilauCms\\vendor\\laravel\\framework\\src\\Illuminate\\Pipeline\\Pipeline.php(119): Illuminate\\Pipeline\\Pipeline->Illuminate\\Pipeline\\{closure}(Object(Illuminate\\Http\\Request))
#15 C:\\Users\\xxxxx\\Documents\\sso-kilau\\kilauCms\\vendor\\laravel\\framework\\src\\Illuminate\\Foundation\\Http\\Kernel.php(175): Illuminate\\Pipeline\\Pipeline->then(Object(Closure))
#16 C:\\Users\\xxxxx\\Documents\\sso-kilau\\kilauCms\\vendor\\laravel\\framework\\src\\Illuminate\\Foundation\\Http\\Kernel.php(144): Illuminate\\Foundation\\Http\\Kernel->sendRequestThroughRouter(Object(Illuminate\\Http\\Request))
#17 C:\\Users\\xxxxx\\Documents\\sso-kilau\\kilauCms\\vendor\\laravel\\framework\\src\\Illuminate\\Foundation\\Testing\\Concerns\\MakesHttpRequests.php(585): Illuminate\\Foundation\\Http\\Kernel->handle(Object(Illuminate\\Http\\Request))
#18 C:\\Users\\xxxxx\\Documents\\sso-kilau\\kilauCms\\vendor\\laravel\\framework\\src\\Illuminate\\Foundation\\Testing\\Concerns\\MakesHttpRequests.php(346): Illuminate\\Foundation\\Testing\\TestCase->call('GET', '/get-users?page...', Array, Array, Array, Array)
#19 C:\\Users\\xxxxx\\Documents\\sso-kilau\\kilauCms\\tests\\Feature\\DonationHistoryPaginationTest.php(155): Illuminate\\Foundation\\Testing\\TestCase->get('/get-users?page...')
#20 C:\\Users\\xxxxx\\Documents\\sso-kilau\\kilauCms\\vendor\\phpunit\\phpunit\\src\\Framework\\TestCase.php(1189): Tests\\Feature\\DonationHistoryPaginationTest->test_history_uses_server_pagination_and_full_user_summary()
#21 C:\\Users\\xxxxx\\Documents\\sso-kilau\\kilauCms\\vendor\\laravel\\framework\\src\\Illuminate\\Foundation\\Testing\\TestCase.php(61): PHPUnit\\Framework\\TestCase->runTest()
#22 C:\\Users\\xxxxx\\Documents\\sso-kilau\\kilauCms\\vendor\\phpunit\\phpunit\\src\\Framework\\TestCase.php(686): Illuminate\\Foundation\\Testing\\TestCase->runTest()
#23 C:\\Users\\xxxxx\\Documents\\sso-kilau\\kilauCms\\vendor\\phpunit\\phpunit\\src\\Framework\\TestRunner.php(105): PHPUnit\\Framework\\TestCase->runBare()
#24 C:\\Users\\xxxxx\\Documents\\sso-kilau\\kilauCms\\vendor\\phpunit\\phpunit\\src\\Framework\\TestCase.php(516): PHPUnit\\Framework\\TestRunner->run(Object(Tests\\Feature\\DonationHistoryPaginationTest))
#25 C:\\Users\\xxxxx\\Documents\\sso-kilau\\kilauCms\\vendor\\phpunit\\phpunit\\src\\Framework\\TestSuite.php(374): PHPUnit\\Framework\\TestCase->run()
#26 C:\\Users\\xxxxx\\Documents\\sso-kilau\\kilauCms\\vendor\\phpunit\\phpunit\\src\\TextUI\\TestRunner.php(64): PHPUnit\\Framework\\TestSuite->run()
#27 C:\\Users\\xxxxx\\Documents\\sso-kilau\\kilauCms\\vendor\\phpunit\\phpunit\\src\\TextUI\\Application.php(203): PHPUnit\\TextUI\\TestRunner->run(Object(PHPUnit\\TextUI\\Configuration\\Configuration), Object(PHPUnit\\Runner\\ResultCache\\DefaultResultCache), Object(PHPUnit\\Framework\\TestSuite))
#28 C:\\Users\\xxxxx\\Documents\\sso-kilau\\kilauCms\\vendor\\phpunit\\phpunit\\phpunit(104): PHPUnit\\TextUI\\Application->run(Array)
#29 {main}
"} 
[2026-07-21 07:27:13] local.ERROR: SQLSTATE[42S02]: Base table or view not found: 1146 Table 'klauindonesia_cms.donasi_histories' doesn't exist (Connection: mysql, SQL: alter table `donasi_histories` add index `donasi_histories_user_created_idx`(`external_user_id`, `created_at`, `id`)) {"exception":"[object] (Illuminate\\Database\\QueryException(code: 42S02): SQLSTATE[42S02]: Base table or view not found: 1146 Table 'klauindonesia_cms.donasi_histories' doesn't exist (Connection: mysql, SQL: alter table `donasi_histories` add index `donasi_histories_user_created_idx`(`external_user_id`, `created_at`, `id`)) at C:\\Users\\xxxxx\\Documents\\sso-kilau\\kilauCms\\vendor\\laravel\\framework\\src\\Illuminate\\Database\\Connection.php:829)
[stacktrace]
#0 C:\\Users\\xxxxx\\Documents\\sso-kilau\\kilauCms\\vendor\\laravel\\framework\\src\\Illuminate\\Database\\Connection.php(783): Illuminate\\Database\\Connection->runQueryCallback('alter table `do...', Array, Object(Closure))
#1 C:\\Users\\xxxxx\\Documents\\sso-kilau\\kilauCms\\vendor\\laravel\\framework\\src\\Illuminate\\Database\\Connection.php(576): Illuminate\\Database\\Connection->run('alter table `do...', Array, Object(Closure))
#2 C:\\Users\\xxxxx\\Documents\\sso-kilau\\kilauCms\\vendor\\laravel\\framework\\src\\Illuminate\\Database\\Schema\\Blueprint.php(110): Illuminate\\Database\\Connection->statement('alter table `do...')
#3 C:\\Users\\xxxxx\\Documents\\sso-kilau\\kilauCms\\vendor\\laravel\\framework\\src\\Illuminate\\Database\\Schema\\Builder.php(602): Illuminate\\Database\\Schema\\Blueprint->build(Object(Illuminate\\Database\\MySqlConnection), Object(Illuminate\\Database\\Schema\\Grammars\\MySqlGrammar))
#4 C:\\Users\\xxxxx\\Documents\\sso-kilau\\kilauCms\\vendor\\laravel\\framework\\src\\Illuminate\\Database\\Schema\\Builder.php(444): Illuminate\\Database\\Schema\\Builder->build(Object(Illuminate\\Database\\Schema\\Blueprint))
#5 C:\\Users\\xxxxx\\Documents\\sso-kilau\\kilauCms\\vendor\\laravel\\framework\\src\\Illuminate\\Support\\Facades\\Facade.php(355): Illuminate\\Database\\Schema\\Builder->table('donasi_historie...', Object(Closure))
#6 C:\\Users\\xxxxx\\Documents\\sso-kilau\\kilauCms\\database\\migrations\\2026_07_21_000001_add_user_created_index_to_donasi_histories.php(10): Illuminate\\Support\\Facades\\Facade::__callStatic('table', Array)
#7 C:\\Users\\xxxxx\\Documents\\sso-kilau\\kilauCms\\vendor\\laravel\\framework\\src\\Illuminate\\Database\\Migrations\\Migrator.php(493): Illuminate\\Database\\Migrations\\Migration@anonymous->up()
#8 C:\\Users\\xxxxx\\Documents\\sso-kilau\\kilauCms\\vendor\\laravel\\framework\\src\\Illuminate\\Database\\Migrations\\Migrator.php(410): Illuminate\\Database\\Migrations\\Migrator->runMethod(Object(Illuminate\\Database\\MySqlConnection), Object(Illuminate\\Database\\Migrations\\Migration@anonymous), 'up')
#9 C:\\Users\\xxxxx\\Documents\\sso-kilau\\kilauCms\\vendor\\laravel\\framework\\src\\Illuminate\\Database\\Migrations\\Migrator.php(419): Illuminate\\Database\\Migrations\\Migrator->Illuminate\\Database\\Migrations\\{closure}()
#10 C:\\Users\\xxxxx\\Documents\\sso-kilau\\kilauCms\\vendor\\laravel\\framework\\src\\Illuminate\\Database\\Migrations\\Migrator.php(216): Illuminate\\Database\\Migrations\\Migrator->runMigration(Object(Illuminate\\Database\\Migrations\\Migration@anonymous), 'up')
#11 C:\\Users\\xxxxx\\Documents\\sso-kilau\\kilauCms\\vendor\\laravel\\framework\\src\\Illuminate\\Console\\View\\Components\\Task.php(37): Illuminate\\Database\\Migrations\\Migrator->Illuminate\\Database\\Migrations\\{closure}()
#12 C:\\Users\\xxxxx\\Documents\\sso-kilau\\kilauCms\\vendor\\laravel\\framework\\src\\Illuminate\\Database\\Migrations\\Migrator.php(756): Illuminate\\Console\\View\\Components\\Task->render('2026_07_21_0000...', Object(Closure))
#13 C:\\Users\\xxxxx\\Documents\\sso-kilau\\kilauCms\\vendor\\laravel\\framework\\src\\Illuminate\\Database\\Migrations\\Migrator.php(216): Illuminate\\Database\\Migrations\\Migrator->write('Illuminate\\\\Cons...', '2026_07_21_0000...', Object(Closure))
#14 C:\\Users\\xxxxx\\Documents\\sso-kilau\\kilauCms\\vendor\\laravel\\framework\\src\\Illuminate\\Database\\Migrations\\Migrator.php(181): Illuminate\\Database\\Migrations\\Migrator->runUp('C:\\\\Users\\\\xxxxx\\\\...', 46, false)
#15 C:\\Users\\xxxxx\\Documents\\sso-kilau\\kilauCms\\vendor\\laravel\\framework\\src\\Illuminate\\Database\\Migrations\\Migrator.php(124): Illuminate\\Database\\Migrations\\Migrator->runPending(Array, Array)
#16 C:\\Users\\xxxxx\\Documents\\sso-kilau\\kilauCms\\vendor\\laravel\\framework\\src\\Illuminate\\Database\\Console\\Migrations\\MigrateCommand.php(90): Illuminate\\Database\\Migrations\\Migrator->run(Array, Array)
#17 C:\\Users\\xxxxx\\Documents\\sso-kilau\\kilauCms\\vendor\\laravel\\framework\\src\\Illuminate\\Database\\Migrations\\Migrator.php(633): Illuminate\\Database\\Console\\Migrations\\MigrateCommand->Illuminate\\Database\\Console\\Migrations\\{closure}()
#18 C:\\Users\\xxxxx\\Documents\\sso-kilau\\kilauCms\\vendor\\laravel\\framework\\src\\Illuminate\\Database\\Console\\Migrations\\MigrateCommand.php(83): Illuminate\\Database\\Migrations\\Migrator->usingConnection(NULL, Object(Closure))
#19 C:\\Users\\xxxxx\\Documents\\sso-kilau\\kilauCms\\vendor\\laravel\\framework\\src\\Illuminate\\Container\\BoundMethod.php(36): Illuminate\\Database\\Console\\Migrations\\MigrateCommand->handle()
#20 C:\\Users\\xxxxx\\Documents\\sso-kilau\\kilauCms\\vendor\\laravel\\framework\\src\\Illuminate\\Container\\Util.php(41): Illuminate\\Container\\BoundMethod::Illuminate\\Container\\{closure}()
#21 C:\\Users\\xxxxx\\Documents\\sso-kilau\\kilauCms\\vendor\\laravel\\framework\\src\\Illuminate\\Container\\BoundMethod.php(93): Illuminate\\Container\\Util::unwrapIfClosure(Object(Closure))
#22 C:\\Users\\xxxxx\\Documents\\sso-kilau\\kilauCms\\vendor\\laravel\\framework\\src\\Illuminate\\Container\\BoundMethod.php(35): Illuminate\\Container\\BoundMethod::callBoundMethod(Object(Illuminate\\Foundation\\Application), Array, Object(Closure))
#23 C:\\Users\\xxxxx\\Documents\\sso-kilau\\kilauCms\\vendor\\laravel\\framework\\src\\Illuminate\\Container\\Container.php(662): Illuminate\\Container\\BoundMethod::call(Object(Illuminate\\Foundation\\Application), Array, Array, NULL)
#24 C:\\Users\\xxxxx\\Documents\\sso-kilau\\kilauCms\\vendor\\laravel\\framework\\src\\Illuminate\\Console\\Command.php(211): Illuminate\\Container\\Container->call(Array)
#25 C:\\Users\\xxxxx\\Documents\\sso-kilau\\kilauCms\\vendor\\symfony\\console\\Command\\Command.php(326): Illuminate\\Console\\Command->execute(Object(Symfony\\Component\\Console\\Input\\ArgvInput), Object(Illuminate\\Console\\OutputStyle))
#26 C:\\Users\\xxxxx\\Documents\\sso-kilau\\kilauCms\\vendor\\laravel\\framework\\src\\Illuminate\\Console\\Command.php(180): Symfony\\Component\\Console\\Command\\Command->run(Object(Symfony\\Component\\Console\\Input\\ArgvInput), Object(Illuminate\\Console\\OutputStyle))
#27 C:\\Users\\xxxxx\\Documents\\sso-kilau\\kilauCms\\vendor\\symfony\\console\\Application.php(1096): Illuminate\\Console\\Command->run(Object(Symfony\\Component\\Console\\Input\\ArgvInput), Object(Symfony\\Component\\Console\\Output\\ConsoleOutput))
#28 C:\\Users\\xxxxx\\Documents\\sso-kilau\\kilauCms\\vendor\\symfony\\console\\Application.php(324): Symfony\\Component\\Console\\Application->doRunCommand(Object(Illuminate\\Database\\Console\\Migrations\\MigrateCommand), Object(Symfony\\Component\\Console\\Input\\ArgvInput), Object(Symfony\\Component\\Console\\Output\\ConsoleOutput))
#29 C:\\Users\\xxxxx\\Documents\\sso-kilau\\kilauCms\\vendor\\symfony\\console\\Application.php(175): Symfony\\Component\\Console\\Application->doRun(Object(Symfony\\Component\\Console\\Input\\ArgvInput), Object(Symfony\\Component\\Console\\Output\\ConsoleOutput))
#30 C:\\Users\\xxxxx\\Documents\\sso-kilau\\kilauCms\\vendor\\laravel\\framework\\src\\Illuminate\\Foundation\\Console\\Kernel.php(201): Symfony\\Component\\Console\\Application->run(Object(Symfony\\Component\\Console\\Input\\ArgvInput), Object(Symfony\\Component\\Console\\Output\\ConsoleOutput))
#31 C:\\Users\\xxxxx\\Documents\\sso-kilau\\kilauCms\\artisan(35): Illuminate\\Foundation\\Console\\Kernel->handle(Object(Symfony\\Component\\Console\\Input\\ArgvInput), Object(Symfony\\Component\\Console\\Output\\ConsoleOutput))
#32 {main}

[previous exception] [object] (PDOException(code: 42S02): SQLSTATE[42S02]: Base table or view not found: 1146 Table 'klauindonesia_cms.donasi_histories' doesn't exist at C:\\Users\\xxxxx\\Documents\\sso-kilau\\kilauCms\\vendor\\laravel\\framework\\src\\Illuminate\\Database\\Connection.php:587)
[stacktrace]
#0 C:\\Users\\xxxxx\\Documents\\sso-kilau\\kilauCms\\vendor\\laravel\\framework\\src\\Illuminate\\Database\\Connection.php(587): PDOStatement->execute()
#1 C:\\Users\\xxxxx\\Documents\\sso-kilau\\kilauCms\\vendor\\laravel\\framework\\src\\Illuminate\\Database\\Connection.php(816): Illuminate\\Database\\Connection->Illuminate\\Database\\{closure}('alter table `do...', Array)
#2 C:\\Users\\xxxxx\\Documents\\sso-kilau\\kilauCms\\vendor\\laravel\\framework\\src\\Illuminate\\Database\\Connection.php(783): Illuminate\\Database\\Connection->runQueryCallback('alter table `do...', Array, Object(Closure))
#3 C:\\Users\\xxxxx\\Documents\\sso-kilau\\kilauCms\\vendor\\laravel\\framework\\src\\Illuminate\\Database\\Connection.php(576): Illuminate\\Database\\Connection->run('alter table `do...', Array, Object(Closure))
#4 C:\\Users\\xxxxx\\Documents\\sso-kilau\\kilauCms\\vendor\\laravel\\framework\\src\\Illuminate\\Database\\Schema\\Blueprint.php(110): Illuminate\\Database\\Connection->statement('alter table `do...')
#5 C:\\Users\\xxxxx\\Documents\\sso-kilau\\kilauCms\\vendor\\laravel\\framework\\src\\Illuminate\\Database\\Schema\\Builder.php(602): Illuminate\\Database\\Schema\\Blueprint->build(Object(Illuminate\\Database\\MySqlConnection), Object(Illuminate\\Database\\Schema\\Grammars\\MySqlGrammar))
#6 C:\\Users\\xxxxx\\Documents\\sso-kilau\\kilauCms\\vendor\\laravel\\framework\\src\\Illuminate\\Database\\Schema\\Builder.php(444): Illuminate\\Database\\Schema\\Builder->build(Object(Illuminate\\Database\\Schema\\Blueprint))
#7 C:\\Users\\xxxxx\\Documents\\sso-kilau\\kilauCms\\vendor\\laravel\\framework\\src\\Illuminate\\Support\\Facades\\Facade.php(355): Illuminate\\Database\\Schema\\Builder->table('donasi_historie...', Object(Closure))
#8 C:\\Users\\xxxxx\\Documents\\sso-kilau\\kilauCms\\database\\migrations\\2026_07_21_000001_add_user_created_index_to_donasi_histories.php(10): Illuminate\\Support\\Facades\\Facade::__callStatic('table', Array)
#9 C:\\Users\\xxxxx\\Documents\\sso-kilau\\kilauCms\\vendor\\laravel\\framework\\src\\Illuminate\\Database\\Migrations\\Migrator.php(493): Illuminate\\Database\\Migrations\\Migration@anonymous->up()
#10 C:\\Users\\xxxxx\\Documents\\sso-kilau\\kilauCms\\vendor\\laravel\\framework\\src\\Illuminate\\Database\\Migrations\\Migrator.php(410): Illuminate\\Database\\Migrations\\Migrator->runMethod(Object(Illuminate\\Database\\MySqlConnection), Object(Illuminate\\Database\\Migrations\\Migration@anonymous), 'up')
#11 C:\\Users\\xxxxx\\Documents\\sso-kilau\\kilauCms\\vendor\\laravel\\framework\\src\\Illuminate\\Database\\Migrations\\Migrator.php(419): Illuminate\\Database\\Migrations\\Migrator->Illuminate\\Database\\Migrations\\{closure}()
#12 C:\\Users\\xxxxx\\Documents\\sso-kilau\\kilauCms\\vendor\\laravel\\framework\\src\\Illuminate\\Database\\Migrations\\Migrator.php(216): Illuminate\\Database\\Migrations\\Migrator->runMigration(Object(Illuminate\\Database\\Migrations\\Migration@anonymous), 'up')
#13 C:\\Users\\xxxxx\\Documents\\sso-kilau\\kilauCms\\vendor\\laravel\\framework\\src\\Illuminate\\Console\\View\\Components\\Task.php(37): Illuminate\\Database\\Migrations\\Migrator->Illuminate\\Database\\Migrations\\{closure}()
#14 C:\\Users\\xxxxx\\Documents\\sso-kilau\\kilauCms\\vendor\\laravel\\framework\\src\\Illuminate\\Database\\Migrations\\Migrator.php(756): Illuminate\\Console\\View\\Components\\Task->render('2026_07_21_0000...', Object(Closure))
#15 C:\\Users\\xxxxx\\Documents\\sso-kilau\\kilauCms\\vendor\\laravel\\framework\\src\\Illuminate\\Database\\Migrations\\Migrator.php(216): Illuminate\\Database\\Migrations\\Migrator->write('Illuminate\\\\Cons...', '2026_07_21_0000...', Object(Closure))
#16 C:\\Users\\xxxxx\\Documents\\sso-kilau\\kilauCms\\vendor\\laravel\\framework\\src\\Illuminate\\Database\\Migrations\\Migrator.php(181): Illuminate\\Database\\Migrations\\Migrator->runUp('C:\\\\Users\\\\xxxxx\\\\...', 46, false)
#17 C:\\Users\\xxxxx\\Documents\\sso-kilau\\kilauCms\\vendor\\laravel\\framework\\src\\Illuminate\\Database\\Migrations\\Migrator.php(124): Illuminate\\Database\\Migrations\\Migrator->runPending(Array, Array)
#18 C:\\Users\\xxxxx\\Documents\\sso-kilau\\kilauCms\\vendor\\laravel\\framework\\src\\Illuminate\\Database\\Console\\Migrations\\MigrateCommand.php(90): Illuminate\\Database\\Migrations\\Migrator->run(Array, Array)
#19 C:\\Users\\xxxxx\\Documents\\sso-kilau\\kilauCms\\vendor\\laravel\\framework\\src\\Illuminate\\Database\\Migrations\\Migrator.php(633): Illuminate\\Database\\Console\\Migrations\\MigrateCommand->Illuminate\\Database\\Console\\Migrations\\{closure}()
#20 C:\\Users\\xxxxx\\Documents\\sso-kilau\\kilauCms\\vendor\\laravel\\framework\\src\\Illuminate\\Database\\Console\\Migrations\\MigrateCommand.php(83): Illuminate\\Database\\Migrations\\Migrator->usingConnection(NULL, Object(Closure))
#21 C:\\Users\\xxxxx\\Documents\\sso-kilau\\kilauCms\\vendor\\laravel\\framework\\src\\Illuminate\\Container\\BoundMethod.php(36): Illuminate\\Database\\Console\\Migrations\\MigrateCommand->handle()
#22 C:\\Users\\xxxxx\\Documents\\sso-kilau\\kilauCms\\vendor\\laravel\\framework\\src\\Illuminate\\Container\\Util.php(41): Illuminate\\Container\\BoundMethod::Illuminate\\Container\\{closure}()
#23 C:\\Users\\xxxxx\\Documents\\sso-kilau\\kilauCms\\vendor\\laravel\\framework\\src\\Illuminate\\Container\\BoundMethod.php(93): Illuminate\\Container\\Util::unwrapIfClosure(Object(Closure))
#24 C:\\Users\\xxxxx\\Documents\\sso-kilau\\kilauCms\\vendor\\laravel\\framework\\src\\Illuminate\\Container\\BoundMethod.php(35): Illuminate\\Container\\BoundMethod::callBoundMethod(Object(Illuminate\\Foundation\\Application), Array, Object(Closure))
#25 C:\\Users\\xxxxx\\Documents\\sso-kilau\\kilauCms\\vendor\\laravel\\framework\\src\\Illuminate\\Container\\Container.php(662): Illuminate\\Container\\BoundMethod::call(Object(Illuminate\\Foundation\\Application), Array, Array, NULL)
#26 C:\\Users\\xxxxx\\Documents\\sso-kilau\\kilauCms\\vendor\\laravel\\framework\\src\\Illuminate\\Console\\Command.php(211): Illuminate\\Container\\Container->call(Array)
#27 C:\\Users\\xxxxx\\Documents\\sso-kilau\\kilauCms\\vendor\\symfony\\console\\Command\\Command.php(326): Illuminate\\Console\\Command->execute(Object(Symfony\\Component\\Console\\Input\\ArgvInput), Object(Illuminate\\Console\\OutputStyle))
#28 C:\\Users\\xxxxx\\Documents\\sso-kilau\\kilauCms\\vendor\\laravel\\framework\\src\\Illuminate\\Console\\Command.php(180): Symfony\\Component\\Console\\Command\\Command->run(Object(Symfony\\Component\\Console\\Input\\ArgvInput), Object(Illuminate\\Console\\OutputStyle))
#29 C:\\Users\\xxxxx\\Documents\\sso-kilau\\kilauCms\\vendor\\symfony\\console\\Application.php(1096): Illuminate\\Console\\Command->run(Object(Symfony\\Component\\Console\\Input\\ArgvInput), Object(Symfony\\Component\\Console\\Output\\ConsoleOutput))
#30 C:\\Users\\xxxxx\\Documents\\sso-kilau\\kilauCms\\vendor\\symfony\\console\\Application.php(324): Symfony\\Component\\Console\\Application->doRunCommand(Object(Illuminate\\Database\\Console\\Migrations\\MigrateCommand), Object(Symfony\\Component\\Console\\Input\\ArgvInput), Object(Symfony\\Component\\Console\\Output\\ConsoleOutput))
#31 C:\\Users\\xxxxx\\Documents\\sso-kilau\\kilauCms\\vendor\\symfony\\console\\Application.php(175): Symfony\\Component\\Console\\Application->doRun(Object(Symfony\\Component\\Console\\Input\\ArgvInput), Object(Symfony\\Component\\Console\\Output\\ConsoleOutput))
#32 C:\\Users\\xxxxx\\Documents\\sso-kilau\\kilauCms\\vendor\\laravel\\framework\\src\\Illuminate\\Foundation\\Console\\Kernel.php(201): Symfony\\Component\\Console\\Application->run(Object(Symfony\\Component\\Console\\Input\\ArgvInput), Object(Symfony\\Component\\Console\\Output\\ConsoleOutput))
#33 C:\\Users\\xxxxx\\Documents\\sso-kilau\\kilauCms\\artisan(35): Illuminate\\Foundation\\Console\\Kernel->handle(Object(Symfony\\Component\\Console\\Input\\ArgvInput), Object(Symfony\\Component\\Console\\Output\\ConsoleOutput))
#34 {main}
"} 
[2026-07-21 08:00:35] local.ERROR: SQLSTATE[HY000]: General error: 1267 Illegal mix of collations (utf8mb4_general_ci,IMPLICIT) and (utf8mb4_unicode_ci,IMPLICIT) for operation '=' {"exception":"[object] (PDOException(code: HY000): SQLSTATE[HY000]: General error: 1267 Illegal mix of collations (utf8mb4_general_ci,IMPLICIT) and (utf8mb4_unicode_ci,IMPLICIT) for operation '=' at C:\\Users\\xxxxx\\Documents\\sso-kilau\\kilauCms\\storage\\app\\recovery\\restore_donation_tables.php:89)
[stacktrace]
#0 C:\\Users\\xxxxx\\Documents\\sso-kilau\\kilauCms\\storage\\app\\recovery\\restore_donation_tables.php(89): PDO->query('SELECT COUNT(*)...')
#1 {main}
"} 
[2026-07-22 02:16:23] local.WARNING: KM12 employee resolver unavailable. {"message":"cURL error 7: Failed to connect to 127.0.0.1 port 8002 after 2024 ms: Couldn't connect to server (see https://curl.haxx.se/libcurl/c/libcurl-errors.html) for http://127.0.0.1:8002/api/internal/employees/resolve?global_user_id=019f82c1-9ff7-716e-9815-61b915adbf6f&email=pedri%40gmail.com"} 
[2026-07-22 02:28:40] local.ERROR: The "--columns" option does not exist. {"exception":"[object] (Symfony\\Component\\Console\\Exception\\RuntimeException(code: 0): The \"--columns\" option does not exist. at C:\\Users\\xxxxx\\Documents\\sso-kilau\\kilauCms\\vendor\\symfony\\console\\Input\\ArgvInput.php:223)
[stacktrace]
#0 C:\\Users\\xxxxx\\Documents\\sso-kilau\\kilauCms\\vendor\\symfony\\console\\Input\\ArgvInput.php(150): Symfony\\Component\\Console\\Input\\ArgvInput->addLongOption('columns', 'Method,URI,Name...')
#1 C:\\Users\\xxxxx\\Documents\\sso-kilau\\kilauCms\\vendor\\symfony\\console\\Input\\ArgvInput.php(85): Symfony\\Component\\Console\\Input\\ArgvInput->parseLongOption('--columns=Metho...')
#2 C:\\Users\\xxxxx\\Documents\\sso-kilau\\kilauCms\\vendor\\symfony\\console\\Input\\ArgvInput.php(74): Symfony\\Component\\Console\\Input\\ArgvInput->parseToken('--columns=Metho...', true)
#3 C:\\Users\\xxxxx\\Documents\\sso-kilau\\kilauCms\\vendor\\symfony\\console\\Input\\Input.php(56): Symfony\\Component\\Console\\Input\\ArgvInput->parse()
#4 C:\\Users\\xxxxx\\Documents\\sso-kilau\\kilauCms\\vendor\\symfony\\console\\Command\\Command.php(285): Symfony\\Component\\Console\\Input\\Input->bind(Object(Symfony\\Component\\Console\\Input\\InputDefinition))
#5 C:\\Users\\xxxxx\\Documents\\sso-kilau\\kilauCms\\vendor\\laravel\\framework\\src\\Illuminate\\Console\\Command.php(180): Symfony\\Component\\Console\\Command\\Command->run(Object(Symfony\\Component\\Console\\Input\\ArgvInput), Object(Illuminate\\Console\\OutputStyle))
#6 C:\\Users\\xxxxx\\Documents\\sso-kilau\\kilauCms\\vendor\\symfony\\console\\Application.php(1096): Illuminate\\Console\\Command->run(Object(Symfony\\Component\\Console\\Input\\ArgvInput), Object(Symfony\\Component\\Console\\Output\\ConsoleOutput))
#7 C:\\Users\\xxxxx\\Documents\\sso-kilau\\kilauCms\\vendor\\symfony\\console\\Application.php(324): Symfony\\Component\\Console\\Application->doRunCommand(Object(Illuminate\\Foundation\\Console\\RouteListCommand), Object(Symfony\\Component\\Console\\Input\\ArgvInput), Object(Symfony\\Component\\Console\\Output\\ConsoleOutput))
#8 C:\\Users\\xxxxx\\Documents\\sso-kilau\\kilauCms\\vendor\\symfony\\console\\Application.php(175): Symfony\\Component\\Console\\Application->doRun(Object(Symfony\\Component\\Console\\Input\\ArgvInput), Object(Symfony\\Component\\Console\\Output\\ConsoleOutput))
#9 C:\\Users\\xxxxx\\Documents\\sso-kilau\\kilauCms\\vendor\\laravel\\framework\\src\\Illuminate\\Foundation\\Console\\Kernel.php(201): Symfony\\Component\\Console\\Application->run(Object(Symfony\\Component\\Console\\Input\\ArgvInput), Object(Symfony\\Component\\Console\\Output\\ConsoleOutput))
#10 C:\\Users\\xxxxx\\Documents\\sso-kilau\\kilauCms\\artisan(35): Illuminate\\Foundation\\Console\\Kernel->handle(Object(Symfony\\Component\\Console\\Input\\ArgvInput), Object(Symfony\\Component\\Console\\Output\\ConsoleOutput))
#11 {main}
"} 
